esp_id,timestamp,rssi,csi
esp_id,timestamp,rssi,csi
rx1,2026-05-02 20:40:57.687,-60,"[82, -96, 4, 0, -15, 19, -12, 14, -10, 9, -9, 3, -9, -3, -10, -8, -13, -13, -15, -16, -19, -18, -21, -18, -24, -17, -26, -16, -26, -13, -25, -10, -23, -7, -19, -3, -15, -1, -10, 1, -5, 2, 0, 2, 5, 2, 9, 0, 12, -1, 14, -3, 15, -5, 0, 0, 0, 0, 0, 0, 0, 0, 0, 0, 0, 0, 0, 0, 0, 0, 0, 0, 0, 0, 0, 0, 13, -1, 11, 3, 9, 6, 8, 10, 8, 13, 9, 16, 9, 19, 11, 22, 13, 24, 14, 26, 15, 25, 15, 24, 14, 22, 12, 20, 9, 18, 6, 16, 1, 15, -3, 15, -8, 15, -13, 16, -17, 18, -21, 21, -23, 23, -24, 25, -23, 28, -22, 28, 0, 0, -34, 51, -34, 49, -36, 48, -36, 43, -39, 42, -38, 39, -39, 39, -37, 34, -37, 33, -38, 31, -37, 30, -38, 30, -40, 27, -40, 25, -40, 22, -40, 19, -41, 17, -41, 13, -39, 10, -38, 7, -36, 3, -35, 2, -34, 0, -33, -3, -32, -4, -31, -8, -27, -11, -24, -15, 0, 0, 0, 0, 0, 0, 0, 0, 0, 0, 0, 0, 0, 0, 23, 39, 19, 43, 16, 42, 14, 44, 12, 44, 11, 46, 9, 47, 8, 49, 6, 51, 4, 51, 4, 54, 2, 56, 0, 57, -1, 56, -4, 58, -5, 59, -8, 59, -9, 59, -11, 58, -13, 58, -14, 60, -17, 60, -19, 59, -21, 59, -22, 57, -25, 58, -28, 60, -30, 57]"
rx1,2026-05-02 20:40:57.776,-58,"[97, -112, 5, 0, 17, 7, 19, 10, 21, 11, 23, 12, 23, 11, 24, 8, 24, 6, 21, 4, 19, 1, 15, 0, 11, -1, 7, -1, 2, 1, 0, 3, -4, 5, -6, 8, -7, 10, -7, 13, -6, 14, -4, 15, -3, 15, -1, 15, 1, 13, 3, 11, 4, 8, 0, 0, 0, 0, 0, 0, 0, 0, 0, 0, 0, 0, 0, 0, 0, 0, 0, 0, 0, 0, 0, 0, -3, -18, -3, -21, -4, -24, -5, -25, -6, -27, -8, -27, -8, -26, -8, -25, -7, -23, -4, -21, -1, -18, 3, -17, 8, -15, 12, -15, 16, -15, 19, -17, 21, -17, 23, -19, 23, -20, 23, -22, 22, -21, 20, -21, 18, -18, 17, -15, 15, -11, 15, -7, 0, 0, 26, -4, 27, -3, 25, -1, 24, 1, 23, 2, 20, 5, 19, 4, 17, 6, 15, 7, 14, 8, 13, 8, 10, 9, 9, 10, 9, 11, 7, 10, 4, 11, 3, 12, 1, 12, 0, 12, -2, 10, -4, 10, -4, 10, -6, 9, -8, 9, -8, 8, -9, 6, -11, 6, -13, 3, 0, 0, 0, 0, 0, 0, 0, 0, 0, 0, 0, 0, 0, 0, 2, -26, 4, -26, 5, -26, 7, -27, 9, -27, 10, -28, 11, -28, 13, -29, 14, -29, 17, -29, 17, -30, 20, -30, 21, -29, 22, -26, 25, -26, 24, -24, 24, -24, 26, -22, 26, -22, 26, -20, 27, -20, 28, -19, 28, -17, 29, -16, 30, -14, 30, -12, 29, -11, 31, -10]"
rx1,2026-05-02 20:40:57.978,-57,"[97, -112, 5, 0, 6, 25, 8, 25, 10, 24, 11, 23, 11, 19, 11, 16, 10, 13, 7, 10, 5, 8, 2, 7, -1, 7, -4, 7, -7, 8, -9, 10, -10, 12, -10, 14, -9, 15, -8, 15, -6, 15, -4, 14, -2, 13, -1, 10, 1, 8, 1, 5, 0, 3, 0, 0, 0, 0, 0, 0, 0, 0, 0, 0, 0, 0, 0, 0, 0, 0, 0, 0, 0, 0, 0, 0, 15, 5, 15, 6, 15, 7, 16, 9, 15, 10, 16, 11, 16, 13, 17, 14, 18, 15, 18, 16, 18, 16, 19, 17, 19, 17, 19, 17, 20, 17, 18, 15, 18, 14, 16, 14, 16, 13, 15, 13, 12, 13, 10, 14, 8, 15, 7, 18, 6, 20, 6, 21, 0, 0, 16, 42, 16, 43, 14, 41, 13, 41, 10, 40, 8, 40, 8, 38, 6, 37, 7, 35, 5, 34, 3, 34, 3, 33, 1, 32, 0, 31, 0, 30, -2, 29, -5, 29, -5, 26, -7, 25, -8, 23, -8, 21, -10, 20, -10, 19, -11, 17, -13, 16, -13, 14, -15, 12, -15, 9, 0, 0, 0, 0, 0, 0, 0, 0, 0, 0, 0, 0, 0, 0, 33, 21, 31, 24, 30, 25, 29, 26, 29, 29, 29, 28, 30, 32, 29, 33, 29, 34, 30, 36, 29, 36, 29, 40, 29, 39, 27, 40, 26, 41, 26, 40, 24, 40, 26, 41, 26, 40, 24, 42, 24, 41, 25, 41, 23, 42, 23, 41, 23, 44, 22, 44, 21, 44, 20, 43]"
rx1,2026-05-02 20:40:58.185,-57,"[97, -112, 5, 0, 20, 11, 22, 11, 22, 10, 22, 9, 21, 7, 19, 5, 17, 3, 14, 2, 11, 2, 8, 2, 6, 4, 4, 6, 3, 9, 3, 11, 3, 13, 4, 15, 5, 15, 6, 15, 8, 13, 8, 11, 8, 9, 7, 7, 6, 4, 4, 2, 2, 1, 0, 0, 0, 0, 0, 0, 0, 0, 0, 0, 0, 0, 0, 0, 0, 0, 0, 0, 0, 0, 0, 0, 20, -7, 20, -7, 21, -6, 21, -7, 21, -7, 20, -7, 20, -6, 20, -4, 20, -3, 20, -2, 20, -1, 21, 1, 23, 2, 23, 2, 24, 2, 24, 1, 25, 1, 25, 0, 23, -1, 23, -1, 21, -1, 20, 0, 18, 1, 18, 3, 18, 5, 18, 7, 0, 0, 36, 13, 36, 14, 35, 14, 34, 16, 33, 16, 31, 16, 30, 16, 29, 16, 28, 16, 27, 17, 26, 17, 25, 18, 22, 18, 22, 18, 20, 19, 19, 19, 17, 20, 16, 21, 14, 20, 12, 20, 10, 20, 8, 19, 6, 19, 5, 19, 3, 18, 1, 19, -1, 19, -4, 17, 0, 0, 0, 0, 0, 0, 0, 0, 0, 0, 0, 0, 0, 0, 33, -7, 33, -3, 34, -1, 34, 0, 34, 1, 35, 1, 35, 3, 37, 3, 37, 3, 38, 4, 38, 4, 39, 5, 40, 6, 38, 6, 39, 7, 39, 7, 38, 8, 39, 8, 40, 8, 39, 8, 39, 8, 39, 7, 40, 8, 39, 8, 40, 9, 40, 10, 39, 10, 41, 12]"
rx1,2026-05-02 20:40:58.379,-57,"[97, -112, 5, 0, 27, 0, 28, -1, 28, -2, 27, -4, 25, -6, 23, -7, 20, -7, 17, -6, 14, -5, 12, -2, 10, 1, 10, 4, 10, 7, 12, 9, 13, 11, 14, 13, 16, 12, 16, 11, 17, 9, 16, 7, 14, 5, 12, 3, 10, 2, 7, 2, 4, 2, 0, 0, 0, 0, 0, 0, 0, 0, 0, 0, 0, 0, 0, 0, 0, 0, 0, 0, 0, 0, 0, 0, 16, -15, 16, -15, 16, -15, 16, -16, 16, -15, 15, -16, 15, -14, 16, -14, 17, -12, 18, -10, 19, -9, 21, -9, 23, -9, 24, -9, 25, -10, 25, -11, 24, -13, 24, -14, 22, -14, 21, -14, 19, -13, 19, -11, 19, -9, 19, -7, 20, -4, 22, -3, 0, 0, 42, -13, 45, -16, 40, -14, 44, -11, 41, -10, 40, -9, 40, -9, 39, -7, 37, -7, 40, -5, 37, -3, 37, -3, 36, -1, 34, 0, 36, -1, 32, 2, 34, 5, 30, 6, 29, 7, 29, 9, 26, 11, 25, 10, 23, 13, 21, 14, 19, 15, 17, 15, 16, 18, 11, 18, 0, 0, 0, 0, 0, 0, 0, 0, 0, 0, 0, 0, 0, 0, 26, -24, 28, -21, 28, -19, 29, -18, 31, -21, 29, -19, 33, -19, 32, -19, 33, -20, 35, -19, 35, -19, 40, -20, 38, -19, 38, -18, 39, -18, 39, -17, 37, -17, 41, -21, 38, -19, 40, -19, 39, -17, 38, -22, 41, -19, 40, -21, 44, -19, 44, -19, 45, -19, 44, -18]"
rx1,2026-05-02 20:40:58.581,-58,"[97, -112, 5, 0, -17, -9, -14, -11, -12, -13, -11, -15, -10, -17, -11, -19, -12, -21, -14, -20, -16, -20, -17, -18, -18, -17, -18, -14, -17, -12, -15, -10, -12, -8, -8, -7, -5, -6, -1, -7, 2, -9, 4, -10, 6, -12, 6, -14, 6, -15, 5, -17, 4, -17, 0, 0, 0, 0, 0, 0, 0, 0, 0, 0, 0, 0, 0, 0, 0, 0, 0, 0, 0, 0, 0, 0, -18, -2, -17, -3, -17, -4, -18, -4, -17, -5, -18, -6, -19, -6, -20, -7, -21, -7, -21, -7, -21, -6, -21, -7, -20, -7, -20, -7, -19, -8, -19, -9, -19, -9, -19, -11, -21, -11, -22, -12, -23, -12, -24, -12, -25, -11, -26, -10, -25, -9, -24, -8, 0, 0, -43, -4, -42, -4, -40, -4, -40, -4, -37, -5, -36, -5, -35, -4, -34, -5, -33, -4, -33, -4, -31, -5, -30, -4, -28, -4, -27, -5, -27, -6, -25, -5, -24, -6, -22, -8, -22, -8, -21, -9, -19, -8, -16, -10, -15, -8, -14, -8, -12, -9, -10, -9, -10, -9, -7, -9, 0, 0, 0, 0, 0, 0, 0, 0, 0, 0, 0, 0, 0, 0, -35, 2, -36, -1, -36, -2, -36, -2, -37, -3, -36, -2, -38, -3, -38, -3, -39, -3, -40, -3, -40, -3, -42, -3, -42, -3, -42, -4, -43, -4, -42, -3, -41, -2, -43, -3, -42, -2, -43, -3, -42, -2, -43, -1, -44, -1, -43, -1, -44, -1, -45, -2, -44, -2, -45, -2]"
rx1,2026-05-02 20:40:58.784,-59,"[97, -112, 5, 0, 18, 19, 18, 18, 17, 16, 18, 14, 16, 12, 14, 10, 12, 8, 9, 6, 6, 6, 3, 7, 0, 9, -2, 10, -4, 13, -4, 15, -4, 17, -3, 20, -1, 21, 0, 20, 2, 19, 3, 17, 5, 14, 5, 12, 5, 8, 4, 5, 3, 3, 0, 0, 0, 0, 0, 0, 0, 0, 0, 0, 0, 0, 0, 0, 0, 0, 0, 0, 0, 0, 0, 0, 14, 0, 14, 1, 16, 1, 17, 1, 18, 2, 19, 1, 20, 1, 20, 1, 21, 2, 21, 2, 20, 3, 20, 4, 20, 5, 20, 5, 19, 6, 19, 6, 18, 7, 18, 7, 17, 8, 18, 9, 16, 10, 17, 11, 16, 13, 16, 15, 16, 16, 17, 17, 0, 0, 39, 25, 42, 26, 37, 25, 38, 29, 34, 28, 32, 29, 31, 28, 29, 28, 30, 27, 29, 29, 27, 29, 24, 30, 24, 29, 21, 29, 22, 31, 19, 28, 17, 31, 15, 30, 12, 29, 9, 29, 8, 28, 4, 27, 3, 27, 1, 26, -1, 25, -3, 23, -6, 24, -9, 21, 0, 0, 0, 0, 0, 0, 0, 0, 0, 0, 0, 0, 0, 0, 29, -2, 29, 1, 29, 1, 28, 3, 32, 3, 31, 4, 33, 7, 33, 6, 35, 6, 37, 8, 37, 8, 40, 10, 40, 10, 39, 12, 39, 13, 40, 13, 38, 14, 44, 14, 40, 13, 42, 16, 41, 17, 42, 15, 42, 18, 43, 17, 45, 20, 45, 22, 43, 23, 43, 23]"
rx1,2026-05-02 20:40:58.983,-54,"[97, -112, 5, 0, -17, 19, -18, 20, -18, 22, -16, 23, -14, 23, -12, 23, -10, 21, -8, 19, -6, 17, -7, 14, -7, 11, -8, 7, -10, 5, -14, 3, -16, 2, -19, 1, -20, 2, -21, 2, -21, 4, -21, 5, -19, 5, -17, 6, -15, 6, -12, 5, -9, 4, 0, 0, 0, 0, 0, 0, 0, 0, 0, 0, 0, 0, 0, 0, 0, 0, 0, 0, 0, 0, 0, 0, 5, 18, 5, 18, 6, 19, 7, 19, 8, 18, 8, 18, 7, 18, 6, 17, 4, 17, 2, 17, 0, 18, -3, 19, -5, 20, -6, 22, -6, 24, -6, 25, -5, 26, -3, 27, -2, 27, -1, 26, 0, 25, 0, 23, -2, 20, -5, 19, -7, 18, -9, 18, 0, 0, -19, 34, -20, 35, -19, 34, -21, 33, -22, 31, -23, 30, -21, 29, -22, 28, -21, 26, -21, 26, -21, 25, -23, 23, -22, 22, -24, 21, -23, 20, -23, 18, -24, 17, -24, 15, -23, 13, -24, 11, -24, 9, -24, 7, -23, 6, -22, 4, -22, 1, -21, 0, -21, -3, -20, -6, 0, 0, 0, 0, 0, 0, 0, 0, 0, 0, 0, 0, 0, 0, 1, 25, -1, 26, -1, 26, -3, 25, -3, 26, -3, 28, -3, 29, -4, 29, -5, 30, -5, 31, -6, 32, -7, 34, -8, 34, -10, 34, -9, 34, -10, 34, -11, 34, -10, 35, -10, 35, -12, 35, -13, 35, -11, 37, -13, 36, -12, 38, -14, 37, -16, 38, -18, 38, -17, 37]"
rx1,2026-05-02 20:40:59.179,-54,"[97, -112, 5, 0, -9, 27, -7, 26, -6, 22, -5, 19, -6, 16, -7, 14, -10, 12, -12, 11, -13, 11, -16, 12, -17, 14, -17, 15, -17, 17, -16, 18, -14, 19, -11, 18, -10, 16, -8, 14, -7, 11, -6, 8, -6, 5, -6, 3, -8, 1, -9, -1, -10, -3, 0, 0, 0, 0, 0, 0, 0, 0, 0, 0, 0, 0, 0, 0, 0, 0, 0, 0, 0, 0, 0, 0, 6, 16, 4, 15, 2, 14, 1, 14, -2, 14, -4, 16, -6, 18, -8, 20, -9, 23, -9, 25, -8, 27, -7, 29, -5, 29, -3, 28, -3, 27, -1, 25, -1, 23, -3, 21, -4, 19, -6, 19, -9, 19, -11, 20, -14, 21, -14, 24, -14, 26, -14, 28, 0, 0, -13, 56, -14, 58, -14, 55, -15, 54, -14, 52, -12, 52, -12, 50, -11, 50, -11, 46, -11, 48, -11, 47, -11, 46, -11, 45, -11, 43, -12, 45, -13, 42, -16, 43, -15, 39, -16, 36, -17, 35, -16, 32, -18, 30, -19, 28, -19, 25, -19, 24, -20, 20, -22, 19, -23, 15, 0, 0, 0, 0, 0, 0, 0, 0, 0, 0, 0, 0, 0, 0, 0, 40, -2, 42, -4, 40, -5, 39, -6, 44, -7, 43, -8, 46, -9, 46, -8, 49, -9, 51, -10, 50, -12, 55, -12, 54, -12, 53, -13, 55, -13, 55, -13, 52, -14, 57, -13, 55, -13, 56, -13, 56, -12, 57, -12, 58, -10, 58, -12, 59, -13, 61, -13, 59, -12, 60]"
rx1,2026-05-02 20:40:59.383,-55,"[97, -112, 5, 0, -27, -14, -24, -11, -19, -9, -15, -8, -11, -7, -6, -9, -2, -11, 0, -13, 2, -17, 2, -20, 1, -23, 0, -25, -2, -26, -4, -26, -6, -24, -7, -22, -8, -18, -7, -15, -6, -11, -5, -8, -2, -5, 0, -2, 3, -1, 6, 0, 8, 1, 0, 0, 0, 0, 0, 0, 0, 0, 0, 0, 0, 0, 0, 0, 0, 0, 0, 0, 0, 0, 0, 0, -10, 15, -11, 11, -12, 8, -14, 5, -16, 3, -19, 1, -22, 0, -26, -1, -29, 0, -31, 0, -32, 1, -32, 3, -31, 4, -29, 5, -26, 4, -23, 4, -20, 2, -18, -1, -17, -5, -16, -9, -16, -13, -19, -17, -20, -19, -23, -21, -26, -22, -29, -21, 0, 0, -56, -28, -56, -30, -56, -30, -52, -30, -50, -32, -49, -30, -47, -30, -46, -30, -45, -29, -42, -31, -42, -32, -39, -32, -37, -31, -38, -34, -35, -34, -33, -35, -29, -35, -26, -36, -25, -35, -22, -34, -20, -33, -16, -32, -13, -31, -10, -32, -7, -30, -4, -30, -2, -29, 2, -27, 0, 0, 0, 0, 0, 0, 0, 0, 0, 0, 0, 0, 0, 0, -45, 13, -48, 9, -50, 6, -51, 4, -51, 3, -52, 1, -54, 0, -56, -3, -57, -3, -58, -6, -59, -7, -60, -9, -62, -11, -61, -13, -60, -15, -60, -16, -60, -16, -62, -16, -62, -17, -60, -18, -60, -19, -62, -18, -60, -19, -61, -20, -60, -22, -62, -24, -62, -26, -63, -27]"
rx1,2026-05-02 20:40:59.584,-56,"[97, -112, 5, 0, -2, -24, -2, -21, -1, -18, 0, -16, 2, -14, 3, -14, 6, -14, 7, -15, 7, -17, 7, -18, 6, -20, 5, -21, 3, -21, 2, -21, 0, -19, -2, -17, -3, -15, -2, -12, -1, -9, -1, -7, 2, -5, 3, -3, 5, -3, 8, -3, 9, -4, 0, 0, 0, 0, 0, 0, 0, 0, 0, 0, 0, 0, 0, 0, 0, 0, 0, 0, 0, 0, 0, 0, -9, -20, -8, -18, -6, -17, -5, -17, -3, -18, -2, -18, 0, -19, 1, -22, 2, -23, 1, -25, 1, -26, 0, -27, -1, -27, -2, -27, -2, -26, -2, -25, -2, -23, -1, -23, 0, -22, 2, -22, 2, -23, 3, -25, 3, -26, 3, -27, 1, -28, 0, -28, -1, -1, -5, -49, -6, -47, -6, -44, -5, -41, -4, -39, -1, -36, 0, -35, 3, -34, 2, -34, 3, -36, 3, -37, 2, -39, 1, -39, -1, -39, -2, -39, -4, -36, -4, -35, -4, -32, -3, -28, -2, -25, -1, -22, 2, -19, 4, -17, 6, -16, 9, -16, 10, -15, 5, -23, 7, -21, 0, 0, -1, -1, -1, -1, 0, 0, 0, 0, 0, 0, -1, -1, -11, -41, -8, -42, -11, -39, -10, -39, -9, -39, -7, -38, -5, -39, -4, -40, -2, -42, 0, -45, 0, -47, 0, -49, -1, -50, -1, -51, -2, -52, -3, -52, -4, -50, -5, -49, -4, -47, -4, -47, -2, -46, -2, -47, -1, -47, 0, -49, 0, -50, -1, -52, -2, -53, -4, -53]"
rx1,2026-05-02 20:40:59.785,-56,"[97, -112, 5, 0, -21, -11, -18, -10, -14, -10, -12, -11, -10, -12, -9, -14, -8, -16, -9, -18, -11, -20, -12, -20, -14, -20, -15, -19, -16, -16, -17, -15, -16, -11, -14, -10, -11, -8, -8, -7, -5, -6, -2, -7, 1, -8, 3, -9, 4, -11, 4, -12, 4, -13, 0, 0, 0, 0, 0, 0, 0, 0, 0, 0, 0, 0, 0, 0, 0, 0, 0, 0, 0, 0, 0, 0, -17, -2, -16, -3, -16, -5, -15, -7, -16, -9, -17, -10, -18, -11, -20, -12, -22, -12, -23, -13, -24, -12, -24, -11, -24, -10, -22, -9, -20, -8, -19, -8, -17, -9, -17, -11, -16, -12, -17, -14, -18, -16, -20, -17, -21, -18, -23, -18, -24, -17, -24, -15, -1, -1, -46, -18, -44, -17, -40, -15, -37, -16, -34, -17, -31, -18, -29, -19, -28, -22, -29, -22, -30, -25, -31, -25, -33, -24, -34, -23, -34, -22, -35, -19, -33, -17, -30, -16, -27, -14, -23, -14, -19, -13, -15, -14, -12, -15, -9, -17, -7, -18, -6, -20, -4, -21, -16, -19, -13, -19, 0, 0, -1, -1, -1, -1, 0, 0, 0, 0, 0, 0, -1, -1, -41, -3, -40, -7, -37, -6, -35, -8, -36, -9, -35, -11, -37, -13, -38, -15, -40, -17, -42, -19, -45, -18, -46, -20, -47, -19, -48, -19, -47, -18, -45, -17, -44, -16, -44, -15, -41, -16, -41, -17, -40, -19, -41, -20, -41, -22, -44, -22, -46, -24, -47, -24, -48, -23, -49, -22]"
rx1,2026-05-02 20:40:59.824,-54,"[126, 96, 7, 0, -21, -17, -20, -15, -17, -14, -14, -13, -12, -13, -11, -14, -9, -16, -9, -16, -9, -19, -10, -20, -12, -21, -13, -20, -14, -19, -16, -18, -15, -16, -15, -15, -13, -12, -11, -11, -9, -9, -6, -9, -3, -9, -1, -10, 1, -10, 2, -12, 3, -13, 0, 0, 0, 0, 0, 0, 0, 0, 0, 0, 0, 0, 0, 0, 0, 0, 0, 0, 0, 0, 0, 0, -17, -8, -15, -8, -14, -9, -13, -10, -12, -12, -12, -14, -13, -16, -14, -18, -16, -20, -17, -21, -19, -21, -20, -20, -21, -19, -21, -17, -20, -16, -19, -14, -17, -13, -16, -13, -15, -14, -14, -16, -14, -17, -15, -20, -15, -21, -17, -23, -18, -23, -20, -22, -1, -1, -46, -27, -46, -24, -43, -22, -42, -22, -38, -21, -35, -21, -34, -21, -31, -22, -31, -22, -31, -24, -32, -26, -32, -26, -34, -26, -34, -26, -36, -24, -34, -21, -33, -22, -32, -20, -28, -18, -25, -18, -20, -18, -17, -18, -14, -19, -11, -20, -9, -21, -8, -22, -18, -21, -14, -22, 0, 0, -1, -1, -1, -1, 0, 0, 0, 0, 0, 0, -1, -1, -41, -11, -41, -13, -36, -15, -35, -16, -34, -17, -33, -19, -33, -21, -34, -22, -36, -25, -36, -28, -39, -28, -41, -30, -43, -31, -44, -31, -45, -30, -44, -28, -44, -26, -43, -24, -42, -23, -41, -23, -40, -24, -40, -25, -38, -26, -41, -27, -42, -30, -43, -31, -45, -31, -48, -30]"
rx1,2026-05-02 20:40:59.825,-54,"[126, 96, 7, 0, -25, -4, -27, -5, -27, -5, -29, -4, -29, -3, -28, -2, -27, 0, -25, 2, -23, 2, -21, 2, -18, 1, -16, -1, -15, -3, -14, -6, -13, -9, -13, -11, -14, -13, -15, -14, -16, -14, -16, -14, -16, -13, -16, -11, -15, -10, -13, -9, -12, -8, 0, 0, 0, 0, 0, 0, 0, 0, 0, 0, 0, 0, 0, 0, 0, 0, 0, 0, 0, 0, 0, 0, -20, 9, -21, 10, -23, 11, -23, 12, -23, 13, -22, 15, -21, 15, -20, 14, -20, 13, -20, 10, -20, 8, -21, 6, -23, 4, -24, 3, -26, 2, -28, 3, -29, 4, -30, 5, -31, 6, -30, 8, -28, 9, -27, 9, -26, 8, -25, 8, -23, 6, -23, 4, -1, -1, -43, 6, -44, 5, -44, 3, -47, 2, -44, 2, -44, 4, -44, 5, -44, 6, -41, 6, -38, 7, -36, 6, -33, 5, -30, 2, -29, 0, -29, -2, -28, -5, -28, -10, -28, -12, -27, -13, -29, -15, -28, -15, -27, -14, -26, -14, -24, -13, -22, -13, -20, -12, -17, -9, -13, -14, -1, -1, -1, -1, -1, -1, -1, -1, 0, 0, 0, 0, 0, 0, -20, 24, -23, 24, -31, 20, -32, 20, -35, 22, -34, 22, -35, 25, -35, 25, -36, 26, -36, 25, -36, 25, -36, 22, -36, 19, -38, 17, -39, 15, -42, 12, -41, 13, -44, 14, -46, 14, -47, 17, -47, 16, -48, 17, -45, 18, -45, 20, -45, 20, -42, 18, -43, 17, -42, 13]"
rx1,2026-05-02 20:40:59.982,-55,"[97, -112, 5, 0, -5, 21, -6, 20, -7, 20, -8, 20, -9, 19, -9, 20, -9, 21, -9, 22, -7, 23, -6, 22, -5, 22, -4, 21, -3, 19, -2, 18, -2, 15, -2, 13, -3, 10, -5, 8, -6, 7, -8, 5, -9, 5, -11, 5, -11, 5, -12, 5, -12, 5, 0, 0, 0, 0, 0, 0, 0, 0, 0, 0, 0, 0, 0, 0, 0, 0, 0, 0, 0, 0, 0, 0, 3, 24, 3, 23, 3, 22, 3, 22, 3, 21, 2, 20, 1, 20, 0, 20, -1, 21, -3, 21, -5, 21, -6, 23, -6, 24, -6, 25, -6, 25, -6, 27, -5, 27, -4, 27, -3, 27, -2, 28, -1, 26, 0, 27, -1, 26, 0, 26, 0, 25, 0, 24, -1, -1, -2, 41, -4, 41, -5, 39, -6, 39, -6, 38, -8, 37, -8, 38, -8, 38, -7, 38, -6, 38, -4, 37, -3, 37, -2, 35, -2, 34, -1, 32, -1, 30, -3, 27, -4, 24, -5, 21, -7, 19, -9, 17, -11, 15, -13, 15, -14, 14, -14, 14, -15, 13, -8, 15, -9, 13, 0, 0, -1, -1, -1, -1, 0, 0, 0, 0, 0, 0, -1, -1, 3, 37, 1, 37, 3, 41, 2, 40, 2, 40, 2, 40, 1, 39, 0, 39, -1, 40, -2, 40, -2, 41, -5, 42, -6, 42, -7, 44, -8, 44, -7, 45, -7, 46, -7, 47, -6, 46, -5, 47, -2, 47, -1, 48, -1, 47, 1, 48, 0, 47, 1, 48, 0, 46, 1, 44]"
rx1,2026-05-02 20:41:00.195,-60,"[97, -112, 5, 0, -8, -24, -6, -19, -3, -14, 1, -10, 6, -8, 9, -6, 14, -6, 18, -7, 20, -9, 21, -11, 20, -14, 19, -15, 17, -16, 14, -17, 10, -15, 6, -13, 2, -10, -1, -6, -3, -2, -5, 2, -5, 6, -4, 9, -3, 11, -1, 13, 0, 13, 0, 0, 0, 0, 0, 0, 0, 0, 0, 0, 0, 0, 0, 0, 0, 0, 0, 0, 0, 0, 0, 0, -15, 7, -15, 4, -15, 0, -15, -3, -17, -7, -18, -9, -21, -12, -24, -14, -26, -15, -28, -15, -29, -14, -29, -14, -27, -12, -24, -11, -22, -10, -19, -11, -14, -11, -10, -14, -7, -16, -5, -20, -3, -23, -3, -28, -3, -31, -5, -33, -7, -34, -8, -32, -1, -1, -10, -27, -9, -25, -8, -22, -6, -20, -3, -18, -1, -16, 1, -15, 4, -14, 6, -14, 7, -16, 8, -16, 8, -17, 8, -18, 7, -17, 5, -18, 4, -16, 3, -15, 1, -13, 0, -11, -1, -8, -1, -6, -1, -3, -1, -1, 0, 1, 1, 1, 2, 2, 3, -8, 4, -6, -1, -1, -1, -1, -1, -1, -1, -1, 0, 0, 0, 0, 0, 0, -22, -6, -22, -9, -18, -2, -18, -3, -18, -6, -18, -8, -19, -10, -20, -12, -22, -14, -23, -15, -24, -16, -25, -18, -25, -18, -24, -18, -23, -18, -22, -18, -20, -17, -19, -17, -16, -18, -15, -19, -12, -20, -12, -23, -10, -24, -10, -27, -10, -29, -10, -30, -10, -31, -11, -30]"
rx1,2026-05-02 20:41:00.391,-56,"[97, -112, 5, 0, -18, 17, -17, 18, -16, 17, -16, 18, -14, 17, -12, 17, -10, 15, -9, 14, -9, 12, -9, 10, -10, 7, -11, 5, -13, 3, -15, 3, -16, 3, -17, 3, -18, 4, -18, 6, -18, 6, -16, 7, -14, 8, -12, 8, -10, 7, -7, 6, -5, 4, 0, 0, 0, 0, 0, 0, 0, 0, 0, 0, 0, 0, 0, 0, 0, 0, 0, 0, 0, 0, 0, 0, -6, 17, -8, 18, -8, 19, -8, 21, -8, 22, -8, 24, -7, 24, -6, 23, -7, 23, -7, 22, -8, 21, -9, 20, -10, 19, -12, 18, -12, 19, -13, 19, -14, 19, -13, 20, -13, 21, -13, 21, -12, 21, -12, 21, -12, 20, -13, 19, -14, 19, -14, 19, -1, -1, -27, 36, -28, 35, -28, 35, -28, 34, -27, 34, -24, 33, -23, 32, -21, 30, -20, 28, -20, 25, -21, 22, -21, 19, -22, 16, -25, 15, -26, 13, -28, 12, -29, 12, -29, 11, -30, 12, -28, 11, -27, 12, -25, 11, -22, 10, -20, 9, -17, 7, -15, 4, -20, -2, -18, -5, -1, -1, -1, -1, -1, -1, -1, -1, -1, -1, 0, 0, 0, 0, -3, 34, -7, 35, -11, 33, -12, 35, -13, 36, -13, 38, -14, 39, -13, 41, -13, 41, -13, 41, -14, 42, -16, 42, -17, 39, -18, 38, -20, 38, -21, 38, -21, 37, -22, 38, -23, 38, -22, 39, -22, 40, -21, 40, -21, 40, -21, 40, -22, 39, -23, 39, -25, 38, -25, 38]"
rx1,2026-05-02 20:41:00.588,-59,"[97, -112, 5, 0, 12, 21, 10, 17, 5, 14, 1, 11, -3, 9, -8, 9, -13, 10, -16, 12, -18, 15, -19, 17, -19, 19, -18, 21, -15, 22, -13, 22, -10, 19, -7, 18, -5, 13, -3, 9, -1, 4, -1, 0, -2, -4, -3, -8, -4, -10, -6, -12, -8, -14, 0, 0, 0, 0, 0, 0, 0, 0, 0, 0, 0, 0, 0, 0, 0, 0, 0, 0, 0, 0, 0, 0, 9, -7, 9, -4, 11, -2, 12, 1, 15, 4, 17, 6, 21, 7, 24, 7, 27, 7, 29, 7, 29, 5, 28, 5, 27, 4, 24, 3, 21, 3, 18, 4, 14, 6, 11, 9, 9, 12, 8, 17, 7, 21, 9, 24, 9, 29, 12, 30, 13, 30, 15, 29, -1, -1, 32, 46, 29, 44, 25, 39, 21, 36, 16, 33, 10, 31, 4, 31, 0, 31, -3, 33, -7, 36, -8, 37, -9, 40, -9, 42, -7, 42, -5, 43, -3, 40, -2, 38, -1, 33, -1, 28, -1, 22, -3, 17, -4, 12, -6, 8, -8, 4, -10, 2, -13, -1, -14, 23, -15, 19, -1, -1, -1, -1, -1, -1, -1, -1, -1, -1, 0, 0, 0, 0, 40, -2, 41, 3, 30, -5, 30, -1, 32, 3, 34, 6, 38, 10, 40, 12, 44, 15, 48, 17, 51, 18, 52, 19, 53, 19, 53, 19, 51, 19, 48, 19, 44, 21, 41, 21, 37, 23, 35, 27, 31, 31, 30, 36, 29, 40, 31, 44, 30, 48, 32, 50, 33, 52, 35, 51]"
rx1,2026-05-02 20:41:00.786,-52,"[97, -112, 5, 0, -22, 18, -24, 21, -23, 22, -23, 24, -20, 24, -18, 25, -15, 24, -12, 23, -10, 21, -8, 18, -8, 14, -8, 10, -10, 7, -12, 4, -15, 1, -18, 0, -21, 0, -23, 0, -23, 1, -24, 3, -23, 4, -21, 6, -19, 7, -17, 6, -15, 6, 0, 0, 0, 0, 0, 0, 0, 0, 0, 0, 0, 0, 0, 0, 0, 0, 0, 0, 0, 0, 0, 0, 4, 23, 3, 24, 2, 24, 3, 25, 2, 24, 2, 25, 1, 24, -1, 24, -3, 24, -5, 24, -7, 24, -9, 25, -11, 25, -12, 26, -12, 28, -12, 29, -12, 31, -10, 30, -8, 30, -7, 30, -6, 28, -6, 26, -7, 23, -9, 22, -11, 20, -13, 19, -1, -1, -36, 33, -39, 33, -40, 35, -38, 34, -39, 35, -36, 35, -33, 35, -30, 33, -27, 32, -24, 29, -22, 25, -23, 21, -22, 18, -24, 14, -25, 9, -29, 6, -30, 5, -32, 4, -33, 2, -34, 3, -33, 4, -32, 4, -30, 6, -28, 6, -25, 5, -22, 4, -15, -6, -12, -8, 0, 0, 0, 0, 0, -1, 0, 0, 0, 0, -1, -1, -1, -1, -7, 40, -12, 42, -3, 42, -5, 44, -6, 42, -7, 44, -8, 42, -10, 43, -10, 43, -13, 44, -16, 43, -17, 43, -20, 43, -23, 44, -25, 44, -26, 45, -26, 47, -27, 47, -25, 49, -24, 47, -23, 48, -22, 47, -22, 46, -22, 44, -21, 40, -24, 39, -27, 38, -30, 37]"
rx1,2026-05-02 20:41:00.822,-53,"[126, 96, 7, 0, -22, -4, -24, -6, -25, -6, -26, -6, -27, -5, -27, -4, -27, -2, -25, 1, -23, 2, -20, 3, -17, 3, -14, 2, -11, -1, -9, -4, -8, -6, -7, -9, -8, -12, -8, -14, -9, -15, -10, -16, -11, -15, -13, -14, -13, -12, -13, -10, -12, -9, 0, 0, 0, 0, 0, 0, 0, 0, 0, 0, 0, 0, 0, 0, 0, 0, 0, 0, 0, 0, 0, 0, -15, 17, -17, 17, -18, 18, -18, 19, -18, 20, -17, 20, -17, 20, -17, 18, -17, 17, -18, 15, -18, 12, -19, 10, -21, 8, -23, 7, -25, 6, -27, 6, -28, 7, -29, 9, -29, 10, -29, 11, -28, 11, -26, 12, -24, 12, -22, 11, -20, 8, -20, 5, -1, -1, -38, 2, -40, -1, -39, -3, -41, -4, -40, -5, -41, -4, -40, -3, -39, -2, -37, 1, -35, 2, -30, 2, -28, 1, -24, 0, -21, -2, -19, -5, -16, -9, -15, -12, -15, -14, -15, -17, -15, -18, -15, -18, -16, -18, -16, -17, -16, -15, -15, -14, -14, -11, -4, -7, -3, -7, 0, 0, -1, -1, -1, -1, 0, 0, 0, 0, 0, 0, -1, -1, -24, 27, -28, 25, -29, 27, -30, 27, -33, 29, -32, 29, -34, 30, -32, 29, -34, 29, -34, 27, -34, 26, -36, 24, -36, 21, -37, 17, -39, 15, -41, 13, -42, 13, -46, 13, -45, 13, -47, 15, -46, 16, -47, 17, -45, 17, -44, 19, -43, 17, -40, 15, -39, 13, -37, 9]"
rx1,2026-05-02 20:41:00.987,-54,"[97, -112, 5, 0, 2, 24, 2, 23, 2, 23, 3, 22, 3, 21, 2, 20, 2, 20, 2, 19, 2, 19, 1, 19, 2, 19, 2, 18, 2, 18, 3, 18, 3, 17, 3, 16, 2, 14, 2, 13, 2, 12, 0, 10, -1, 9, -3, 8, -3, 8, -5, 8, -5, 7, 0, 0, 0, 0, 0, 0, 0, 0, 0, 0, 0, 0, 0, 0, 0, 0, 0, 0, 0, 0, 0, 0, 11, 23, 11, 22, 11, 21, 10, 19, 9, 20, 8, 18, 6, 19, 4, 19, 3, 21, 1, 23, 0, 24, -1, 26, 0, 28, 1, 28, 3, 29, 5, 29, 5, 28, 7, 27, 8, 25, 8, 25, 8, 23, 7, 22, 6, 23, 5, 23, 5, 23, 4, 23, -1, -1, 14, 42, 13, 41, 14, 40, 14, 39, 15, 39, 13, 36, 13, 35, 13, 34, 13, 32, 13, 32, 13, 32, 13, 32, 13, 32, 13, 32, 14, 31, 13, 29, 12, 29, 11, 28, 11, 25, 9, 24, 7, 22, 5, 21, 3, 20, 1, 19, 0, 19, -3, 19, 4, 22, 1, 21, -1, -1, -1, -1, -1, -1, -1, -1, 0, 0, 0, 0, 0, 0, 23, 29, 21, 33, 21, 39, 21, 38, 20, 37, 19, 37, 18, 36, 17, 36, 16, 37, 14, 38, 14, 40, 11, 43, 10, 45, 9, 46, 10, 48, 11, 48, 13, 49, 15, 48, 16, 48, 17, 46, 18, 45, 19, 44, 19, 43, 19, 41, 17, 42, 16, 43, 16, 43, 16, 42]"
rx1,2026-05-02 20:41:01.186,-52,"[97, -112, 5, 0, 26, -12, 25, -12, 24, -13, 23, -13, 22, -12, 21, -13, 20, -12, 19, -11, 19, -11, 18, -11, 18, -10, 18, -10, 18, -10, 18, -10, 18, -9, 17, -8, 16, -8, 14, -7, 14, -6, 12, -5, 11, -4, 11, -3, 11, -2, 10, 0, 10, 1, 0, 0, 0, 0, 0, 0, 0, 0, 0, 0, 0, 0, 0, 0, 0, 0, 0, 0, 0, 0, 0, 0, 24, -15, 23, -15, 22, -15, 21, -15, 20, -14, 20, -13, 21, -11, 22, -10, 23, -8, 25, -8, 27, -7, 29, -8, 30, -9, 30, -10, 30, -11, 30, -14, 28, -15, 27, -16, 26, -16, 25, -15, 23, -15, 23, -15, 23, -14, 24, -13, 24, -12, 25, -13, -1, -1, 46, -27, 45, -29, 43, -28, 44, -27, 41, -28, 39, -26, 37, -27, 36, -26, 34, -25, 35, -25, 33, -24, 33, -24, 32, -23, 32, -22, 33, -23, 31, -21, 31, -20, 29, -18, 28, -16, 27, -14, 25, -12, 23, -11, 23, -9, 21, -7, 21, -5, 20, -3, 21, -5, 20, -3, -1, -1, -1, -1, -1, -1, -1, -1, -1, -1, 0, 0, 0, 0, 34, -28, 36, -27, 41, -27, 40, -26, 41, -28, 39, -27, 41, -26, 40, -25, 41, -24, 44, -22, 45, -21, 48, -21, 50, -20, 52, -21, 53, -21, 53, -23, 52, -24, 52, -28, 49, -27, 49, -30, 46, -30, 46, -31, 45, -30, 44, -30, 45, -29, 45, -29, 46, -29, 46, -28]"
rx1,2026-05-02 20:41:01.387,-53,"[97, -112, 5, 0, 23, -2, 22, -1, 22, 1, 23, 1, 23, 3, 23, 2, 24, 2, 23, 0, 23, -1, 21, -2, 20, -2, 18, -2, 17, -1, 16, -1, 14, 1, 13, 4, 13, 5, 12, 6, 12, 7, 12, 7, 12, 7, 12, 8, 11, 6, 11, 6, 10, 5, 0, 0, 0, 0, 0, 0, 0, 0, 0, 0, 0, 0, 0, 0, 0, 0, 0, 0, 0, 0, 0, 0, 19, -7, 22, -6, 24, -6, 26, -6, 27, -7, 28, -9, 29, -10, 29, -11, 28, -11, 27, -11, 25, -11, 24, -9, 23, -7, 23, -5, 23, -3, 24, -2, 25, -1, 27, -1, 29, -1, 31, -1, 31, -2, 31, -5, 31, -6, 30, -8, 28, -8, 27, -8, -1, -1, 43, -17, 42, -15, 41, -12, 42, -10, 41, -9, 40, -8, 40, -8, 40, -8, 39, -8, 38, -9, 36, -9, 35, -9, 32, -9, 30, -7, 30, -6, 27, -3, 26, -1, 25, 1, 24, 3, 23, 5, 22, 6, 22, 6, 20, 6, 19, 7, 17, 6, 16, 6, 12, 3, 10, 5, -1, -1, -1, -1, -1, -1, -1, -1, 0, 0, 0, 0, 0, 0, 28, -34, 31, -32, 36, -21, 38, -20, 41, -21, 43, -21, 46, -22, 47, -23, 48, -25, 49, -26, 49, -26, 49, -26, 47, -25, 46, -22, 46, -21, 45, -18, 45, -16, 46, -16, 46, -14, 49, -15, 50, -15, 51, -16, 51, -17, 52, -19, 52, -19, 51, -21, 49, -21, 48, -21]"
rx1,2026-05-02 20:41:01.587,-54,"[97, -112, 5, 0, -4, 19, -6, 20, -7, 20, -7, 21, -7, 21, -5, 22, -5, 22, -3, 21, -2, 20, -2, 18, -1, 16, -1, 14, -2, 12, -4, 11, -6, 9, -7, 9, -9, 8, -10, 8, -10, 9, -10, 9, -10, 9, -9, 9, -8, 9, -7, 9, -6, 8, 0, 0, 0, 0, 0, 0, 0, 0, 0, 0, 0, 0, 0, 0, 0, 0, 0, 0, 0, 0, 0, 0, 3, 20, 2, 21, 3, 23, 3, 24, 4, 25, 5, 25, 6, 25, 6, 24, 6, 24, 5, 23, 4, 22, 2, 21, 0, 20, -2, 21, -3, 22, -4, 23, -4, 24, -4, 26, -2, 26, -2, 28, 0, 28, 1, 28, 1, 27, 2, 26, 2, 24, 2, 23, -1, -1, 3, 38, 0, 38, -2, 37, -3, 37, -3, 37, -4, 36, -3, 36, -2, 35, -1, 34, 0, 32, 0, 30, 0, 29, -1, 26, -2, 24, -3, 21, -5, 19, -8, 19, -9, 17, -11, 16, -11, 16, -12, 16, -12, 15, -11, 15, -10, 13, -9, 12, -8, 11, -6, 6, -5, 4, -1, -1, -1, -1, -1, -1, -1, -1, 0, 0, 0, 0, 0, 0, 20, 29, 18, 32, 11, 35, 10, 36, 10, 39, 11, 40, 12, 42, 13, 42, 13, 43, 13, 43, 13, 42, 12, 43, 10, 41, 9, 40, 6, 40, 4, 41, 3, 41, 2, 43, 2, 44, 2, 44, 4, 46, 5, 47, 6, 47, 7, 47, 7, 46, 8, 45, 7, 43, 7, 41]"
rx1,2026-05-02 20:41:01.789,-54,"[97, -112, 5, 0, 29, 7, 26, 5, 22, 3, 18, 3, 15, 4, 12, 5, 9, 8, 8, 10, 9, 12, 9, 15, 11, 16, 13, 17, 14, 17, 16, 16, 16, 14, 16, 12, 15, 9, 13, 7, 11, 4, 8, 3, 4, 2, 2, 2, -1, 2, -3, 3, -4, 4, 0, 0, 0, 0, 0, 0, 0, 0, 0, 0, 0, 0, 0, 0, 0, 0, 0, 0, 0, 0, 0, 0, 17, -10, 17, -8, 18, -6, 19, -3, 20, -1, 22, 0, 24, 3, 27, 4, 30, 4, 31, 3, 32, 1, 32, 0, 32, -2, 30, -2, 28, -2, 25, -3, 22, -1, 20, 1, 19, 3, 19, 6, 19, 9, 21, 12, 23, 13, 26, 14, 28, 14, 31, 12, -1, -1, 29, 9, 28, 8, 26, 7, 24, 6, 22, 6, 19, 6, 18, 6, 16, 8, 15, 9, 16, 9, 15, 11, 16, 12, 17, 12, 17, 12, 17, 12, 17, 11, 17, 10, 15, 9, 14, 8, 12, 7, 10, 7, 8, 6, 6, 5, 4, 6, 3, 7, 1, 7, 5, 10, 5, 10, 0, 0, -1, -1, -1, -1, 0, 0, 0, 0, 0, 0, -1, -1, 23, -4, 24, -3, 21, -5, 21, -4, 21, -2, 22, -1, 23, 1, 24, 2, 26, 3, 28, 4, 29, 4, 30, 4, 31, 4, 31, 4, 31, 3, 30, 3, 29, 3, 27, 3, 26, 3, 25, 4, 24, 5, 24, 7, 24, 8, 25, 10, 26, 10, 28, 11, 29, 11, 30, 11]"
rx1,2026-05-02 20:41:01.991,-53,"[97, -112, 5, 0, -34, 4, -34, 3, -33, 4, -31, 4, -30, 5, -30, 5, -28, 6, -27, 7, -27, 7, -25, 7, -25, 8, -24, 8, -23, 7, -22, 8, -20, 7, -20, 7, -18, 7, -17, 6, -16, 5, -14, 5, -13, 4, -12, 4, -11, 4, -10, 4, -10, 3, 0, 0, 0, 0, 0, 0, 0, 0, 0, 0, 0, 0, 0, 0, 0, 0, 0, 0, 0, 0, 0, 0, -8, 12, -9, 11, -11, 11, -12, 10, -13, 9, -14, 9, -16, 8, -17, 8, -19, 8, -20, 6, -21, 5, -22, 5, -24, 4, -25, 3, -25, 2, -26, 2, -27, 2, -28, 2, -29, 2, -30, 2, -31, 2, -32, 3, -33, 3, -34, 3, -34, 4, -34, 5]"
rx1,2026-05-02 20:41:02.191,-57,"[97, -112, 5, 0, 22, 10, 21, 8, 19, 6, 16, 5, 14, 5, 11, 5, 8, 7, 7, 7, 6, 10, 5, 12, 6, 14, 7, 15, 8, 15, 10, 15, 10, 14, 10, 13, 10, 10, 9, 9, 7, 6, 5, 5, 3, 4, 1, 3, -1, 3, -3, 2, -4, 3, 0, 0, 0, 0, 0, 0, 0, 0, 0, 0, 0, 0, 0, 0, 0, 0, 0, 0, 0, 0, 0, 0, 15, -4, 14, -3, 14, -1, 14, 1, 15, 3, 16, 4, 18, 6, 20, 7, 21, 7, 24, 7, 25, 6, 25, 5, 25, 4, 24, 2, 23, 1, 20, 1, 18, 1, 16, 2, 15, 3, 14, 6, 13, 8, 14, 10, 15, 13, 17, 15, 20, 15, 22, 14, -1, -1, 45, 20, 44, 19, 41, 16, 41, 15, 36, 13, 33, 13, 30, 13, 27, 14, 26, 15, 25, 18, 23, 20, 23, 21, 23, 23, 23, 23, 25, 22, 24, 21, 24, 22, 22, 19, 21, 17, 18, 16, 14, 14, 12, 12, 9, 12, 6, 11, 3, 11, 0, 11, 7, 17, 4, 17, 0, 0, -1, -1, -1, -1, 0, 0, 0, 0, 0, 0, -1, -1, 37, 0, 37, 2, 33, -2, 33, 0, 33, 2, 33, 4, 36, 6, 37, 8, 40, 10, 42, 11, 45, 11, 47, 14, 48, 13, 48, 13, 48, 12, 47, 11, 46, 9, 45, 8, 41, 8, 40, 10, 38, 11, 38, 13, 37, 15, 39, 17, 40, 21, 41, 23, 43, 23, 46, 23]"
rx1,2026-05-02 20:41:02.340,-59,"[82, -96, 4, 0, -23, 15, -19, 14, -14, 11, -11, 6, -8, 2, -7, -3, -6, -8, -7, -12, -8, -15, -11, -18, -13, -19, -15, -20, -16, -19, -18, -17, -18, -14, -16, -11, -15, -7, -12, -4, -9, -1, -6, 1, -2, 3, 1, 4, 3, 4, 6, 3, 8, 3, 0, 0, 0, 0, 0, 0, 0, 0, 0, 0, 0, 0, 0, 0, 0, 0, 0, 0, 0, 0, 0, 0, 11, 7, 9, 9, 6, 11, 5, 15, 3, 18, 2, 21, 1, 24, 1, 27, 2, 30, 2, 31, 4, 31, 4, 30, 4, 28, 3, 25, 3, 22, 1, 18, -2, 16, -5, 12, -10, 10, -15, 9, -19, 8, -23, 9, -27, 11, -30, 13, -30, 15, -30, 17, -1, -1, -50, 36, -47, 35, -42, 31, -39, 27, -34, 22, -32, 15, -31, 10, -30, 4, -30, -1, -31, -5, -32, -8, -34, -11, -36, -12, -37, -12, -40, -11, -38, -11, -36, -8, -33, -7, -30, -6, -26, -3, -22, -2, -17, -1, -14, -1, -9, -1, -5, -2, -2, -3, -19, -13, -15, -14, -1, -1, -1, -1, -1, -1, -1, -1, -1, -1, 0, 0, 0, 0, 14, 40, 10, 42, 14, 28, 10, 30, 7, 35, 5, 38, 2, 43, 0, 46, -3, 50, -4, 54, -5, 57, -6, 59, -6, 59, -8, 58, -8, 56, -9, 52, -12, 48, -15, 46, -17, 41, -22, 39, -27, 36, -33, 35, -37, 34, -42, 35, -47, 35, -49, 36, -52, 38, -53, 37]"
rx1,2026-05-02 20:41:02.399,-59,"[97, -112, 5, 0, -22, -18, -19, -14, -14, -11, -10, -9, -6, -6, -1, -6, 4, -6, 8, -7, 11, -9, 13, -11, 15, -13, 15, -16, 14, -17, 13, -19, 10, -18, 8, -18, 5, -16, 1, -14, -1, -10, -3, -7, -4, -4, -5, -1, -5, 2, -5, 4, -4, 7, 0, 0, 0, 0, 0, 0, 0, 0, 0, 0, 0, 0, 0, 0, 0, 0, 0, 0, 0, 0, 0, 0, -1, 12, -4, 11, -8, 10, -10, 9, -14, 9, -17, 9, -20, 10, -23, 10, -25, 11, -27, 13, -27, 13, -26, 13, -25, 13, -22, 12, -19, 10, -17, 7, -15, 4, -13, -1, -12, -5, -12, -9, -13, -14, -14, -18, -16, -21, -18, -23, -20, -24, -22, -24, -1, -1, -43, -39, -42, -37, -37, -35, -32, -32, -27, -30, -21, -28, -15, -27, -10, -27, -5, -28, -1, -29, 2, -32, 5, -33, 6, -36, 6, -37, 6, -39, 6, -38, 5, -36, 2, -34, 1, -31, 0, -27, -1, -22, -2, -18, -1, -14, -1, -10, 0, -7, 2, -4, 12, -19, 13, -15, -1, -1, -1, -1, -1, -1, -1, -1, 0, 0, 0, 0, 0, 0, -33, 20, -36, 17, -20, 19, -24, 17, -28, 14, -32, 13, -36, 12, -41, 13, -45, 11, -49, 11, -51, 11, -54, 10, -54, 9, -53, 8, -52, 6, -50, 3, -47, 1, -45, -2, -42, -7, -40, -12, -38, -17, -38, -22, -39, -27, -40, -31, -41, -36, -43, -39, -45, -42, -46, -43]"
rx1,2026-05-02 20:41:02.596,-60,"[97, -112, 5, 0, -28, 9, -24, 8, -18, 6, -15, 3, -12, -1, -10, -6, -8, -11, -10, -14, -12, -18, -14, -19, -16, -20, -19, -20, -21, -18, -21, -16, -21, -12, -19, -9, -17, -5, -13, -3, -9, -1, -5, 1, -1, 2, 3, 2, 6, 1, 8, -1, 9, -2, 0, 0, 0, 0, 0, 0, 0, 0, 0, 0, 0, 0, 0, 0, 0, 0, 0, 0, 0, 0, 0, 0, 0, 17, -2, 16, -5, 16, -8, 16, -11, 17, -13, 19, -16, 21, -18, 23, -18, 25, -19, 26, -18, 27, -17, 27, -16, 26, -14, 24, -14, 21, -13, 17, -14, 13, -15, 10, -18, 7, -21, 4, -24, 3, -29, 2, -31, 3, -33, 4, -36, 6, -36, 8, -1, -1, -30, 13, -27, 13, -25, 10, -23, 10, -20, 8, -20, 5, -18, 3, -17, 0, -17, -2, -19, -4, -19, -6, -20, -6, -21, -7, -21, -6, -22, -5, -21, -4, -20, -3, -19, -2, -16, -1, -14, -1, -11, -1, -9, 0, -7, -1, -5, -1, -3, -3, -2, -4, -12, -6, -9, -6, -1, -1, -1, -1, -1, -1, -1, -1, 0, 0, 0, 0, 0, 0, -4, 21, -7, 21, -5, 18, -6, 18, -8, 19, -10, 19, -12, 20, -13, 20, -16, 22, -17, 23, -18, 24, -19, 25, -19, 25, -20, 24, -19, 24, -19, 23, -18, 21, -19, 19, -19, 17, -20, 15, -21, 13, -23, 13, -24, 11, -27, 11, -29, 11, -30, 11, -32, 13, -32, 12]"
rx1,2026-05-02 20:41:02.794,-59,"[97, -112, 5, 0, 17, 14, 15, 13, 12, 12, 10, 12, 8, 12, 6, 13, 5, 15, 4, 16, 5, 18, 6, 19, 7, 20, 9, 19, 10, 18, 11, 16, 11, 14, 10, 12, 8, 9, 6, 7, 4, 5, 1, 4, -1, 4, -4, 4, -5, 4, -7, 5, -7, 6, 0, 0, 0, 0, 0, 0, 0, 0, 0, 0, 0, 0, 0, 0, 0, 0, 0, 0, 0, 0, 0, 0, 14, 8, 13, 9, 13, 9, 13, 10, 13, 12, 14, 13, 15, 14, 16, 15, 17, 15, 18, 16, 19, 15, 19, 14, 19, 14, 18, 13, 17, 12, 16, 12, 14, 12, 13, 13, 13, 14, 13, 16, 13, 17, 15, 19, 15, 20, 17, 20, 19, 20, 20, 18, -1, -1, 40, 25, 39, 23, 36, 21, 33, 21, 30, 20, 27, 21, 25, 21, 24, 22, 23, 23, 24, 25, 23, 26, 24, 27, 25, 26, 25, 26, 27, 24, 25, 21, 24, 20, 21, 18, 19, 16, 15, 14, 11, 13, 8, 12, 5, 12, 2, 13, 0, 13, -2, 13, 9, 16, 6, 15, -1, -1, -1, -1, -1, -1, -1, -1, 0, 0, 0, 0, 0, 0, 35, 10, 34, 12, 31, 14, 30, 15, 30, 16, 30, 17, 32, 19, 33, 21, 34, 23, 36, 23, 37, 24, 39, 25, 40, 26, 40, 25, 40, 25, 39, 23, 38, 23, 37, 22, 35, 22, 35, 23, 34, 24, 35, 25, 35, 26, 37, 27, 38, 29, 40, 30, 41, 29, 43, 28]"
rx1,2026-05-02 20:41:02.992,-57,"[97, -112, 5, 0, 6, 22, 5, 21, 4, 22, 4, 22, 4, 21, 5, 21, 5, 21, 5, 19, 6, 19, 5, 17, 4, 16, 3, 15, 1, 14, 0, 15, -1, 14, -3, 15, -4, 14, -5, 15, -5, 15, -5, 14, -4, 14, -3, 14, -3, 12, -3, 10, -2, 9, 0, 0, 0, 0, 0, 0, 0, 0, 0, 0, 0, 0, 0, 0, 0, 0, 0, 0, 0, 0, 0, 0, 6, 19, 6, 19, 7, 21, 8, 21, 10, 23, 11, 22, 12, 22, 12, 21, 13, 21, 11, 21, 10, 19, 8, 19, 7, 19, 6, 20, 5, 21, 4, 22, 4, 22, 5, 24, 6, 24, 8, 26, 9, 25, 10, 25, 10, 25, 10, 24, 10, 24, 9, 23, -1, -1, 20, 38, 19, 39, 17, 38, 17, 38, 15, 37, 15, 37, 15, 36, 15, 35, 15, 33, 15, 32, 13, 31, 12, 29, 9, 28, 8, 28, 6, 27, 4, 26, 1, 27, 0, 26, -2, 26, -3, 25, -3, 24, -4, 23, -4, 22, -4, 19, -4, 17, -4, 15, -6, 12, -7, 10, 0, 0, -1, -1, -1, -1, 0, 0, 0, 0, 0, 0, -1, -1, 26, 23, 25, 25, 18, 30, 18, 32, 19, 34, 20, 34, 21, 37, 23, 35, 25, 36, 25, 36, 26, 35, 24, 36, 23, 35, 22, 35, 21, 36, 19, 37, 18, 37, 18, 38, 18, 38, 20, 40, 21, 40, 23, 42, 23, 41, 25, 41, 25, 41, 25, 40, 24, 40, 24, 40]"
rx1,2026-05-02 20:41:03.194,-57,"[97, -112, 5, 0, -30, -3, -29, -1, -28, 0, -25, 0, -23, 0, -21, 0, -20, -2, -18, -2, -18, -4, -18, -5, -19, -6, -19, -7, -19, -7, -21, -7, -19, -7, -19, -6, -18, -6, -16, -5, -14, -5, -12, -5, -10, -5, -8, -6, -6, -6, -5, -8, -4, -9, 0, 0, 0, 0, 0, 0, 0, 0, 0, 0, 0, 0, 0, 0, 0, 0, 0, 0, 0, 0, 0, 0, -21, 8, -19, 6, -18, 5, -17, 3, -17, 1, -18, -1, -20, -3, -22, -4, -25, -6, -28, -6, -30, -5, -31, -3, -32, -1, -32, 1, -30, 3, -29, 5, -26, 6, -25, 6, -22, 4, -21, 3, -21, 1, -21, -1, -23, -4, -25, -5, -26, -6, -28, -5, -1, -1, -56, 0, -57, 1, -54, 2, -53, 3, -50, 4, -46, 3, -44, 3, -42, 1, -40, 0, -40, -2, -39, -3, -39, -5, -40, -5, -39, -6, -40, -5, -38, -5, -38, -7, -35, -7, -33, -6, -30, -7, -27, -7, -24, -9, -22, -10, -19, -11, -16, -13, -14, -14, -20, -13, -16, -15, -1, -1, -1, -1, -1, -1, -1, -1, 0, 0, 0, 0, 0, 0, -46, 13, -47, 9, -44, 11, -41, 9, -42, 8, -40, 6, -42, 4, -43, 1, -46, 0, -48, -2, -51, -2, -55, -4, -57, -3, -59, -2, -59, 0, -59, 3, -57, 4, -57, 8, -53, 8, -53, 8, -49, 7, -48, 7, -48, 5, -49, 3, -51, -1, -53, -2, -54, -2, -55, -1]"
rx1,2026-05-02 20:41:03.393,-59,"[97, -112, 5, 0, 5, 23, 6, 24, 5, 24, 6, 24, 7, 23, 8, 22, 7, 20, 7, 18, 7, 17, 6, 16, 4, 15, 2, 14, 0, 14, -2, 15, -3, 15, -4, 16, -5, 17, -5, 17, -5, 16, -4, 16, -3, 14, -2, 13, -2, 12, -2, 9, -2, 7, 0, 0, 0, 0, 0, 0, 0, 0, 0, 0, 0, 0, 0, 0, 0, 0, 0, 0, 0, 0, 0, 0, 6, 17, 5, 18, 6, 19, 7, 19, 7, 20, 8, 20, 8, 20, 9, 21, 9, 20, 8, 20, 8, 20, 7, 20, 6, 21, 6, 21, 6, 23, 6, 23, 7, 23, 7, 24, 9, 24, 10, 24, 10, 23, 10, 23, 10, 22, 9, 22, 9, 22, 9, 22, -1, -1, 17, 42, 16, 42, 15, 42, 15, 43, 14, 41, 14, 41, 14, 39, 14, 37, 13, 35, 12, 33, 12, 31, 9, 30, 7, 29, 4, 30, 2, 29, 0, 28, -2, 30, -4, 29, -5, 29, -6, 28, -6, 25, -6, 24, -5, 23, -6, 20, -5, 17, -6, 14, -11, 12, -11, 9, 0, 0, -1, -1, -1, -1, 0, 0, 0, 0, 0, 0, -1, -1, 20, 28, 17, 31, 14, 32, 13, 33, 14, 35, 15, 34, 15, 36, 16, 35, 17, 37, 17, 38, 17, 39, 17, 39, 17, 38, 17, 38, 16, 40, 16, 40, 16, 41, 17, 41, 17, 40, 18, 42, 19, 41, 19, 42, 21, 42, 21, 42, 21, 41, 21, 41, 20, 41, 20, 41]"
rx1,2026-05-02 20:41:03.599,-60,"[97, -112, 5, 0, 14, 21, 12, 17, 9, 14, 6, 12, 3, 11, -1, 10, -5, 11, -8, 12, -11, 14, -12, 16, -13, 19, -12, 20, -11, 21, -9, 22, -7, 19, -5, 18, -4, 15, -3, 11, -2, 7, -2, 4, -3, 0, -4, -3, -6, -5, -7, -7, -8, -8, 0, 0, 0, 0, 0, 0, 0, 0, 0, 0, 0, 0, 0, 0, 0, 0, 0, 0, 0, 0, 0, 0, 11, -4, 10, -1, 10, 1, 11, 4, 13, 7, 15, 9, 17, 11, 20, 11, 22, 11, 25, 11, 25, 10, 25, 9, 24, 7, 22, 5, 19, 5, 16, 5, 13, 5, 10, 7, 8, 10, 6, 14, 6, 17, 7, 21, 7, 24, 9, 26, 11, 27, 13, 27, -1, -1, 33, 42, 32, 39, 29, 37, 26, 34, 22, 32, 17, 30, 12, 29, 9, 30, 6, 31, 2, 33, 1, 34, -1, 37, -1, 38, -1, 39, 0, 40, 1, 38, 1, 36, 1, 33, 1, 28, 0, 24, -2, 19, -3, 16, -5, 12, -7, 8, -9, 6, -11, 3, -10, 20, -11, 17, -1, -1, -1, -1, -1, -1, -1, -1, 0, 0, 0, 0, 0, 0, 39, 4, 40, 7, 30, 1, 30, 5, 30, 8, 31, 11, 33, 14, 36, 17, 38, 19, 42, 21, 44, 22, 46, 23, 47, 22, 47, 22, 45, 21, 44, 20, 41, 19, 38, 19, 35, 20, 32, 22, 30, 25, 28, 29, 28, 33, 29, 37, 29, 41, 30, 43, 32, 45, 34, 46]"
rx1,2026-05-02 20:41:03.797,-60,"[97, -112, 5, 0, 17, -8, 19, -9, 22, -10, 22, -11, 22, -13, 21, -14, 19, -14, 16, -14, 13, -13, 10, -11, 7, -8, 5, -4, 4, 0, 3, 4, 3, 8, 4, 11, 4, 14, 5, 15, 7, 15, 7, 15, 8, 13, 8, 11, 8, 9, 8, 6, 6, 4, 0, 0, 0, 0, 0, 0, 0, 0, 0, 0, 0, 0, 0, 0, 0, 0, 0, 0, 0, 0, 0, 0, -19, -8, -20, -8, -21, -8, -21, -7, -21, -7, -20, -6, -18, -6, -16, -6, -13, -7, -10, -9, -7, -11, -4, -14, -2, -17, -1, -20, 0, -23, -1, -26, -1, -27, -2, -29, -4, -28, -5, -27, -6, -26, -6, -23, -5, -20, -2, -17, 1, -14, 4, -13, -1, -1, 20, -20, 24, -19, 26, -18, 30, -19, 30, -19, 30, -19, 29, -20, 27, -19, 24, -18, 21, -17, 19, -13, 16, -10, 14, -5, 13, -1, 12, 4, 11, 8, 13, 13, 12, 16, 12, 19, 12, 19, 12, 19, 12, 18, 12, 17, 11, 15, 9, 13, 6, 10, -1, 15, -3, 12, -1, -1, -1, -1, -1, -1, -1, -1, 0, 0, 0, 0, 0, 0, -8, -20, -6, -20, -20, -18, -21, -18, -22, -18, -22, -17, -22, -17, -20, -17, -18, -17, -16, -17, -13, -19, -10, -21, -7, -22, -4, -26, -2, -29, 0, -32, 1, -34, 1, -38, 0, -38, 0, -40, -1, -40, -2, -39, -2, -37, -2, -36, 0, -32, 3, -29, 7, -26, 11, -25]"
rx1,2026-05-02 20:41:03.993,-60,"[97, -112, 5, 0, -11, -29, -10, -24, -7, -18, -4, -14, 0, -10, 4, -7, 10, -5, 13, -5, 18, -6, 21, -7, 23, -9, 24, -11, 23, -13, 21, -14, 19, -14, 15, -14, 11, -12, 7, -10, 4, -8, 0, -4, -2, -2, -4, 2, -5, 5, -5, 8, -5, 9, 0, 0, 0, 0, 0, 0, 0, 0, 0, 0, 0, 0, 0, 0, 0, 0, 0, 0, 0, 0, 0, 0, -11, 9, -12, 6, -13, 3, -15, 0, -18, -4, -20, -5, -24, -7, -27, -8, -30, -9, -32, -8, -33, -7, -32, -6, -31, -5, -28, -4, -25, -4, -21, -5, -16, -6, -12, -9, -9, -13, -6, -17, -4, -22, -4, -27, -4, -30, -5, -34, -7, -36, -9, -36, -1, -1, -10, -31, -10, -30, -8, -27, -7, -24, -5, -23, -2, -20, 1, -18, 4, -17, 6, -16, 8, -16, 10, -16, 11, -17, 13, -18, 13, -18, 12, -19, 11, -18, 11, -17, 9, -16, 8, -14, 6, -12, 5, -10, 3, -7, 3, -5, 2, -3, 2, -1, 2, 0, 9, -6, 9, -5, 0, 0, 0, 0, -1, -1, 0, 0, 0, 0, -1, -1, 0, -1, -23, -4, -24, -7, -17, 0, -17, -2, -18, -4, -19, -7, -21, -8, -22, -10, -24, -12, -26, -13, -27, -14, -28, -14, -28, -14, -28, -14, -26, -15, -25, -15, -23, -15, -21, -15, -18, -16, -16, -18, -14, -20, -12, -23, -11, -25, -11, -28, -10, -30, -10, -32, -11, -33, -11, -35]"
rx1,2026-05-02 20:41:04.197,-60,"[97, -112, 5, 0, -3, -18, -2, -21, -2, -24, -4, -26, -5, -26, -7, -25, -8, -24, -9, -20, -9, -18, -8, -14, -7, -11, -4, -6, -1, -4, 3, -1, 6, 0, 9, 0, 12, 1, 13, 0, 14, -1, 14, -2, 13, -3, 12, -5, 10, -6, 8, -7, 5, -7, 0, 0, 0, 0, 0, 0, 0, 0, 0, 0, 0, 0, 0, 0, 0, 0, 0, 0, 0, 0, 0, 0, -10, 17, -11, 18, -12, 19, -11, 20, -11, 20, -10, 19, -10, 18, -9, 15, -10, 12, -11, 9, -13, 5, -15, 2, -18, -2, -20, -4, -23, -5, -26, -6, -27, -6, -29, -5, -29, -4, -29, -3, -28, -2, -25, -1, -22, -1, -18, -3, -15, -5, -11, -7, -1, -1, -14, -22, -11, -26, -9, -29, -9, -32, -9, -33, -9, -33, -10, -33, -10, -31, -11, -28, -10, -24, -8, -21, -6, -17, -3, -14, 1, -10, 5, -8, 9, -5, 13, -4, 15, -2, 17, -3, 19, -3, 18, -3, 18, -3, 17, -4, 14, -4, 12, -4, 9, -4, 8, 7, 5, 8, -1, -1, -1, -1, -1, -1, -1, -1, -1, -1, 0, 0, 0, 0, -21, 8, -22, 5, -20, 19, -22, 20, -22, 20, -22, 20, -22, 20, -22, 19, -22, 17, -22, 14, -22, 12, -24, 7, -25, 3, -27, 0, -30, -4, -33, -6, -35, -8, -38, -9, -39, -9, -41, -9, -40, -8, -41, -7, -38, -6, -37, -7, -32, -7, -29, -9, -25, -12, -21, -15]"
rx1,2026-05-02 20:41:04.396,-60,"[97, -112, 5, 0, 19, 17, 15, 14, 11, 11, 6, 10, 1, 8, -4, 8, -8, 9, -12, 11, -14, 14, -15, 16, -15, 19, -14, 21, -13, 21, -10, 21, -7, 19, -5, 17, -2, 13, 0, 9, 1, 5, 1, 0, 1, -3, 1, -7, -1, -9, -2, -10, -3, -12, 0, 0, 0, 0, 0, 0, 0, 0, 0, 0, 0, 0, 0, 0, 0, 0, 0, 0, 0, 0, 0, 0, 6, -12, 8, -9, 10, -7, 13, -5, 16, -4, 19, -3, 22, -2, 26, -3, 27, -3, 30, -4, 29, -6, 28, -6, 27, -6, 25, -6, 22, -4, 18, -3, 15, 1, 13, 4, 12, 9, 12, 14, 12, 17, 15, 21, 16, 25, 19, 26, 21, 26, 22, 25, -1, -1, 42, 40, 39, 37, 34, 34, 29, 32, 23, 30, 16, 29, 11, 28, 6, 30, 3, 32, -1, 33, -3, 37, -4, 38, -5, 40, -4, 41, -2, 40, -1, 38, 0, 35, 1, 31, 2, 25, 2, 20, 1, 15, 1, 11, -1, 7, -2, 3, -4, 1, -7, -1, -8, 18, -10, 16, -1, -1, -1, -1, -1, -1, -1, -1, 0, 0, 0, 0, 0, 0, 41, -9, 43, -6, 28, -13, 30, -10, 32, -6, 35, -4, 39, -2, 44, 0, 47, 1, 51, 2, 54, 3, 55, 3, 56, 3, 55, 5, 53, 5, 51, 6, 48, 8, 45, 10, 42, 14, 39, 17, 38, 23, 38, 27, 38, 33, 40, 37, 41, 41, 43, 44, 44, 45, 46, 44]"
rx1,2026-05-02 20:41:04.597,-61,"[97, -112, 5, 0, -21, 13, -23, 15, -23, 17, -23, 18, -20, 19, -17, 19, -14, 17, -10, 15, -8, 12, -5, 8, -4, 4, -4, -1, -4, -5, -6, -9, -8, -12, -9, -14, -11, -15, -13, -14, -14, -13, -14, -10, -13, -7, -13, -4, -11, -1, -8, 1, -6, 4, 0, 0, 0, 0, 0, 0, 0, 0, 0, 0, 0, 0, 0, 0, 0, 0, 0, 0, 0, 0, 0, 0, 17, 9, 17, 10, 17, 10, 17, 11, 17, 10, 16, 10, 14, 10, 12, 12, 10, 13, 8, 15, 6, 17, 4, 19, 2, 22, 2, 24, 1, 26, 3, 27, 3, 28, 4, 28, 5, 26, 6, 25, 4, 23, 3, 20, 0, 18, -4, 16, -7, 14, -11, 13, -1, -1, -29, 27, -33, 28, -34, 27, -35, 28, -34, 28, -32, 27, -29, 27, -26, 24, -23, 22, -20, 18, -18, 12, -17, 8, -17, 2, -17, -4, -19, -9, -20, -13, -22, -15, -22, -17, -24, -18, -23, -17, -22, -16, -21, -14, -19, -13, -16, -9, -12, -8, -9, -6, -3, -20, 0, -19, 0, 0, -1, -1, -1, -1, 0, 0, 0, 0, 0, 0, -1, -1, 5, 27, 4, 29, 17, 23, 17, 24, 17, 24, 17, 24, 15, 25, 15, 24, 13, 25, 10, 27, 8, 29, 5, 31, 3, 33, 0, 35, -2, 38, -2, 41, -2, 42, -2, 43, -2, 43, -2, 44, -1, 43, -1, 41, -2, 39, -4, 37, -8, 34, -12, 32, -17, 30, -21, 29]"
rx1,2026-05-02 20:41:04.798,-60,"[97, -112, 5, 0, 20, 0, 23, 0, 25, 0, 26, -1, 25, -2, 24, -4, 22, -5, 19, -6, 16, -6, 12, -5, 9, -3, 5, 0, 3, 3, 2, 6, 1, 11, 1, 12, 1, 15, 2, 16, 4, 16, 5, 14, 5, 13, 6, 11, 6, 7, 5, 5, 4, 2, 0, 0, 0, 0, 0, 0, 0, 0, 0, 0, 0, 0, 0, 0, 0, 0, 0, 0, 0, 0, 0, 0, -4, -20, -4, -22, -5, -23, -5, -23, -5, -22, -6, -22, -5, -21, -4, -19, -2, -18, 1, -16, 4, -16, 7, -16, 11, -16, 14, -17, 16, -19, 17, -20, 17, -23, 16, -23, 16, -25, 14, -25, 12, -23, 11, -22, 10, -19, 11, -16, 11, -12, 13, -8, -1, -1, 31, -8, 34, -6, 35, -3, 38, -4, 38, -3, 37, -4, 36, -4, 34, -5, 30, -5, 27, -5, 22, -3, 18, -1, 15, 4, 12, 7, 11, 11, 9, 15, 8, 19, 8, 21, 7, 23, 8, 23, 8, 22, 7, 20, 7, 18, 5, 15, 4, 12, 2, 9, -7, 14, -9, 12, 0, 0, -1, -1, -1, -1, 0, 0, 0, 0, 0, 0, -1, -1, 11, -25, 13, -24, 3, -31, 3, -32, 4, -33, 3, -33, 3, -32, 3, -32, 4, -31, 6, -29, 8, -29, 12, -27, 15, -27, 19, -26, 22, -26, 25, -27, 27, -28, 28, -31, 28, -31, 29, -33, 27, -33, 25, -33, 24, -31, 23, -31, 23, -27, 24, -24, 25, -20, 26, -16]"
rx1,2026-05-02 20:41:05.000,-60,"[97, -112, 5, 0, -26, 8, -23, 8, -18, 6, -16, 4, -12, 1, -11, -3, -11, -7, -11, -10, -13, -13, -15, -15, -18, -16, -19, -15, -21, -14, -22, -12, -22, -9, -20, -7, -18, -4, -14, -2, -10, -1, -6, 0, -2, 0, 1, -1, 5, -3, 6, -5, 8, -6, 0, 0, 0, 0, 0, 0, 0, 0, 0, 0, 0, 0, 0, 0, 0, 0, 0, 0, 0, 0, 0, 0, 2, 15, 0, 14, -2, 13, -6, 12, -9, 12, -12, 13, -15, 14, -17, 16, -19, 19, -21, 20, -20, 23, -19, 24, -18, 24, -16, 23, -14, 21, -13, 18, -12, 15, -12, 11, -14, 8, -17, 5, -19, 3, -23, 2, -26, 2, -29, 2, -31, 4, -32, 6, -1, -1, -54, 21, -51, 23, -47, 21, -43, 18, -39, 15, -36, 11, -35, 7, -34, 2, -33, 0, -36, -4, -36, -6, -39, -7, -41, -7, -42, -7, -44, -5, -42, -3, -41, -2, -37, -1, -33, -1, -29, -1, -25, -1, -20, -1, -17, -2, -12, -5, -10, -8, -7, -11, -28, -11, -23, -15, -1, -1, -1, -1, -1, -1, -1, -1, 0, 0, 0, 0, 0, 0, -13, 41, -18, 41, -8, 35, -11, 33, -15, 32, -18, 31, -23, 32, -27, 32, -31, 34, -35, 35, -38, 38, -40, 40, -39, 42, -42, 42, -39, 42, -38, 41, -36, 39, -36, 37, -35, 31, -36, 29, -37, 25, -40, 22, -44, 19, -47, 18, -51, 18, -53, 19, -56, 20, -57, 20]"
rx1,2026-05-02 20:41:05.200,-58,"[97, -112, 5, 0, -10, -26, -10, -24, -8, -21, -8, -19, -6, -17, -5, -17, -2, -17, -1, -17, 0, -19, 0, -20, -1, -21, -1, -21, -2, -21, -3, -21, -4, -19, -5, -17, -4, -15, -4, -12, -3, -10, -1, -8, 1, -7, 3, -6, 4, -5, 6, -5, 7, -5, 0, 0, 0, 0, 0, 0, 0, 0, 0, 0, 0, 0, 0, 0, 0, 0, 0, 0, 0, 0, 0, 0, -12, -17, -10, -16, -10, -16, -8, -16, -7, -17, -6, -18, -4, -20, -4, -23, -5, -25, -5, -27, -7, -28, -8, -28, -10, -28, -11, -27, -11, -25, -12, -24, -11, -22, -10, -21, -9, -20, -7, -21, -5, -21, -5, -23, -4, -25, -4, -27, -6, -28, -7, -29, -1, -1, -25, -47, -27, -45, -26, -42, -24, -41, -23, -38, -20, -36, -19, -34, -15, -33, -15, -32, -14, -35, -14, -35, -14, -36, -13, -35, -14, -36, -15, -34, -16, -33, -14, -32, -14, -28, -12, -26, -10, -24, -7, -21, -5, -19, -2, -17, 0, -16, 2, -16, 5, -15, -2, -20, 0, -18, -1, -1, -1, -1, -1, -1, -1, -1, 0, 0, 0, 0, 0, 0, -30, -29, -30, -32, -25, -32, -24, -32, -24, -33, -22, -33, -22, -35, -20, -36, -21, -39, -19, -43, -21, -45, -21, -48, -23, -49, -24, -49, -26, -50, -27, -48, -27, -47, -29, -45, -27, -42, -27, -42, -27, -41, -25, -42, -23, -42, -23, -44, -22, -47, -22, -48, -23, -49, -26, -50]"
rx1,2026-05-02 20:41:05.405,-54,"[97, -112, 5, 0, 11, 26, 12, 25, 13, 23, 12, 20, 11, 17, 10, 15, 8, 14, 5, 13, 4, 13, 2, 14, 1, 15, 0, 17, 0, 18, 1, 19, 1, 19, 2, 19, 3, 17, 3, 15, 4, 13, 3, 11, 2, 9, 1, 7, 0, 6, -2, 5, -3, 4, 0, 0, 0, 0, 0, 0, 0, 0, 0, 0, 0, 0, 0, 0, 0, 0, 0, 0, 0, 0, 0, 0, 19, 10, 18, 9, 16, 10, 14, 10, 12, 12, 11, 14, 10, 16, 10, 19, 11, 22, 12, 24, 13, 26, 15, 27, 17, 26, 18, 25, 19, 24, 19, 20, 18, 19, 17, 16, 15, 15, 13, 15, 10, 16, 9, 18, 6, 20, 6, 23, 7, 25, 8, 26, -1, -1, 22, 50, 23, 49, 24, 47, 23, 45, 23, 42, 22, 38, 20, 35, 17, 33, 16, 31, 13, 31, 11, 32, 10, 33, 8, 34, 8, 35, 9, 35, 9, 35, 8, 35, 9, 33, 9, 31, 8, 28, 6, 25, 5, 22, 2, 20, 0, 18, -1, 16, -3, 15, -3, 22, -6, 19, 0, 0, -1, -1, -1, -1, 0, 0, 0, 0, 0, 0, -1, -1, 32, 31, 31, 33, 33, 26, 31, 27, 30, 28, 28, 29, 26, 32, 25, 34, 25, 37, 24, 40, 25, 44, 25, 48, 26, 50, 28, 51, 29, 51, 31, 49, 32, 47, 32, 45, 31, 42, 30, 40, 28, 40, 27, 40, 24, 40, 23, 41, 20, 44, 19, 47, 20, 49, 21, 50]"
rx1,2026-05-02 20:41:05.604,-54,"[97, -112, 5, 0, 19, 1, 21, 2, 24, 3, 26, 3, 26, 2, 27, 0, 27, -3, 25, -5, 23, -7, 19, -9, 16, -8, 12, -7, 9, -5, 7, -3, 5, 1, 4, 5, 4, 7, 5, 10, 6, 11, 7, 12, 8, 12, 10, 11, 11, 10, 11, 8, 11, 6, 0, 0, 0, 0, 0, 0, 0, 0, 0, 0, 0, 0, 0, 0, 0, 0, 0, 0, 0, 0, 0, 0, 6, -25, 7, -25, 8, -26, 8, -27, 9, -27, 9, -27, 9, -26, 9, -24, 10, -23, 12, -20, 14, -18, 16, -16, 19, -15, 21, -14, 24, -14, 26, -15, 27, -16, 27, -18, 27, -19, 26, -21, 24, -20, 22, -20, 19, -19, 18, -17, 16, -14, 16, -10, -1, -1, 30, -10, 31, -7, 33, -5, 35, -4, 37, -4, 37, -4, 36, -5, 36, -6, 33, -8, 30, -11, 26, -12, 22, -11, 18, -9, 15, -7, 13, -4, 9, -2, 8, 3, 8, 5, 8, 8, 8, 10, 9, 10, 10, 10, 12, 9, 12, 9, 12, 6, 11, 4, 1, -2, 0, -4, -1, -1, -1, -1, -1, -1, -1, -1, -1, -1, 0, 0, 0, 0, 12, -39, 15, -39, 14, -42, 17, -42, 19, -43, 19, -43, 20, -43, 20, -43, 21, -42, 23, -39, 24, -39, 26, -36, 28, -33, 31, -31, 33, -29, 36, -28, 39, -28, 40, -28, 41, -29, 42, -30, 41, -31, 40, -32, 38, -31, 36, -32, 33, -30, 32, -28, 31, -24, 30, -19]"
rx1,2026-05-02 20:41:05.800,-52,"[97, -112, 5, 0, -8, 27, -7, 28, -6, 28, -5, 28, -3, 28, -1, 27, 0, 24, 1, 22, 1, 20, 0, 18, -1, 16, -3, 14, -5, 13, -7, 13, -9, 13, -10, 13, -12, 15, -12, 16, -11, 16, -10, 16, -9, 15, -7, 14, -6, 13, -4, 11, -4, 9, 0, 0, 0, 0, 0, 0, 0, 0, 0, 0, 0, 0, 0, 0, 0, 0, 0, 0, 0, 0, 0, 0, 4, 26, 3, 27, 3, 27, 4, 28, 3, 28, 3, 28, 2, 28, 2, 28, 1, 28, 0, 28, -2, 28, -3, 29, -4, 29, -4, 30, -5, 31, -4, 31, -3, 31, -1, 32, 0, 31, 1, 31, 1, 29, 1, 28, 0, 27, 0, 26, -2, 26, -3, 26, -1, -1, -3, 24, -3, 25, -3, 25, -2, 25, -2, 24, -1, 24, -1, 23, 0, 21, 0, 20, 0, 19, 0, 17, -1, 16, -2, 15, -3, 14, -4, 14, -5, 14, -7, 14, -7, 14, -8, 14, -7, 14, -7, 13, -7, 12, -6, 11, -6, 10, -5, 9, -5, 7, -7, 6, -7, 4, -1, -1, -1, -1, -1, -1, -1, -1, 0, 0, 0, 0, 0, 0, 9, 22, 6, 23, 5, 24, 4, 25, 4, 25, 4, 25, 4, 26, 3, 26, 3, 26, 2, 26, 2, 27, 1, 27, 0, 27, -1, 27, -2, 27, -1, 28, -2, 28, -1, 28, 0, 28, 1, 28, 1, 28, 2, 27, 2, 26, 3, 26, 2, 26, 1, 25, 0, 25, 0, 25]"
rx1,2026-05-02 20:41:06.002,-58,"[97, -112, 5, 0, -3, -24, -2, -22, -1, -18, 1, -16, 3, -14, 6, -13, 9, -13, 10, -15, 11, -17, 11, -18, 10, -21, 8, -21, 7, -22, 5, -20, 3, -19, 1, -15, 1, -13, 2, -9, 3, -6, 4, -4, 6, -2, 8, -1, 10, 0, 11, 0, 12, -1, 0, 0, 0, 0, 0, 0, 0, 0, 0, 0, 0, 0, 0, 0, 0, 0, 0, 0, 0, 0, 0, 0, -11, -16, -8, -16, -6, -16, -5, -17, -2, -18, -1, -20, 0, -22, 0, -25, 0, -27, -2, -28, -4, -30, -5, -29, -6, -28, -7, -26, -7, -25, -6, -22, -4, -21, -2, -20, 0, -20, 2, -21, 4, -22, 5, -25, 5, -27, 4, -29, 2, -30, 0, -31, -1, -1, -5, -53, -7, -51, -5, -47, -4, -43, -2, -40, 1, -36, 3, -36, 6, -35, 7, -35, 8, -37, 8, -38, 7, -40, 6, -40, 5, -40, 3, -38, 1, -36, 1, -32, 1, -28, 2, -25, 4, -21, 6, -17, 8, -15, 10, -13, 13, -11, 15, -11, 16, -10, 9, -16, 10, -14, 0, 0, 0, 0, -1, -1, 0, 0, 0, 0, -1, -1, -1, -1, -17, -42, -15, -45, -17, -38, -14, -38, -12, -38, -9, -40, -8, -42, -6, -44, -5, -47, -4, -50, -5, -53, -5, -55, -7, -57, -9, -57, -9, -56, -10, -54, -10, -52, -10, -49, -9, -47, -6, -47, -5, -46, -3, -48, 0, -49, 0, -52, 0, -54, -1, -56, -2, -57, -4, -57]"
rx1,2026-05-02 20:41:06.202,-56,"[97, -112, 5, 0, 18, -9, 20, -9, 21, -10, 22, -11, 20, -12, 19, -13, 18, -14, 15, -14, 12, -14, 10, -12, 8, -10, 7, -7, 7, -4, 7, -2, 9, 1, 10, 3, 11, 4, 13, 4, 14, 4, 14, 3, 14, 2, 13, 1, 12, 0, 10, -1, 8, -1, 0, 0, 0, 0, 0, 0, 0, 0, 0, 0, 0, 0, 0, 0, 0, 0, 0, 0, 0, 0, 0, 0, 2, -22, 3, -24, 2, -24, 2, -25, 1, -24, 1, -24, 1, -23, 1, -22, 3, -21, 4, -19, 7, -18, 9, -18, 12, -18, 14, -18, 16, -20, 16, -21, 17, -23, 16, -24, 14, -25, 13, -25, 12, -24, 10, -24, 9, -21, 9, -19, 10, -17, 12, -14, -1, -1, 29, -19, 32, -18, 32, -17, 34, -17, 34, -17, 32, -18, 31, -19, 29, -19, 25, -18, 23, -17, 20, -15, 18, -13, 16, -9, 16, -6, 16, -3, 16, 0, 18, 2, 18, 4, 19, 4, 20, 5, 19, 5, 19, 4, 18, 3, 16, 2, 14, 2, 11, 1, 6, 7, 4, 7, 0, 0, -1, -1, -1, -1, 0, 0, 0, 0, 0, 0, -1, -1, 11, -31, 14, -30, 10, -35, 11, -36, 11, -38, 11, -38, 11, -38, 11, -37, 11, -36, 12, -36, 14, -34, 16, -34, 19, -31, 22, -30, 24, -30, 26, -31, 27, -32, 29, -34, 29, -34, 28, -37, 27, -37, 25, -37, 24, -36, 23, -35, 23, -33, 23, -30, 24, -27, 25, -25]"
rx1,2026-05-02 20:41:06.402,-53,"[97, -112, 5, 0, -22, -24, -23, -23, -23, -20, -23, -19, -22, -16, -20, -14, -18, -12, -16, -10, -13, -11, -11, -11, -9, -12, -7, -15, -7, -16, -6, -18, -6, -20, -7, -21, -8, -21, -9, -20, -10, -19, -11, -17, -10, -14, -9, -11, -8, -9, -6, -7, -4, -6, 0, 0, 0, 0, 0, 0, 0, 0, 0, 0, 0, 0, 0, 0, 0, 0, 0, 0, 0, 0, 0, 0, -20, -11, -21, -13, -21, -14, -22, -15, -22, -15, -23, -16, -24, -16, -24, -16, -25, -17, -25, -18, -25, -18, -24, -19, -25, -19, -24, -19, -24, -18, -24, -18, -24, -17, -24, -17, -23, -17, -22, -17, -22, -16, -21, -18, -19, -18, -20, -21, -20, -21, -21, -23, -1, -1, -43, -41, -45, -40, -43, -39, -43, -38, -42, -35, -40, -33, -38, -30, -36, -27, -33, -26, -30, -27, -27, -26, -24, -27, -22, -29, -21, -31, -20, -32, -18, -34, -18, -36, -18, -35, -18, -34, -18, -33, -17, -30, -16, -28, -15, -25, -12, -22, -9, -20, -6, -18, -2, -25, 1, -23, 0, 0, -1, -1, -1, -1, 0, 0, 0, 0, 0, 0, -1, -1, -43, -14, -43, -17, -41, -21, -41, -22, -42, -24, -42, -25, -44, -27, -45, -27, -46, -28, -47, -30, -48, -31, -48, -34, -48, -34, -48, -34, -47, -36, -47, -35, -47, -34, -49, -34, -47, -33, -47, -33, -46, -31, -46, -32, -45, -32, -44, -33, -44, -35, -44, -37, -43, -39, -45, -40]"
rx1,2026-05-02 20:41:06.603,-54,"[97, -112, 5, 0, -26, -18, -26, -17, -25, -15, -25, -13, -23, -10, -22, -9, -19, -7, -16, -6, -13, -7, -11, -8, -9, -10, -7, -11, -7, -14, -6, -16, -7, -17, -8, -19, -9, -19, -11, -18, -11, -16, -12, -14, -11, -13, -10, -10, -9, -8, -7, -6, -5, -5, 0, 0, 0, 0, 0, 0, 0, 0, 0, 0, 0, 0, 0, 0, 0, 0, 0, 0, 0, 0, 0, 0, -21, -2, -21, -4, -22, -5, -22, -6, -23, -7, -24, -8, -25, -8, -26, -8, -27, -9, -28, -10, -28, -10, -28, -11, -28, -10, -28, -10, -28, -9, -27, -8, -26, -8, -25, -8, -24, -8, -23, -8, -22, -9, -22, -11, -21, -13, -21, -15, -22, -16, -23, -17, -1, -1, -46, -34, -47, -33, -46, -31, -46, -30, -43, -28, -40, -25, -39, -23, -34, -22, -32, -21, -29, -21, -26, -21, -23, -23, -21, -25, -19, -27, -19, -29, -18, -30, -18, -32, -18, -31, -18, -31, -17, -30, -17, -27, -16, -24, -14, -22, -12, -19, -9, -17, -6, -15, 0, -22, 3, -20, -1, -1, -1, -1, -1, -1, -1, 0, -1, 0, 0, 0, 0, 0, -46, -8, -45, -12, -43, -9, -43, -11, -43, -14, -44, -15, -46, -17, -47, -17, -48, -18, -49, -20, -50, -21, -52, -23, -52, -23, -52, -23, -52, -23, -52, -23, -51, -23, -51, -21, -50, -21, -49, -22, -47, -21, -47, -22, -45, -23, -46, -25, -46, -26, -45, -29, -46, -31, -47, -32]"
rx1,2026-05-02 20:41:06.803,-54,"[97, -112, 5, 0, 12, 22, 13, 23, 14, 22, 15, 22, 16, 19, 16, 17, 15, 14, 14, 11, 12, 10, 8, 8, 6, 7, 3, 7, 0, 9, -2, 11, -4, 12, -4, 14, -4, 16, -3, 17, -1, 17, 0, 16, 2, 15, 3, 14, 4, 11, 5, 8, 5, 6, 0, 0, 0, 0, 0, 0, 0, 0, 0, 0, 0, 0, 0, 0, 0, 0, 0, 0, 0, 0, 0, 0, 20, 6, 21, 7, 22, 8, 23, 8, 23, 9, 24, 9, 23, 9, 23, 9, 23, 10, 23, 11, 22, 12, 21, 13, 21, 14, 21, 15, 21, 16, 21, 16, 21, 16, 21, 15, 21, 15, 21, 15, 20, 14, 20, 14, 17, 14, 16, 16, 15, 17, 14, 18, -1, -1, 27, 37, 27, 37, 26, 38, 27, 37, 28, 36, 26, 33, 26, 30, 24, 28, 22, 24, 20, 22, 16, 21, 12, 20, 8, 20, 5, 21, 2, 22, 0, 24, -2, 26, -2, 27, -2, 27, -1, 26, -1, 25, 0, 23, 1, 20, 2, 18, 1, 14, 1, 11, -9, 9, -9, 7, 0, 0, 0, 0, -1, -1, 0, 0, 0, 0, -1, -1, -1, -1, 38, 9, 38, 12, 38, 13, 39, 15, 39, 16, 41, 17, 42, 18, 42, 18, 42, 19, 42, 20, 43, 21, 42, 24, 41, 24, 40, 26, 40, 28, 40, 29, 39, 30, 39, 29, 39, 29, 39, 29, 39, 28, 39, 28, 37, 28, 38, 28, 35, 29, 33, 30, 31, 32, 31, 33]"
rx1,2026-05-02 20:41:07.006,-56,"[97, -112, 5, 0, 25, -10, 26, -11, 27, -13, 24, -14, 22, -16, 19, -16, 15, -16, 11, -15, 8, -11, 5, -8, 3, -4, 2, 1, 2, 5, 3, 10, 5, 13, 7, 15, 9, 16, 11, 15, 13, 14, 14, 12, 14, 9, 14, 7, 12, 3, 10, 1, 8, -1, 0, 0, 0, 0, 0, 0, 0, 0, 0, 0, 0, 0, 0, 0, 0, 0, 0, 0, 0, 0, 0, 0, -18, -15, -18, -15, -18, -16, -17, -16, -16, -16, -15, -16, -13, -16, -11, -17, -8, -18, -5, -20, -2, -21, 0, -23, 2, -25, 4, -27, 3, -28, 3, -30, 2, -29, 1, -30, 1, -27, 0, -25, 0, -23, 2, -20, 4, -17, 8, -14, 11, -11, 16, -11, -1, -1, 38, -20, 40, -21, 41, -21, 41, -22, 40, -22, 37, -22, 34, -22, 30, -20, 26, -18, 23, -14, 20, -9, 17, -5, 16, 1, 16, 5, 17, 10, 18, 15, 20, 18, 21, 20, 22, 20, 23, 19, 22, 18, 22, 16, 20, 13, 18, 11, 14, 9, 11, 7, 4, 18, 2, 17, 0, 0, -1, -1, -1, -1, 0, 0, 0, 0, 0, 0, -1, -1, -6, -32, -3, -34, -18, -31, -17, -32, -16, -33, -15, -32, -13, -33, -12, -33, -9, -34, -5, -34, -3, -36, 1, -38, 4, -39, 8, -40, 11, -42, 12, -44, 12, -45, 12, -46, 11, -45, 12, -45, 11, -43, 11, -42, 12, -38, 14, -36, 17, -31, 21, -29, 26, -26, 31, -24]"
rx1,2026-05-02 20:41:07.207,-56,"[97, -112, 5, 0, 9, -12, 9, -7, 12, -2, 15, 1, 18, 3, 21, 4, 25, 4, 27, 2, 29, 0, 29, -3, 27, -5, 25, -7, 21, -8, 19, -9, 14, -8, 10, -6, 6, -3, 2, 0, 0, 4, -2, 7, -3, 10, -3, 14, -2, 15, -1, 17, 0, 17, 0, 0, 0, 0, 0, 0, 0, 0, 0, 0, 0, 0, 0, 0, 0, 0, 0, 0, 0, 0, 0, 0, -10, -17, -8, -18, -8, -20, -7, -21, -8, -23, -8, -22, -8, -24, -7, -24, -7, -23, -6, -23, -4, -21, -2, -20, 1, -19, 4, -18, 6, -17, 10, -18, 12, -18, 15, -21, 16, -22, 17, -25, 17, -26, 16, -28, 16, -30, 14, -29, 11, -27, 9, -24, -1, -1, 10, -36, 10, -32, 12, -26, 15, -22, 18, -18, 21, -16, 23, -14, 28, -13, 29, -15, 32, -17, 32, -19, 31, -21, 29, -23, 26, -23, 24, -24, 19, -22, 17, -20, 13, -17, 10, -12, 8, -8, 6, -4, 5, 0, 6, 5, 7, 8, 8, 10, 9, 11, 18, -9, 18, -5, -1, -1, -1, -1, -1, -1, -1, -1, 0, 0, 0, 0, 0, 0, -19, -30, -16, -32, -16, -32, -14, -33, -14, -36, -13, -37, -12, -39, -12, -39, -13, -41, -12, -42, -11, -42, -9, -42, -7, -41, -4, -40, -1, -39, 2, -38, 5, -38, 7, -39, 10, -38, 13, -41, 14, -42, 15, -45, 16, -46, 15, -49, 15, -49, 14, -49, 13, -49, 11, -45]"
rx1,2026-05-02 20:41:07.405,-57,"[97, -112, 5, 0, -25, -10, -24, -9, -25, -7, -25, -5, -24, -4, -22, -2, -18, 0, -15, 0, -12, 0, -9, -2, -7, -4, -5, -6, -4, -9, -4, -12, -4, -15, -5, -17, -7, -17, -8, -17, -10, -17, -10, -15, -11, -13, -11, -10, -10, -7, -9, -5, -7, -3, 0, 0, 0, 0, 0, 0, 0, 0, 0, 0, 0, 0, 0, 0, 0, 0, 0, 0, 0, 0, 0, 0, -14, 11, -15, 10, -16, 11, -16, 11, -17, 11, -17, 11, -18, 10, -18, 9, -19, 8, -21, 7, -21, 6, -22, 5, -23, 5, -23, 5, -23, 4, -24, 5, -23, 5, -22, 5, -21, 5, -21, 4, -19, 3, -19, 2, -18, -1, -19, -3, -19, -5, -21, -7, -1, -1, -43, -10, -45, -11, -43, -10, -45, -10, -43, -7, -40, -7, -38, -6, -34, -5, -31, -4, -28, -4, -24, -6, -21, -8, -19, -11, -18, -15, -17, -18, -17, -21, -16, -23, -17, -24, -17, -25, -18, -24, -17, -23, -17, -21, -16, -18, -15, -16, -12, -13, -9, -12, -4, -17, -2, -16, 0, 0, 0, 0, -1, -1, 0, 0, 0, 0, -1, -1, -1, -1, -22, 19, -26, 17, -27, 19, -29, 18, -30, 18, -31, 18, -32, 17, -33, 17, -35, 17, -36, 15, -37, 15, -39, 12, -40, 11, -41, 10, -43, 9, -43, 9, -43, 8, -44, 9, -43, 8, -43, 9, -42, 8, -42, 7, -39, 5, -39, 4, -40, 1, -41, -2, -40, -4, -42, -6]"
rx1,2026-05-02 20:41:07.607,-58,"[97, -112, 5, 0, 17, -9, 15, -7, 14, -3, 15, 0, 15, 3, 17, 4, 19, 6, 20, 5, 23, 3, 24, 1, 24, -1, 23, -3, 22, -5, 20, -7, 15, -8, 12, -7, 9, -6, 5, -4, 3, -1, 1, 2, 0, 5, 0, 8, 2, 10, 3, 11, 4, 12, 0, 0, 0, 0, 0, 0, 0, 0, 0, 0, 0, 0, 0, 0, 0, 0, 0, 0, 0, 0, 0, 0, 11, -20, 11, -18, 12, -17, 13, -16, 15, -16, 15, -16, 17, -16, 18, -16, 20, -16, 20, -16, 21, -16, 21, -15, 21, -15, 20, -14, 21, -12, 21, -12, 21, -11, 22, -10, 23, -9, 25, -10, 26, -10, 27, -11, 27, -13, 26, -14, 25, -14, 23, -15, -1, -1, 34, -29, 31, -28, 28, -24, 28, -21, 27, -16, 27, -13, 29, -12, 31, -10, 31, -11, 34, -13, 34, -13, 34, -16, 33, -18, 31, -19, 31, -21, 26, -20, 24, -19, 19, -16, 17, -14, 14, -11, 12, -7, 12, -3, 11, 0, 12, 3, 12, 5, 14, 6, 20, -8, 19, -4, -1, -1, -1, -1, -1, -1, -1, -1, 0, 0, 0, 0, 0, 0, 15, -42, 18, -41, 21, -38, 22, -36, 23, -36, 24, -35, 26, -35, 28, -34, 30, -34, 32, -35, 33, -35, 34, -35, 35, -35, 35, -34, 36, -34, 36, -33, 36, -31, 36, -31, 36, -29, 38, -29, 37, -28, 39, -29, 40, -29, 41, -31, 42, -32, 41, -33, 39, -33, 38, -34]"
rx1,2026-05-02 20:41:07.808,-58,"[97, -112, 5, 0, 5, -17, 6, -13, 9, -9, 12, -6, 15, -3, 18, -3, 22, -3, 24, -4, 26, -7, 26, -9, 25, -11, 23, -13, 20, -14, 17, -13, 13, -12, 10, -8, 7, -5, 4, -1, 2, 3, 2, 6, 2, 10, 3, 13, 4, 15, 5, 16, 6, 16, 0, 0, 0, 0, 0, 0, 0, 0, 0, 0, 0, 0, 0, 0, 0, 0, 0, 0, 0, 0, 0, 0, -11, -10, -9, -11, -7, -13, -6, -16, -6, -18, -6, -21, -7, -22, -8, -24, -8, -25, -9, -24, -9, -24, -9, -22, -7, -21, -6, -19, -3, -18, 0, -17, 3, -18, 6, -19, 9, -21, 11, -23, 11, -25, 12, -28, 11, -29, 9, -30, 7, -30, 6, -28, -1, -1, 9, -45, 8, -40, 10, -35, 13, -31, 16, -27, 20, -23, 23, -22, 27, -22, 29, -23, 30, -26, 31, -27, 30, -29, 28, -30, 26, -30, 24, -29, 21, -27, 18, -22, 15, -18, 13, -14, 12, -8, 11, -4, 11, 0, 12, 4, 13, 7, 14, 9, 15, 11, 18, -7, 17, -4, 0, 0, -1, -1, -1, -1, 0, 0, 0, 0, 0, 0, -1, -1, -22, -34, -18, -36, -17, -28, -15, -30, -13, -33, -11, -35, -10, -38, -11, -41, -11, -43, -11, -45, -12, -46, -12, -48, -12, -46, -11, -46, -8, -44, -6, -42, -4, -42, -1, -41, 3, -41, 6, -42, 8, -44, 11, -46, 12, -49, 13, -52, 11, -53, 11, -54, 10, -55, 8, -53]"
rx1,2026-05-02 20:41:08.008,-57,"[97, -112, 5, 0, 10, 16, 8, 17, 7, 17, 7, 17, 6, 18, 7, 19, 7, 20, 8, 20, 10, 19, 11, 19, 12, 18, 13, 16, 13, 15, 11, 13, 10, 12, 8, 10, 6, 10, 4, 9, 2, 9, 0, 10, -2, 11, -3, 11, -3, 12, -3, 13, -3, 13, 0, 0, 0, 0, 0, 0, 0, 0, 0, 0, 0, 0, 0, 0, 0, 0, 0, 0, 0, 0, 0, 0, 12, 13, 11, 13, 10, 12, 10, 13, 8, 13, 8, 14, 7, 15, 7, 17, 7, 18, 8, 19, 8, 20, 9, 21, 9, 21, 10, 21, 11, 21, 10, 21, 11, 21, 11, 20, 12, 20, 13, 20, 13, 19, 14, 20, 14, 18, 14, 18, 14, 18, 14, 18, -1, -1, 24, 31, 23, 30, 22, 29, 21, 30, 20, 29, 19, 30, 19, 30, 20, 31, 21, 30, 22, 29, 24, 28, 24, 27, 24, 26, 23, 24, 24, 23, 22, 22, 19, 21, 16, 20, 13, 20, 10, 19, 7, 19, 5, 19, 4, 20, 3, 21, 2, 21, 1, 21, 5, 16, 4, 17, 0, 0, 0, 0, -1, -1, 0, 0, 0, 0, -1, -1, -1, -1, 26, 27, 23, 30, 23, 27, 22, 28, 21, 28, 20, 29, 19, 29, 19, 30, 18, 32, 17, 34, 18, 36, 18, 37, 19, 38, 20, 38, 20, 38, 21, 38, 21, 38, 21, 37, 22, 37, 23, 35, 24, 35, 25, 35, 25, 35, 26, 35, 27, 34, 28, 33, 27, 33, 28, 32]"
rx1,2026-05-02 20:41:08.205,-56,"[97, -112, 5, 0, -22, -15, -22, -16, -20, -15, -21, -15, -20, -13, -20, -12, -19, -12, -18, -10, -17, -11, -15, -11, -14, -11, -13, -12, -12, -13, -12, -14, -11, -15, -11, -16, -11, -16, -12, -16, -11, -15, -11, -14, -11, -13, -10, -12, -9, -11, -7, -10, -5, -9, 0, 0, 0, 0, 0, 0, 0, 0, 0, 0, 0, 0, 0, 0, 0, 0, 0, 0, 0, 0, 0, 0, -14, -12, -16, -14, -18, -15, -20, -15, -21, -15, -23, -14, -24, -12, -24, -11, -24, -10, -23, -10, -22, -10, -21, -11, -19, -12, -18, -12, -18, -13, -18, -14, -18, -15, -18, -16, -20, -16, -21, -17, -22, -16, -23, -16, -22, -16, -23, -16, -23, -16, -23, -15, -1, -1, -42, -27, -43, -27, -42, -27, -40, -26, -40, -26, -38, -25, -37, -24, -36, -23, -34, -21, -33, -22, -31, -22, -30, -21, -28, -22, -27, -24, -26, -24, -25, -25, -23, -27, -23, -27, -22, -27, -20, -27, -19, -25, -18, -24, -16, -22, -14, -21, -12, -20, -9, -19, -6, -22, -3, -20, 0, 0, 0, 0, -1, -1, 0, 0, 0, 0, 0, -1, 0, -1, -31, -7, -31, -9, -29, -17, -32, -19, -33, -20, -36, -21, -38, -21, -40, -20, -42, -19, -42, -20, -43, -18, -43, -20, -42, -20, -41, -20, -40, -21, -39, -23, -38, -24, -39, -24, -39, -25, -40, -26, -41, -26, -42, -27, -43, -27, -45, -27, -45, -27, -45, -27, -45, -27, -46, -27]"
rx1,2026-05-02 20:41:08.406,-56,"[97, -112, 5, 0, 15, -23, 13, -21, 12, -18, 12, -15, 11, -12, 12, -10, 13, -7, 14, -6, 16, -5, 18, -5, 20, -4, 21, -5, 22, -5, 23, -7, 22, -7, 21, -7, 20, -7, 18, -6, 17, -5, 14, -4, 12, -3, 11, 0, 9, 1, 8, 3, 8, 6, 0, 0, 0, 0, 0, 0, 0, 0, 0, 0, 0, 0, 0, 0, 0, 0, 0, 0, 0, 0, 0, 0, 4, -12, 7, -12, 8, -13, 10, -15, 11, -17, 12, -20, 12, -22, 12, -24, 10, -25, 9, -25, 7, -25, 6, -24, 5, -22, 5, -19, 5, -17, 6, -15, 8, -13, 11, -12, 13, -11, 17, -11, 19, -12, 21, -15, 23, -17, 24, -20, 23, -22, 22, -24, -1, -1, 33, -47, 31, -47, 28, -43, 28, -41, 27, -37, 26, -33, 26, -31, 28, -28, 29, -25, 31, -25, 33, -23, 35, -23, 36, -22, 37, -22, 39, -23, 38, -22, 38, -21, 36, -19, 34, -17, 32, -16, 30, -13, 28, -10, 26, -7, 25, -4, 23, -1, 22, 3, 30, -2, 28, 3, 0, 0, -1, -1, -1, -1, 0, 0, 0, 0, 0, 0, -1, -1, 4, -35, 6, -36, 8, -29, 11, -29, 13, -32, 15, -33, 17, -36, 17, -39, 18, -41, 18, -44, 17, -46, 17, -48, 16, -48, 16, -46, 16, -44, 16, -42, 16, -40, 17, -39, 19, -36, 22, -36, 24, -35, 28, -36, 31, -38, 33, -41, 35, -43, 37, -45, 37, -47, 36, -49]"
rx1,2026-05-02 20:41:08.609,-56,"[97, -112, 5, 0, -9, -26, -8, -23, -6, -20, -4, -18, -1, -16, 1, -16, 4, -16, 6, -17, 8, -19, 9, -20, 9, -22, 8, -23, 8, -24, 8, -24, 7, -23, 6, -22, 6, -21, 6, -18, 6, -16, 6, -13, 7, -11, 8, -9, 9, -7, 11, -6, 12, -4, 0, 0, 0, 0, 0, 0, 0, 0, 0, 0, 0, 0, 0, 0, 0, 0, 0, 0, 0, 0, 0, 0, -8, -11, -7, -14, -7, -16, -7, -19, -8, -22, -10, -24, -11, -25, -14, -26, -16, -26, -17, -24, -17, -22, -17, -20, -15, -18, -13, -16, -10, -15, -7, -15, -4, -15, -1, -17, 0, -20, 2, -23, 2, -26, 1, -29, 0, -31, -3, -33, -6, -33, -8, -33, -1, -1, -10, -28, -10, -27, -9, -25, -8, -24, -7, -23, -5, -21, -4, -21, -2, -20, -1, -21, 0, -22, 1, -22, 1, -23, 1, -23, 2, -23, 1, -24, 2, -23, 2, -22, 2, -21, 3, -20, 3, -18, 4, -16, 5, -15, 5, -13, 7, -12, 8, -11, 9, -9, 8, -14, 9, -12, -1, -1, -1, -1, -1, -1, -1, -1, -1, -1, 0, 0, 0, 0, -15, -13, -14, -14, -11, -13, -10, -14, -10, -17, -10, -18, -11, -20, -12, -21, -13, -22, -14, -22, -15, -23, -15, -23, -15, -22, -15, -22, -14, -21, -13, -20, -11, -19, -10, -20, -9, -20, -7, -21, -6, -22, -6, -24, -6, -25, -7, -27, -7, -28, -8, -30, -9, -30, -10, -30]"
rx1,2026-05-02 20:41:08.811,-56,"[97, -112, 5, 0, 14, 22, 13, 20, 10, 18, 8, 15, 6, 13, 3, 13, -1, 13, -3, 14, -5, 16, -6, 18, -7, 19, -8, 20, -7, 21, -6, 23, -6, 21, -5, 21, -5, 19, -5, 17, -5, 15, -6, 13, -6, 11, -8, 9, -8, 6, -9, 5, -11, 3, 0, 0, 0, 0, 0, 0, 0, 0, 0, 0, 0, 0, 0, 0, 0, 0, 0, 0, 0, 0, 0, 0, 8, 4, 9, 7, 9, 10, 10, 12, 13, 15, 15, 16, 17, 17, 19, 17, 21, 17, 23, 15, 22, 13, 22, 11, 20, 9, 17, 8, 14, 8, 11, 8, 8, 9, 6, 11, 4, 14, 3, 18, 3, 20, 5, 24, 5, 27, 8, 29, 11, 29, 13, 28, -1, -1, 34, 44, 33, 42, 32, 40, 29, 38, 26, 36, 21, 34, 19, 33, 15, 33, 12, 33, 10, 35, 8, 36, 6, 39, 5, 39, 5, 41, 5, 41, 4, 41, 3, 40, 3, 38, 1, 36, 0, 33, -2, 30, -4, 27, -6, 24, -7, 22, -10, 20, -13, 17, -7, 28, -10, 25, -1, -1, -1, -1, -1, -1, -1, -1, -1, -1, 0, 0, 0, 0, 36, 6, 36, 9, 26, 9, 27, 13, 27, 17, 29, 20, 32, 23, 34, 25, 37, 27, 39, 27, 43, 28, 43, 28, 44, 26, 43, 25, 41, 24, 39, 23, 35, 23, 32, 23, 29, 25, 28, 27, 26, 30, 25, 35, 25, 37, 27, 41, 28, 44, 30, 47, 32, 48, 35, 47]"
rx1,2026-05-02 20:41:09.010,-59,"[97, -112, 5, 0, 27, 11, 23, 8, 20, 7, 15, 7, 11, 7, 7, 8, 4, 11, 1, 13, 0, 18, -1, 20, -1, 23, 0, 25, 0, 27, 1, 27, 2, 26, 2, 25, 2, 22, 1, 20, 0, 17, -2, 14, -4, 11, -7, 8, -9, 6, -11, 4, -13, 3, 0, 0, 0, 0, 0, 0, 0, 0, 0, 0, 0, 0, 0, 0, 0, 0, 0, 0, 0, 0, 0, 0, 7, -7, 9, -4, 13, -3, 16, -2, 20, -2, 22, -3, 25, -4, 27, -6, 28, -7, 29, -9, 27, -11, 24, -11, 22, -11, 19, -10, 15, -7, 12, -4, 10, 0, 10, 4, 10, 8, 12, 13, 14, 16, 18, 19, 22, 21, 25, 21, 28, 20, 30, 18, -1, -1, 59, 21, 56, 19, 53, 18, 48, 18, 43, 18, 37, 19, 33, 21, 30, 23, 26, 27, 24, 30, 23, 34, 21, 38, 21, 40, 22, 42, 22, 43, 22, 43, 19, 42, 18, 41, 15, 38, 12, 35, 8, 32, 5, 29, 0, 26, -3, 24, -7, 22, -10, 20, 0, 34, -5, 32, 0, 0, -1, -1, -1, -1, 0, 0, 0, 0, 0, 0, -1, -1, 32, -20, 34, -18, 25, -15, 29, -12, 32, -11, 36, -9, 40, -9, 45, -9, 48, -9, 51, -10, 53, -12, 54, -12, 54, -13, 52, -12, 50, -11, 47, -10, 45, -7, 41, -4, 41, 1, 40, 5, 40, 10, 42, 14, 45, 19, 49, 21, 53, 25, 56, 26, 59, 26, 62, 25]"
rx1,2026-05-02 20:41:09.210,-58,"[97, -112, 5, 0, 22, 15, 21, 13, 18, 10, 16, 9, 12, 8, 10, 9, 7, 10, 5, 11, 4, 14, 4, 17, 4, 19, 4, 21, 6, 23, 8, 23, 8, 23, 8, 22, 8, 20, 8, 18, 6, 16, 4, 14, 2, 12, -1, 11, -3, 10, -5, 9, -8, 9, 0, 0, 0, 0, 0, 0, 0, 0, 0, 0, 0, 0, 0, 0, 0, 0, 0, 0, 0, 0, 0, 0, 11, 0, 12, 3, 12, 4, 12, 6, 13, 8, 15, 9, 17, 10, 19, 10, 21, 10, 22, 10, 22, 9, 22, 7, 21, 6, 19, 4, 17, 4, 14, 4, 12, 5, 10, 7, 9, 9, 9, 12, 9, 15, 11, 18, 12, 20, 15, 21, 18, 22, 21, 20, -1, -1, 47, 28, 47, 25, 45, 24, 43, 22, 39, 21, 35, 20, 32, 20, 30, 22, 28, 22, 26, 25, 25, 29, 25, 31, 24, 33, 25, 35, 27, 35, 27, 35, 26, 36, 26, 34, 23, 32, 21, 31, 17, 29, 14, 27, 10, 26, 6, 25, 2, 25, -1, 24, 9, 33, 4, 32, 0, 0, -1, -1, -1, -1, 0, 0, 0, 0, 0, 0, -1, -1, 31, -1, 32, 2, 27, 2, 28, 5, 28, 6, 29, 9, 32, 11, 34, 13, 37, 14, 39, 15, 42, 14, 43, 16, 43, 16, 43, 15, 43, 14, 41, 13, 39, 13, 37, 12, 35, 13, 34, 15, 33, 17, 33, 20, 33, 23, 36, 25, 38, 29, 40, 31, 43, 32, 46, 30]"
rx1,2026-05-02 20:41:09.411,-60,"[97, -112, 5, 0, -11, 21, -11, 21, -12, 22, -11, 23, -10, 23, -9, 23, -8, 24, -7, 23, -5, 23, -5, 21, -5, 21, -5, 19, -5, 19, -7, 18, -8, 16, -9, 16, -10, 15, -12, 14, -12, 15, -13, 14, -13, 14, -13, 14, -13, 13, -12, 12, -12, 11, 0, 0, 0, 0, 0, 0, 0, 0, 0, 0, 0, 0, 0, 0, 0, 0, 0, 0, 0, 0, 0, 0, -3, 14, -4, 13, -4, 12, -5, 12, -6, 13, -7, 13, -8, 13, -10, 14, -10, 15, -12, 17, -12, 18, -13, 19, -12, 20, -11, 21, -10, 22, -10, 22, -9, 23, -8, 23, -6, 22, -6, 22, -6, 21, -6, 21, -6, 21, -6, 20, -7, 20, -7, 20, -1, -1, -16, 40, -16, 40, -16, 41, -16, 40, -16, 40, -15, 41, -14, 41, -12, 41, -10, 40, -9, 40, -9, 38, -8, 39, -8, 37, -9, 36, -11, 35, -11, 33, -14, 32, -15, 30, -17, 29, -18, 29, -19, 27, -19, 26, -20, 25, -20, 24, -20, 23, -21, 20, -20, 16, -20, 13, 0, 0, -1, -1, -1, -1, 0, 0, 0, 0, 0, 0, -1, -1, -8, 32, -11, 31, -9, 30, -10, 28, -12, 28, -12, 28, -13, 28, -15, 29, -16, 30, -18, 31, -19, 33, -21, 34, -20, 35, -21, 37, -21, 38, -21, 39, -19, 40, -18, 40, -17, 40, -16, 40, -14, 40, -14, 41, -13, 40, -13, 41, -12, 40, -12, 40, -13, 40, -14, 39]"
rx1,2026-05-02 20:41:09.616,-59,"[97, -112, 5, 0, 22, 8, 19, 6, 17, 6, 14, 6, 11, 7, 9, 8, 8, 11, 7, 13, 7, 16, 7, 17, 8, 20, 10, 20, 11, 21, 13, 21, 12, 19, 12, 19, 11, 16, 10, 15, 8, 13, 5, 12, 3, 11, 0, 11, -3, 11, -5, 11, -7, 11, 0, 0, 0, 0, 0, 0, 0, 0, 0, 0, 0, 0, 0, 0, 0, 0, 0, 0, 0, 0, 0, 0, 8, 2, 8, 3, 10, 4, 11, 4, 13, 5, 14, 5, 16, 5, 18, 4, 19, 3, 20, 3, 18, 1, 17, 0, 16, 0, 15, 0, 12, 1, 11, 2, 9, 4, 9, 6, 10, 8, 11, 11, 13, 13, 16, 14, 18, 16, 20, 16, 22, 15, 24, 13, -1, -1, 48, 12, 47, 9, 43, 8, 43, 9, 38, 9, 35, 12, 33, 12, 31, 15, 31, 17, 31, 20, 30, 22, 31, 24, 32, 25, 32, 26, 35, 26, 33, 25, 33, 27, 30, 25, 28, 25, 25, 24, 21, 23, 18, 22, 14, 23, 11, 23, 7, 23, 3, 24, 17, 29, 12, 29, 0, 0, -1, -1, -1, -1, 0, 0, 0, 0, 0, 0, -1, -1, 20, -3, 20, -2, 19, 0, 20, 2, 21, 2, 23, 3, 26, 4, 28, 4, 31, 4, 33, 4, 35, 2, 36, 2, 36, 1, 35, 0, 35, 1, 34, 0, 31, 2, 31, 2, 29, 4, 31, 6, 31, 8, 33, 11, 35, 13, 39, 14, 43, 16, 44, 17, 47, 16, 49, 14]"
rx1,2026-05-02 20:41:09.813,-62,"[97, -112, 5, 0, 32, 7, 29, 4, 25, 2, 21, 2, 16, 1, 11, 3, 6, 5, 3, 8, 0, 11, -3, 16, -5, 20, -5, 23, -5, 25, -4, 27, -2, 28, -2, 27, -1, 25, -1, 23, -1, 19, -1, 16, -2, 13, -4, 9, -6, 5, -8, 2, -11, -1, 0, 0, 0, 0, 0, 0, 0, 0, 0, 0, 0, 0, 0, 0, 0, 0, 0, 0, 0, 0, 0, 0, -3, -10, 0, -9, 2, -9, 5, -9, 8, -9, 11, -10, 13, -12, 16, -14, 17, -16, 19, -19, 18, -19, 17, -20, 15, -20, 14, -19, 11, -18, 9, -14, 7, -10, 8, -7, 8, -2, 11, 3, 12, 6, 17, 10, 21, 13, 25, 15, 29, 14, 32, 12, -1, -1, 32, 4, 32, 3, 30, 2, 28, 3, 26, 3, 22, 3, 20, 4, 17, 6, 16, 8, 14, 10, 12, 13, 11, 14, 10, 17, 10, 19, 10, 19, 10, 20, 9, 21, 9, 20, 8, 19, 7, 18, 5, 17, 4, 15, 3, 13, 1, 11, -1, 10, -3, 8, 2, 18, -2, 17, 0, 0, -1, -1, -1, -1, 0, 0, 0, 0, 0, 0, -1, -1, 7, -15, 9, -14, 4, -12, 5, -11, 7, -11, 8, -11, 11, -12, 13, -12, 15, -13, 16, -14, 18, -15, 19, -16, 19, -16, 19, -17, 19, -16, 19, -16, 18, -14, 17, -13, 17, -10, 18, -9, 17, -6, 19, -4, 20, -1, 23, 0, 26, 3, 28, 3, 30, 4, 32, 4]"
rx1,2026-05-02 20:41:10.015,-61,"[97, -112, 5, 0, 24, -18, 23, -20, 22, -21, 20, -22, 16, -20, 13, -18, 10, -16, 7, -11, 5, -7, 4, -2, 4, 2, 4, 7, 6, 12, 8, 15, 9, 18, 11, 19, 12, 20, 13, 20, 13, 18, 12, 17, 11, 14, 10, 12, 8, 9, 5, 7, 2, 4, 0, 0, 0, 0, 0, 0, 0, 0, 0, 0, 0, 0, 0, 0, 0, 0, 0, 0, 0, 0, 0, 0, -16, 6, -15, 5, -14, 4, -12, 1, -11, -1, -11, -4, -9, -8, -9, -11, -9, -14, -9, -18, -9, -21, -11, -23, -12, -25, -13, -24, -13, -24, -14, -22, -13, -20, -12, -17, -10, -14, -6, -12, -3, -10, 2, -9, 7, -9, 12, -9, 16, -10, 20, -13, -1, -1, 44, -31, 44, -31, 44, -32, 43, -32, 41, -31, 37, -28, 34, -26, 31, -22, 28, -17, 25, -12, 24, -6, 24, -1, 25, 5, 25, 10, 27, 15, 28, 18, 29, 22, 29, 24, 29, 24, 27, 24, 25, 24, 24, 22, 21, 21, 18, 19, 13, 18, 9, 15, 10, 23, 6, 23, -1, -1, -1, -1, -1, -1, -1, -1, 0, 0, 0, 0, 0, 0, -13, -26, -11, -27, -19, -8, -18, -10, -17, -12, -14, -15, -12, -18, -10, -21, -9, -26, -7, -30, -6, -34, -5, -38, -4, -41, -3, -43, -3, -45, -4, -45, -4, -44, -4, -42, -2, -39, 0, -37, 3, -35, 7, -32, 11, -30, 17, -30, 24, -27, 29, -27, 34, -27, 39, -29]"
rx1,2026-05-02 20:41:10.213,-62,"[97, -112, 5, 0, -31, -11, -31, -8, -30, -6, -27, -4, -25, -2, -20, -1, -15, -1, -11, -2, -7, -4, -4, -7, -1, -11, 1, -16, 3, -19, 3, -23, 3, -25, 2, -27, 1, -27, 0, -26, -1, -25, -2, -22, -2, -19, -2, -15, -1, -11, 0, -7, 3, -4, 0, 0, 0, 0, 0, 0, 0, 0, 0, 0, 0, 0, 0, 0, 0, 0, 0, 0, 0, 0, 0, 0, 4, 15, 3, 14, 3, 13, 1, 12, -1, 11, -3, 11, -6, 10, -9, 10, -12, 10, -16, 12, -17, 12, -19, 14, -19, 16, -20, 16, -18, 17, -17, 17, -15, 15, -13, 14, -11, 10, -11, 7, -10, 3, -12, -1, -14, -6, -17, -9, -20, -11, -23, -12, -1, -1, -54, -20, -57, -20, -55, -18, -54, -18, -51, -16, -46, -14, -43, -14, -37, -14, -33, -15, -28, -18, -25, -22, -20, -27, -18, -31, -15, -35, -14, -40, -13, -43, -12, -46, -11, -46, -11, -45, -10, -44, -9, -41, -8, -37, -5, -33, -3, -30, 0, -25, 4, -21, 8, -34, 12, -30, 0, 0, -1, -1, -1, -1, 0, 0, 0, 0, 0, 0, -1, -1, -18, 17, -21, 14, -7, 22, -9, 21, -10, 19, -12, 18, -16, 17, -19, 16, -23, 15, -27, 15, -31, 15, -35, 15, -38, 16, -41, 16, -41, 17, -41, 17, -40, 17, -40, 17, -38, 15, -37, 13, -35, 9, -35, 5, -35, 1, -37, -3, -40, -9, -43, -13, -46, -17, -50, -19]"
rx1,2026-05-02 20:41:10.414,-65,"[97, -112, 5, 0, -24, 13, -26, 14, -25, 15, -23, 15, -21, 15, -18, 14, -14, 12, -10, 9, -6, 5, -3, -1, 0, -5, 3, -10, 4, -16, 5, -20, 5, -23, 5, -25, 4, -26, 3, -26, 1, -24, 0, -20, -1, -17, -1, -13, -2, -9, -2, -5, -2, 0, 0, 0, 0, 0, 0, 0, 0, 0, 0, 0, 0, 0, 0, 0, 0, 0, 0, 0, 0, 0, 0, 0, 13, -9, 13, -10, 13, -11, 12, -11, 11, -10, 11, -9, 10, -8, 9, -5, 9, -3, 8, 1, 9, 5, 10, 8, 10, 11, 11, 12, 13, 14, 13, 14, 13, 15, 13, 14, 12, 12, 11, 11, 8, 10, 5, 9, 0, 8, -5, 8, -10, 8, -14, 9, -1, -1, -40, 24, -43, 24, -44, 24, -44, 23, -44, 23, -42, 20, -39, 19, -35, 15, -31, 10, -28, 4, -25, -3, -22, -8, -20, -15, -19, -22, -15, -27, -16, -32, -14, -35, -14, -39, -13, -39, -13, -38, -12, -37, -11, -33, -9, -30, -8, -26, -6, -22, -4, -18, 2, -37, 9, -34, 0, 0, 0, 0, -1, -1, 0, 0, 0, 0, -1, -1, -1, -1, 4, 5, 4, 5, 14, -6, 14, -6, 15, -6, 14, -6, 14, -4, 13, -3, 11, -1, 11, 3, 11, 6, 10, 11, 10, 14, 8, 18, 9, 22, 9, 24, 10, 25, 9, 27, 9, 27, 8, 26, 6, 26, 3, 26, -1, 24, -5, 24, -11, 22, -17, 23, -24, 23, -30, 23]"
rx1,2026-05-02 20:41:10.615,-58,"[97, -112, 5, 0, -12, 21, -11, 22, -10, 23, -9, 24, -8, 23, -6, 23, -5, 22, -4, 20, -4, 19, -4, 17, -4, 15, -5, 13, -7, 12, -9, 12, -10, 10, -12, 10, -13, 10, -14, 10, -14, 9, -14, 8, -14, 8, -14, 8, -13, 7, -12, 6, -11, 5, 0, 0, 0, 0, 0, 0, 0, 0, 0, 0, 0, 0, 0, 0, 0, 0, 0, 0, 0, 0, 0, 0, 6, 16, 6, 16, 5, 14, 4, 13, 3, 13, 1, 12, -1, 13, -3, 14, -5, 15, -7, 17, -7, 19, -8, 22, -7, 23, -6, 25, -4, 25, -3, 26, -1, 26, 1, 25, 2, 23, 2, 22, 2, 19, 2, 18, -1, 17, -2, 17, -5, 17, -6, 18, -1, -1, -17, 37, -18, 38, -17, 39, -17, 39, -16, 39, -13, 38, -12, 38, -11, 36, -10, 34, -10, 33, -10, 30, -10, 29, -12, 27, -13, 25, -15, 24, -16, 22, -19, 21, -20, 20, -21, 19, -21, 18, -22, 16, -22, 15, -21, 14, -20, 12, -19, 11, -19, 8, -16, 6, -15, 3, 0, 0, -1, -1, -1, -1, 0, 0, 0, 0, 0, 0, 0, -1, -4, 32, -7, 33, 2, 32, 1, 31, 0, 31, -1, 29, -3, 29, -5, 29, -7, 30, -10, 31, -12, 33, -14, 35, -15, 36, -16, 39, -15, 40, -14, 42, -12, 42, -11, 43, -9, 43, -7, 42, -5, 40, -4, 39, -5, 37, -5, 36, -8, 35, -9, 34, -12, 34, -13, 35]"
rx1,2026-05-02 20:41:10.819,-56,"[97, -112, 5, 0, -15, -21, -13, -19, -11, -17, -9, -17, -7, -16, -6, -17, -4, -17, -3, -18, -3, -20, -2, -21, -3, -22, -2, -22, -3, -23, -4, -23, -4, -22, -4, -21, -4, -20, -4, -19, -3, -16, -2, -15, -1, -14, 1, -12, 3, -10, 4, -9, 6, -9, 0, 0, 0, 0, 0, 0, 0, 0, 0, 0, 0, 0, 0, 0, 0, 0, 0, 0, 0, 0, 0, 0, -8, -16, -9, -18, -10, -19, -11, -20, -12, -21, -14, -21, -16, -21, -17, -20, -17, -19, -17, -19, -16, -17, -14, -16, -13, -16, -11, -15, -9, -16, -8, -16, -6, -18, -6, -19, -6, -21, -7, -23, -8, -25, -10, -26, -10, -27, -13, -28, -14, -27, -16, -26, -1, -1, -33, -39, -33, -38, -31, -36, -29, -36, -26, -35, -24, -34, -22, -33, -20, -34, -19, -34, -19, -37, -17, -37, -17, -38, -16, -39, -16, -39, -18, -40, -16, -38, -15, -39, -13, -37, -12, -35, -10, -33, -8, -31, -6, -29, -3, -27, -1, -26, 1, -24, 5, -22, 1, -29, 4, -25, 0, 0, -1, -1, -1, -1, 0, 0, 0, 0, 0, 0, -1, -1, -26, -17, -24, -19, -20, -25, -21, -27, -22, -30, -23, -31, -26, -32, -28, -32, -30, -33, -31, -32, -33, -32, -32, -33, -31, -32, -30, -32, -28, -32, -26, -31, -25, -31, -26, -32, -24, -33, -23, -36, -23, -37, -25, -39, -26, -40, -29, -42, -29, -43, -31, -44, -33, -44, -35, -43]"
rx1,2026-05-02 20:41:11.017,-57,"[97, -112, 5, 0, -15, -9, -14, -12, -14, -15, -15, -18, -17, -19, -19, -20, -21, -20, -23, -18, -24, -16, -24, -13, -23, -11, -21, -9, -19, -7, -14, -7, -10, -7, -6, -7, -2, -9, 1, -10, 4, -13, 5, -15, 6, -17, 6, -18, 5, -19, 5, -20, 3, -19, 0, 0, 0, 0, 0, 0, 0, 0, 0, 0, 0, 0, 0, 0, 0, 0, 0, 0, 0, 0, 0, 0, -16, 12, -17, 11, -18, 11, -19, 10, -19, 10, -19, 9, -19, 9, -19, 8, -19, 6, -20, 5, -20, 3, -20, 1, -21, -1, -21, -3, -23, -4, -24, -4, -26, -5, -28, -3, -29, -3, -29, -1, -29, 0, -29, 1, -27, 3, -25, 3, -22, 2, -20, 1, -1, -1, -30, -4, -30, -7, -28, -11, -29, -14, -29, -17, -29, -19, -32, -19, -34, -19, -35, -17, -37, -17, -36, -14, -35, -11, -32, -10, -29, -8, -26, -8, -21, -8, -16, -10, -12, -11, -8, -13, -5, -15, -3, -18, -2, -20, -1, -22, -1, -23, -1, -23, -1, -22, -9, -9, -6, -9, -1, -1, -1, -1, -1, -1, -1, -1, -1, -1, 0, 0, 0, 0, -33, 18, -34, 15, -33, 18, -34, 15, -35, 15, -35, 14, -37, 13, -36, 12, -37, 11, -37, 9, -38, 8, -38, 6, -38, 3, -38, 1, -38, -1, -39, -2, -39, -3, -42, -4, -42, -4, -43, -3, -44, -1, -44, 0, -44, 1, -44, 3, -43, 3, -40, 4, -39, 4, -36, 2]"
rx1,2026-05-02 20:41:11.216,-59,"[97, -112, 5, 0, -15, -10, -13, -12, -10, -14, -9, -16, -9, -18, -10, -20, -11, -22, -14, -22, -16, -22, -18, -20, -19, -18, -19, -15, -18, -12, -16, -10, -12, -8, -9, -7, -5, -6, -1, -7, 3, -8, 5, -10, 6, -13, 8, -15, 7, -16, 7, -18, 6, -18, 0, 0, 0, 0, 0, 0, 0, 0, 0, 0, 0, 0, 0, 0, 0, 0, 0, 0, 0, 0, 0, 0, -20, 3, -18, 0, -18, -1, -17, -4, -18, -7, -18, -8, -19, -9, -21, -11, -23, -11, -23, -11, -23, -11, -23, -11, -23, -10, -23, -10, -21, -11, -21, -11, -20, -11, -20, -13, -20, -13, -21, -14, -22, -14, -24, -14, -24, -13, -24, -12, -24, -11, -22, -10, -1, -1, -36, -11, -33, -11, -30, -12, -29, -15, -26, -17, -25, -19, -26, -20, -27, -22, -29, -22, -32, -22, -32, -20, -33, -18, -34, -15, -32, -13, -30, -11, -26, -9, -22, -9, -17, -9, -13, -10, -9, -11, -5, -13, -3, -16, -2, -18, -1, -20, -1, -21, -1, -22, -13, -10, -11, -11, -1, -1, -1, -1, -1, -1, -1, -1, -1, -1, 0, 0, 0, 0, -51, 7, -50, 2, -44, 2, -42, -1, -41, -3, -40, -6, -41, -9, -41, -11, -43, -13, -44, -15, -47, -14, -47, -16, -46, -16, -46, -16, -45, -15, -44, -15, -42, -15, -43, -15, -41, -15, -41, -16, -41, -16, -42, -16, -42, -17, -43, -15, -44, -15, -44, -14, -44, -13, -42, -12]"
rx1,2026-05-02 20:41:11.415,-58,"[97, -112, 5, 0, -27, -1, -26, 1, -25, 2, -23, 2, -20, 3, -17, 3, -13, 2, -10, 1, -8, -2, -6, -5, -6, -8, -6, -12, -6, -14, -8, -16, -10, -17, -11, -18, -13, -17, -14, -15, -14, -12, -13, -9, -11, -6, -10, -4, -7, -1, -4, 0, -1, 0, 0, 0, 0, 0, 0, 0, 0, 0, 0, 0, 0, 0, 0, 0, 0, 0, 0, 0, 0, 0, 0, 0, -18, 15, -19, 16, -20, 17, -20, 19, -19, 20, -18, 20, -18, 20, -17, 19, -17, 18, -17, 16, -16, 14, -17, 12, -18, 10, -18, 9, -19, 8, -20, 7, -20, 7, -20, 6, -20, 6, -20, 5, -21, 3, -21, 3, -22, 1, -23, 0, -24, -1, -25, -1, -1, -1, -49, 6, -50, 6, -48, 6, -47, 6, -44, 6, -40, 6, -37, 5, -34, 3, -31, 1, -29, -2, -27, -6, -25, -9, -25, -13, -26, -16, -27, -18, -27, -21, -29, -22, -29, -22, -29, -21, -28, -19, -26, -17, -23, -15, -21, -13, -17, -11, -13, -10, -8, -9, -13, -23, -8, -24, -1, -1, -1, -1, -1, -1, -1, -1, 0, 0, 0, 0, 0, 0, -16, 24, -18, 23, -27, 25, -29, 27, -30, 29, -30, 30, -30, 31, -31, 31, -31, 31, -31, 30, -31, 31, -33, 28, -32, 26, -34, 23, -35, 21, -36, 20, -37, 19, -38, 18, -39, 18, -39, 18, -39, 16, -40, 16, -41, 14, -41, 13, -44, 11, -45, 10, -46, 8, -48, 7]"
rx1,2026-05-02 20:41:11.616,-58,"[97, -112, 5, 0, 21, 13, 21, 12, 20, 10, 18, 8, 16, 6, 13, 5, 10, 5, 7, 4, 4, 6, 1, 8, -1, 11, -3, 14, -3, 16, -2, 18, 0, 20, 1, 21, 3, 20, 5, 18, 6, 15, 6, 12, 5, 8, 5, 5, 3, 2, 1, -1, -2, -4, 0, 0, 0, 0, 0, 0, 0, 0, 0, 0, 0, 0, 0, 0, 0, 0, 0, 0, 0, 0, 0, 0, 19, -3, 21, -3, 22, -4, 23, -5, 24, -6, 23, -7, 23, -7, 22, -7, 22, -6, 21, -5, 20, -3, 19, -2, 19, 0, 19, 1, 19, 2, 19, 3, 19, 4, 19, 4, 19, 5, 19, 6, 18, 7, 19, 8, 18, 9, 19, 11, 19, 12, 20, 12, -1, -1, 41, 24, 42, 23, 40, 22, 40, 22, 36, 20, 34, 18, 30, 17, 27, 17, 24, 17, 20, 19, 16, 22, 13, 24, 12, 28, 11, 30, 11, 33, 11, 34, 12, 37, 12, 35, 12, 34, 12, 31, 11, 28, 9, 24, 7, 20, 4, 17, 1, 13, -3, 11, -5, 29, -10, 26, -1, -1, -1, -1, -1, -1, -1, -1, 0, 0, 0, 0, 0, 0, 26, -6, 27, -4, 33, -5, 35, -4, 36, -5, 37, -5, 39, -6, 39, -6, 40, -6, 39, -5, 40, -4, 39, -2, 39, 0, 39, 2, 39, 5, 38, 6, 39, 7, 40, 7, 39, 9, 40, 10, 39, 10, 40, 11, 38, 13, 40, 14, 40, 17, 40, 19, 41, 21, 42, 21]"
rx1,2026-05-02 20:41:11.825,-59,"[97, -112, 5, 0, 29, -4, 26, -4, 25, -4, 22, -4, 19, -3, 17, -2, 14, 0, 11, 2, 11, 5, 9, 9, 10, 12, 10, 15, 11, 17, 14, 19, 15, 19, 17, 20, 17, 17, 18, 16, 17, 13, 16, 11, 13, 7, 11, 5, 7, 3, 3, 2, -1, 1, 0, 0, 0, 0, 0, 0, 0, 0, 0, 0, 0, 0, 0, 0, 0, 0, 0, 0, 0, 0, 0, 0, 16, -14, 19, -15, 21, -17, 21, -19, 22, -21, 21, -23, 20, -24, 19, -24, 17, -24, 17, -21, 16, -20, 15, -17, 15, -14, 15, -11, 16, -9, 17, -7, 18, -5, 20, -4, 21, -3, 23, -3, 25, -2, 26, -2, 28, -2, 29, -2, 30, -2, 30, -3, -1, -1, 57, -12, 56, -12, 53, -11, 53, -11, 48, -9, 45, -8, 42, -7, 39, -4, 37, -1, 36, 3, 35, 7, 35, 11, 34, 15, 36, 17, 38, 20, 38, 22, 41, 24, 39, 23, 38, 23, 37, 21, 33, 20, 30, 17, 27, 16, 22, 15, 16, 15, 10, 14, 22, 31, 14, 31, -1, -1, -1, -1, -1, -1, -1, -1, 0, 0, 0, 0, 0, 0, 14, -28, 18, -28, 26, -26, 29, -28, 32, -31, 33, -32, 34, -34, 33, -36, 34, -37, 34, -37, 34, -37, 35, -36, 34, -33, 35, -30, 36, -28, 36, -25, 36, -22, 39, -21, 39, -18, 42, -17, 43, -16, 46, -16, 48, -15, 49, -16, 54, -14, 55, -14, 56, -14, 57, -13]"
rx1,2026-05-02 20:41:12.018,-58,"[97, -112, 5, 0, 14, 9, 12, 11, 11, 12, 11, 14, 11, 15, 12, 15, 13, 16, 15, 15, 16, 15, 17, 13, 18, 12, 17, 9, 16, 8, 14, 6, 11, 5, 9, 5, 5, 5, 2, 5, 0, 7, -2, 8, -3, 11, -3, 12, -3, 14, -3, 15, -1, 15, 0, 0, 0, 0, 0, 0, 0, 0, 0, 0, 0, 0, 0, 0, 0, 0, 0, 0, 0, 0, 0, 0, 20, -3, 18, -3, 17, -2, 16, 0, 15, 1, 14, 3, 15, 6, 15, 8, 17, 10, 18, 11, 19, 12, 20, 12, 21, 12, 22, 12, 22, 11, 22, 10, 22, 10, 22, 9, 22, 9, 22, 9, 21, 8, 21, 8, 21, 8, 20, 8, 20, 8, 19, 7, -1, -1, 32, 14, 30, 14, 28, 14, 27, 16, 26, 16, 26, 17, 26, 18, 27, 18, 28, 17, 30, 17, 30, 15, 30, 13, 30, 11, 27, 9, 27, 8, 23, 6, 20, 7, 16, 7, 13, 9, 10, 10, 7, 12, 5, 14, 4, 16, 4, 17, 4, 18, 4, 19, 10, 8, 9, 10, 0, 0, -1, -1, -1, -1, 0, 0, 0, 0, 0, 0, -1, -1, 41, 5, 41, 8, 40, 2, 37, 3, 36, 5, 35, 6, 34, 9, 34, 11, 34, 14, 35, 16, 36, 18, 37, 20, 39, 20, 39, 21, 40, 21, 41, 21, 40, 20, 40, 18, 40, 17, 40, 17, 39, 16, 39, 15, 38, 15, 39, 14, 38, 14, 38, 14, 37, 13, 37, 12]"
rx1,2026-05-02 20:41:12.222,-54,"[97, -112, 5, 0, -17, 16, -17, 15, -17, 14, -17, 13, -18, 13, -18, 13, -19, 13, -19, 14, -19, 15, -19, 16, -18, 17, -15, 17, -14, 17, -12, 15, -10, 14, -9, 11, -9, 9, -9, 6, -9, 3, -10, 1, -11, -1, -12, -2, -14, -2, -15, -2, -15, -2, 0, 0, 0, 0, 0, 0, 0, 0, 0, 0, 0, 0, 0, 0, 0, 0, 0, 0, 0, 0, 0, 0, -9, 25, -8, 23, -9, 20, -9, 19, -10, 16, -13, 15, -15, 14, -18, 14, -21, 15, -23, 15, -24, 17, -25, 18, -25, 20, -24, 22, -23, 23, -21, 23, -20, 23, -18, 22, -18, 22, -17, 22, -17, 21, -17, 20, -17, 20, -18, 20, -18, 20, -17, 20, -1, -1, -32, 35, -32, 34, -30, 32, -30, 30, -30, 29, -30, 29, -29, 28, -30, 28, -30, 29, -29, 29, -29, 31, -27, 31, -25, 31, -23, 31, -21, 29, -19, 27, -19, 24, -18, 20, -18, 16, -17, 12, -18, 10, -20, 8, -21, 6, -22, 5, -22, 4, -23, 4, -16, 8, -17, 6, 0, 0, 0, 0, 0, -1, 0, 0, 0, 0, -1, -1, -1, -1, -34, 42, -39, 38, -28, 42, -28, 39, -29, 37, -29, 34, -31, 33, -33, 31, -37, 31, -40, 31, -42, 31, -45, 32, -47, 33, -47, 33, -47, 35, -46, 37, -43, 37, -41, 38, -40, 38, -37, 38, -36, 38, -35, 39, -35, 37, -34, 37, -34, 37, -35, 37, -34, 37, -34, 37]"
rx1,2026-05-02 20:41:12.420,-54,"[97, -112, 5, 0, 13, -24, 12, -24, 11, -23, 10, -23, 8, -21, 7, -20, 6, -18, 6, -16, 6, -14, 7, -11, 8, -10, 9, -8, 12, -8, 14, -7, 15, -7, 16, -8, 16, -9, 16, -10, 15, -10, 13, -10, 11, -10, 9, -10, 7, -8, 5, -7, 4, -5, 0, 0, 0, 0, 0, 0, 0, 0, 0, 0, 0, 0, 0, 0, 0, 0, 0, 0, 0, 0, 0, 0, 4, -22, 6, -24, 7, -26, 7, -28, 7, -29, 6, -31, 6, -31, 5, -32, 4, -31, 3, -31, 3, -29, 4, -27, 5, -26, 5, -24, 6, -23, 7, -23, 8, -22, 9, -22, 10, -22, 10, -22, 11, -22, 11, -23, 12, -23, 12, -23, 13, -23, 13, -25, -1, -1, 25, -45, 24, -46, 23, -44, 23, -43, 21, -41, 19, -39, 18, -38, 17, -35, 17, -32, 17, -29, 18, -26, 19, -25, 20, -23, 22, -20, 24, -20, 26, -18, 28, -18, 27, -17, 27, -18, 25, -17, 24, -16, 22, -15, 20, -14, 18, -12, 15, -8, 13, -6, 19, 0, 16, 3, -1, -1, -1, -1, -1, -1, -1, -1, 0, 0, 0, 0, 0, 0, -1, -46, 5, -48, 8, -44, 10, -46, 11, -49, 12, -50, 13, -52, 11, -54, 11, -56, 11, -56, 11, -56, 13, -56, 13, -54, 14, -51, 15, -51, 16, -49, 17, -47, 16, -47, 18, -45, 19, -46, 20, -46, 20, -47, 21, -47, 21, -48, 23, -46, 23, -47, 24, -47, 25, -48]"
rx1,2026-05-02 20:41:12.621,-56,"[97, -112, 5, 0, 11, -25, 10, -25, 9, -24, 7, -23, 6, -21, 5, -19, 5, -16, 5, -14, 6, -12, 8, -10, 10, -8, 13, -7, 15, -7, 17, -9, 18, -9, 18, -10, 18, -11, 16, -12, 14, -12, 11, -12, 8, -11, 6, -9, 4, -6, 3, -3, 2, 0, 0, 0, 0, 0, 0, 0, 0, 0, 0, 0, 0, 0, 0, 0, 0, 0, 0, 0, 0, 0, 0, 0, 3, -22, 3, -24, 4, -25, 3, -28, 2, -28, 1, -30, 0, -29, 0, -29, -1, -29, 0, -27, 1, -26, 2, -25, 3, -24, 4, -23, 5, -23, 5, -23, 6, -22, 6, -22, 6, -23, 7, -23, 7, -23, 8, -23, 9, -23, 10, -23, 11, -24, 11, -25, -1, -1, 19, -48, 19, -49, 18, -47, 17, -46, 17, -45, 15, -42, 14, -39, 14, -36, 14, -33, 15, -31, 18, -28, 20, -26, 22, -25, 25, -24, 27, -25, 29, -24, 30, -24, 30, -24, 28, -24, 26, -23, 23, -21, 21, -19, 19, -16, 17, -12, 16, -9, 15, -4, 27, -5, 26, 0, 0, 0, -1, -1, -1, -1, 0, 0, 0, 0, 0, 0, -1, -1, -6, -39, -3, -40, 3, -41, 4, -43, 4, -45, 4, -48, 3, -49, 3, -50, 2, -50, 2, -50, 2, -51, 3, -50, 5, -49, 6, -48, 8, -48, 9, -47, 9, -47, 10, -46, 11, -46, 11, -46, 11, -47, 12, -47, 12, -47, 13, -48, 14, -47, 16, -48, 18, -49, 19, -50]"
rx1,2026-05-02 20:41:12.824,-57,"[97, -112, 5, 0, -19, -11, -18, -11, -17, -11, -16, -12, -16, -12, -16, -13, -16, -14, -16, -13, -17, -13, -18, -13, -18, -12, -18, -11, -18, -9, -15, -8, -13, -7, -11, -6, -8, -6, -6, -7, -3, -8, -2, -9, 0, -11, 0, -13, 0, -14, 0, -15, -1, -15, 0, 0, 0, 0, 0, 0, 0, 0, 0, 0, 0, 0, 0, 0, 0, 0, 0, 0, 0, 0, 0, 0, -20, 5, -18, 4, -16, 3, -14, 1, -12, -2, -12, -6, -13, -8, -15, -11, -17, -13, -20, -14, -22, -15, -24, -14, -26, -13, -26, -11, -27, -9, -26, -7, -24, -6, -23, -5, -22, -5, -20, -5, -19, -6, -19, -8, -18, -8, -19, -9, -19, -10, -20, -11, -1, -1, -36, -20, -37, -19, -35, -19, -33, -19, -32, -20, -31, -20, -30, -20, -30, -20, -30, -20, -32, -19, -32, -18, -32, -17, -31, -15, -30, -14, -29, -13, -26, -12, -23, -11, -20, -12, -17, -12, -13, -14, -11, -15, -10, -16, -8, -17, -8, -18, -8, -20, -7, -21, -13, -12, -12, -12, -1, -1, -1, -1, -1, -1, -1, -1, 0, 0, 0, 0, 0, 0, -48, -11, -47, -15, -43, -4, -39, -7, -36, -9, -35, -11, -33, -14, -33, -18, -34, -21, -35, -25, -37, -27, -40, -28, -42, -28, -44, -28, -44, -26, -46, -24, -45, -22, -45, -20, -43, -18, -41, -17, -40, -17, -39, -16, -38, -17, -38, -18, -38, -18, -38, -19, -38, -20, -39, -20]"
rx1,2026-05-02 20:41:13.021,-56,"[97, -112, 5, 0, -5, 22, -5, 23, -6, 22, -5, 22, -5, 20, -4, 20, -4, 18, -4, 16, -4, 15, -5, 14, -6, 12, -8, 11, -10, 11, -11, 11, -13, 11, -13, 11, -14, 12, -13, 12, -12, 12, -10, 11, -9, 10, -7, 9, -6, 7, -5, 4, -4, 2, 0, 0, 0, 0, 0, 0, 0, 0, 0, 0, 0, 0, 0, 0, 0, 0, 0, 0, 0, 0, 0, 0, 1, 21, 2, 24, 3, 26, 5, 28, 7, 28, 9, 29, 10, 28, 11, 26, 11, 25, 10, 22, 9, 21, 6, 20, 4, 19, 1, 19, -1, 20, -3, 21, -3, 23, -3, 24, -3, 26, -2, 26, -1, 26, 0, 26, 0, 26, 0, 26, 0, 25, -1, 25, -1, -1, -2, 44, -3, 43, -4, 43, -5, 42, -5, 41, -4, 39, -4, 38, -4, 36, -5, 33, -5, 32, -7, 30, -8, 28, -11, 28, -13, 27, -14, 26, -16, 25, -18, 25, -19, 24, -19, 24, -18, 23, -17, 21, -16, 20, -15, 17, -14, 14, -13, 11, -13, 8, -20, 9, -20, 6, -1, -1, -1, -1, -1, -1, -1, -1, 0, 0, 0, 0, 0, 0, 19, 28, 18, 30, 9, 36, 10, 39, 10, 41, 12, 44, 14, 45, 16, 45, 17, 45, 18, 44, 18, 44, 16, 43, 15, 41, 12, 40, 9, 40, 7, 40, 5, 42, 3, 42, 2, 43, 1, 44, 2, 46, 3, 47, 4, 47, 4, 48, 4, 47, 4, 47, 3, 46, 2, 46]"
rx1,2026-05-02 20:41:13.222,-56,"[97, -112, 5, 0, -23, 12, -23, 12, -22, 12, -21, 12, -19, 12, -18, 11, -16, 11, -14, 10, -13, 7, -12, 5, -12, 3, -12, 0, -14, -2, -15, -3, -16, -4, -18, -4, -18, -4, -19, -3, -18, -2, -17, -1, -14, 1, -11, 1, -9, 2, -6, 1, -3, 0, 0, 0, 0, 0, 0, 0, 0, 0, 0, 0, 0, 0, 0, 0, 0, 0, 0, 0, 0, 0, 0, 0, -14, 18, -16, 20, -17, 22, -17, 23, -16, 26, -15, 27, -14, 27, -13, 27, -12, 26, -12, 24, -12, 22, -12, 19, -14, 18, -15, 16, -17, 15, -18, 16, -19, 15, -20, 16, -20, 17, -20, 17, -20, 17, -19, 17, -19, 17, -19, 16, -19, 15, -20, 15, -1, -1, -36, 29, -37, 29, -36, 28, -37, 26, -35, 26, -33, 25, -31, 24, -29, 22, -27, 20, -27, 18, -25, 15, -25, 12, -27, 9, -27, 6, -29, 5, -30, 3, -31, 2, -32, 1, -32, 1, -31, 1, -29, 1, -26, 2, -23, 1, -20, 0, -16, -2, -13, -3, -20, -10, -17, -11, -1, -1, -1, -1, -1, -1, -1, -1, 0, 0, 0, 0, 0, 0, -7, 38, -10, 38, -20, 35, -22, 37, -23, 40, -24, 41, -24, 44, -23, 44, -23, 46, -22, 45, -21, 46, -23, 44, -23, 41, -25, 39, -27, 37, -27, 36, -29, 34, -30, 35, -31, 34, -32, 35, -32, 36, -33, 37, -32, 36, -31, 37, -33, 35, -33, 35, -34, 33, -35, 32]"
rx1,2026-05-02 20:41:13.423,-56,"[97, -112, 5, 0, -5, 22, -5, 21, -4, 20, -4, 20, -3, 19, -2, 17, -2, 15, -3, 14, -3, 12, -4, 11, -6, 9, -8, 8, -10, 8, -11, 8, -12, 9, -13, 10, -13, 10, -13, 11, -11, 11, -9, 10, -8, 9, -6, 8, -4, 6, -3, 4, -2, 2, 0, 0, 0, 0, 0, 0, 0, 0, 0, 0, 0, 0, 0, 0, 0, 0, 0, 0, 0, 0, 0, 0, 4, 20, 4, 23, 5, 24, 6, 26, 8, 27, 9, 27, 10, 27, 11, 25, 11, 25, 10, 22, 8, 21, 6, 20, 4, 20, 3, 19, 1, 20, -1, 20, -2, 20, -2, 22, -2, 22, -1, 24, -1, 23, 0, 24, -1, 23, -1, 23, -2, 23, -2, 23, -1, -1, -2, 42, -2, 42, -3, 41, -3, 40, -3, 39, -3, 37, -3, 35, -3, 32, -3, 29, -5, 29, -6, 26, -8, 24, -11, 23, -13, 22, -14, 22, -16, 22, -18, 22, -18, 22, -18, 21, -18, 20, -16, 20, -15, 18, -14, 16, -12, 13, -11, 9, -10, 6, -19, 7, -18, 3, -1, -1, -1, -1, -1, -1, -1, -1, 0, 0, 0, 0, 0, 0, 22, 29, 20, 32, 13, 35, 13, 38, 14, 41, 14, 42, 16, 44, 18, 44, 18, 45, 18, 44, 19, 43, 16, 43, 15, 41, 12, 41, 10, 40, 8, 40, 6, 40, 5, 41, 4, 41, 4, 43, 4, 42, 4, 45, 4, 43, 5, 45, 3, 45, 3, 44, 2, 44, 1, 44]"
rx1,2026-05-02 20:41:13.624,-55,"[97, -112, 5, 0, -4, -23, -4, -22, -2, -21, -2, -21, -2, -19, -2, -19, -1, -17, -1, -16, 0, -16, 2, -15, 3, -14, 4, -14, 5, -14, 7, -15, 8, -15, 8, -15, 8, -15, 7, -15, 6, -14, 4, -13, 4, -12, 3, -10, 2, -8, 2, -6, 2, -3, 0, 0, 0, 0, 0, 0, 0, 0, 0, 0, 0, 0, 0, 0, 0, 0, 0, 0, 0, 0, 0, 0, -8, -21, -8, -24, -9, -26, -12, -28, -14, -28, -16, -28, -17, -27, -18, -26, -18, -25, -17, -22, -16, -20, -13, -19, -11, -19, -8, -18, -6, -19, -4, -20, -3, -22, -2, -24, -3, -26, -3, -27, -5, -27, -6, -28, -6, -27, -7, -27, -6, -27, -6, -27, -1, -1, -8, -47, -7, -45, -5, -44, -4, -42, -3, -41, -2, -39, -2, -38, -1, -37, 0, -35, 0, -34, 2, -32, 4, -31, 6, -31, 8, -30, 9, -30, 11, -30, 12, -29, 12, -28, 12, -28, 12, -26, 10, -24, 11, -22, 9, -19, 9, -16, 10, -12, 10, -10, 18, -10, 17, -6, 0, 0, -1, -1, -1, -1, 0, 0, 0, 0, 0, 0, -1, -1, -23, -32, -20, -34, -17, -37, -16, -41, -18, -44, -19, -46, -21, -46, -24, -47, -25, -47, -26, -47, -25, -45, -24, -44, -22, -42, -19, -42, -17, -42, -14, -41, -11, -43, -10, -43, -9, -45, -8, -47, -8, -48, -10, -49, -10, -50, -11, -50, -11, -49, -11, -50, -10, -50, -11, -50]"
rx1,2026-05-02 20:41:13.824,-56,"[97, -112, 5, 0, 19, 12, 17, 11, 14, 10, 13, 11, 10, 11, 9, 12, 7, 12, 5, 12, 4, 14, 3, 14, 2, 15, 1, 16, 1, 17, 2, 18, 1, 17, 2, 17, 2, 16, 2, 14, 2, 12, 2, 10, 1, 8, 0, 6, -1, 4, -2, 2, -4, 1, 0, 0, 0, 0, 0, 0, 0, 0, 0, 0, 0, 0, 0, 0, 0, 0, 0, 0, 0, 0, 0, 0, 18, 4, 21, 5, 25, 5, 27, 5, 30, 4, 31, 2, 32, 0, 32, -2, 31, -4, 29, -4, 25, -4, 22, -3, 20, -1, 17, 1, 15, 4, 14, 6, 14, 10, 15, 12, 17, 14, 19, 16, 20, 17, 22, 16, 23, 17, 24, 17, 25, 15, 25, 14, -1, -1, 21, 10, 20, 10, 19, 10, 17, 10, 16, 10, 14, 10, 13, 11, 11, 11, 11, 11, 10, 12, 9, 12, 8, 13, 8, 13, 7, 14, 7, 14, 6, 15, 6, 14, 5, 14, 5, 13, 4, 12, 3, 11, 2, 10, 1, 9, 0, 8, -1, 7, -2, 6, -2, 11, -3, 10, -1, -1, -1, -1, -1, -1, -1, -1, -1, -1, 0, 0, 0, 0, 17, -6, 18, -4, 18, 0, 20, 1, 22, 1, 23, 1, 24, 1, 26, 0, 26, -1, 27, -1, 26, -2, 26, -2, 25, -1, 23, 0, 21, 1, 20, 2, 20, 4, 19, 5, 19, 7, 19, 8, 20, 9, 21, 10, 21, 11, 23, 11, 23, 11, 24, 11, 24, 11, 24, 11]"
rx1,2026-05-02 20:41:14.024,-57,"[97, -112, 5, 0, 18, -18, 17, -17, 16, -15, 15, -13, 13, -10, 13, -9, 13, -6, 13, -4, 14, -2, 15, 0, 17, 1, 18, 2, 19, 3, 21, 2, 21, 2, 21, 1, 20, 0, 18, 0, 16, -1, 13, -2, 10, -1, 7, -1, 4, 0, 1, 2, -1, 4, 0, 0, 0, 0, 0, 0, 0, 0, 0, 0, 0, 0, 0, 0, 0, 0, 0, 0, 0, 0, 0, 0, 10, -17, 13, -20, 13, -23, 14, -26, 13, -28, 12, -30, 11, -31, 9, -31, 8, -31, 6, -29, 5, -26, 5, -24, 6, -20, 8, -18, 10, -16, 11, -15, 14, -14, 16, -14, 18, -14, 20, -15, 21, -15, 22, -18, 23, -18, 22, -20, 22, -20, 22, -21, -1, -1, 38, -39, 36, -38, 35, -35, 34, -33, 33, -31, 31, -26, 31, -25, 30, -21, 31, -18, 32, -16, 33, -14, 34, -12, 35, -10, 37, -8, 38, -8, 39, -7, 39, -6, 37, -6, 36, -5, 33, -5, 29, -4, 26, -2, 22, -1, 18, 1, 16, 4, 13, 7, 27, 11, 24, 14, 0, 0, -1, -1, -1, -1, 0, 0, 0, 0, 0, 0, -1, -1, 4, -37, 8, -39, 15, -35, 18, -38, 20, -42, 20, -44, 21, -47, 20, -49, 20, -51, 19, -51, 18, -51, 17, -50, 16, -48, 18, -45, 19, -42, 21, -40, 23, -37, 25, -36, 27, -35, 30, -36, 31, -36, 34, -37, 35, -38, 37, -40, 38, -40, 37, -42, 39, -42, 39, -43]"
rx1,2026-05-02 20:41:14.227,-57,"[97, -112, 5, 0, 15, 10, 15, 11, 15, 11, 15, 10, 15, 10, 14, 8, 13, 7, 11, 6, 9, 5, 7, 5, 5, 6, 2, 7, 1, 8, 0, 10, -1, 11, -1, 14, 0, 14, 0, 14, 2, 13, 3, 11, 3, 9, 4, 7, 3, 4, 2, 2, 1, 0, 0, 0, 0, 0, 0, 0, 0, 0, 0, 0, 0, 0, 0, 0, 0, 0, 0, 0, 0, 0, 0, 0, 18, -3, 21, -3, 23, -4, 25, -6, 26, -8, 25, -10, 25, -11, 24, -12, 22, -11, 21, -10, 18, -8, 17, -6, 17, -3, 17, 0, 17, 2, 18, 4, 19, 5, 21, 5, 22, 5, 23, 5, 23, 4, 23, 3, 21, 3, 20, 4, 20, 4, 18, 5, -1, -1, 31, 14, 30, 16, 29, 17, 29, 17, 28, 17, 27, 17, 26, 15, 24, 14, 21, 13, 19, 12, 16, 13, 13, 14, 10, 15, 8, 17, 7, 19, 5, 21, 4, 23, 4, 23, 3, 23, 4, 22, 4, 21, 3, 18, 3, 16, 2, 13, 0, 11, -2, 8, -8, 16, -10, 13, 0, 0, 0, 0, -1, -1, 0, 0, 0, 0, -1, -1, -1, -1, 27, -12, 29, -10, 33, -7, 36, -7, 39, -7, 40, -9, 42, -10, 42, -12, 42, -12, 41, -12, 40, -12, 39, -10, 36, -8, 36, -5, 35, -2, 35, 2, 36, 4, 36, 6, 38, 7, 39, 7, 40, 7, 40, 7, 40, 6, 41, 6, 39, 7, 37, 7, 36, 9, 35, 10]"
rx1,2026-05-02 20:41:14.429,-60,"[97, -112, 5, 0, -19, 18, -17, 17, -14, 16, -12, 15, -9, 12, -7, 9, -5, 6, -4, 3, -3, -2, -4, -6, -4, -9, -6, -12, -8, -14, -10, -15, -12, -15, -14, -14, -16, -13, -17, -10, -16, -8, -15, -5, -13, -1, -11, 1, -9, 4, -5, 5, -3, 7, 0, 0, 0, 0, 0, 0, 0, 0, 0, 0, 0, 0, 0, 0, 0, 0, 0, 0, 0, 0, 0, 0, 10, 13, 10, 16, 10, 19, 11, 21, 12, 22, 13, 24, 14, 24, 14, 24, 14, 24, 13, 23, 12, 22, 10, 21, 8, 19, 6, 18, 4, 17, 2, 15, -1, 15, -3, 14, -6, 14, -8, 14, -11, 14, -13, 14, -15, 15, -17, 16, -19, 16, -20, 17, -1, -1, -35, 37, -35, 36, -34, 35, -32, 31, -30, 29, -28, 25, -26, 21, -23, 17, -22, 13, -21, 6, -23, 2, -24, -2, -25, -6, -27, -9, -28, -12, -31, -14, -31, -15, -32, -14, -32, -13, -30, -12, -28, -11, -26, -8, -22, -6, -19, -5, -14, -4, -11, -3, -13, -21, -8, -21, 0, 0, -1, -1, -1, -1, 0, 0, 0, 0, 0, 0, -1, -1, 19, 31, 17, 35, 16, 30, 16, 34, 15, 37, 16, 40, 15, 42, 15, 44, 14, 45, 14, 46, 13, 46, 12, 47, 10, 46, 7, 44, 4, 43, 2, 41, -2, 40, -4, 39, -8, 37, -10, 37, -14, 37, -17, 37, -20, 37, -23, 37, -26, 37, -30, 38, -32, 38, -34, 38]"
rx1,2026-05-02 20:41:14.625,-54,"[97, -112, 5, 0, -19, -13, -17, -14, -15, -15, -15, -16, -15, -16, -15, -16, -15, -17, -14, -16, -13, -16, -12, -15, -11, -15, -9, -15, -8, -15, -6, -16, -4, -16, -3, -17, -3, -17, -2, -17, -2, -16, -2, -15, -2, -15, -2, -13, -1, -11, -1, -9, 0, -7, 0, 0, 0, 0, 0, 0, 0, 0, 0, 0, 0, 0, 0, 0, 0, 0, 0, 0, 0, 0, 0, 0, -21, -7, -24, -8, -27, -8, -29, -6, -32, -4, -32, -1, -32, 1, -30, 3, -28, 4, -26, 4, -23, 3, -20, 1, -18, -2, -17, -5, -16, -9, -17, -11, -19, -13, -21, -15, -23, -15, -25, -15, -27, -14, -28, -13, -28, -12, -27, -11, -26, -11, -24, -10, -1, -1, -39, -22, -37, -23, -35, -26, -32, -27, -32, -28, -30, -28, -30, -28, -29, -28, -27, -27, -26, -27, -25, -27, -23, -27, -20, -27, -18, -27, -16, -28, -13, -28, -11, -29, -9, -29, -7, -29, -7, -28, -6, -27, -4, -26, -3, -24, -1, -21, -1, -19, 2, -17, 6, -19, 7, -17, 0, 0, -1, -1, -1, -1, 0, 0, 0, 0, 0, 0, -1, -1, -33, 2, -33, -2, -37, -8, -40, -10, -43, -10, -47, -9, -49, -6, -50, -5, -50, -3, -49, -1, -48, -1, -46, -1, -43, -3, -41, -5, -38, -9, -37, -12, -37, -15, -38, -18, -40, -21, -42, -22, -44, -22, -47, -22, -47, -22, -47, -21, -49, -21, -48, -21, -46, -20, -45, -20]"
rx1,2026-05-02 20:41:14.825,-54,"[97, -112, 5, 0, -24, 6, -25, 6, -24, 4, -25, 4, -26, 4, -26, 4, -26, 5, -27, 6, -26, 8, -25, 9, -23, 10, -22, 10, -20, 9, -17, 8, -16, 6, -14, 4, -13, 2, -12, -1, -11, -4, -12, -5, -12, -7, -13, -8, -14, -8, -14, -9, -15, -8, 0, 0, 0, 0, 0, 0, 0, 0, 0, 0, 0, 0, 0, 0, 0, 0, 0, 0, 0, 0, 0, 0, -21, 18, -20, 17, -19, 15, -19, 13, -18, 11, -19, 10, -20, 9, -22, 7, -24, 6, -26, 6, -27, 7, -28, 7, -30, 8, -30, 10, -30, 10, -29, 11, -29, 12, -28, 13, -27, 14, -26, 14, -25, 14, -25, 14, -24, 14, -24, 13, -24, 13, -23, 13, -1, -1, -43, 18, -44, 16, -43, 15, -43, 13, -43, 13, -43, 12, -42, 13, -42, 13, -42, 14, -41, 15, -39, 16, -38, 18, -36, 17, -34, 17, -32, 15, -29, 14, -28, 11, -26, 8, -25, 4, -24, 1, -24, -1, -24, -4, -24, -5, -24, -7, -24, -7, -24, -8, -20, -1, -18, -3, 0, 0, -1, -1, -1, -1, 0, 0, 0, 0, 0, 0, -1, -1, -46, 25, -48, 22, -44, 26, -42, 24, -43, 22, -42, 21, -42, 18, -43, 17, -44, 16, -46, 14, -49, 13, -51, 13, -52, 12, -54, 13, -54, 14, -55, 16, -53, 17, -53, 18, -52, 19, -50, 20, -49, 22, -48, 23, -47, 23, -47, 23, -46, 22, -46, 23, -46, 21, -44, 21]"
rx1,2026-05-02 20:41:15.025,-54,"[97, -112, 5, 0, 22, 16, 21, 15, 20, 14, 20, 13, 19, 12, 18, 11, 17, 10, 15, 10, 14, 10, 12, 11, 11, 12, 10, 13, 10, 15, 9, 16, 9, 16, 9, 18, 9, 16, 9, 16, 10, 15, 9, 13, 8, 12, 7, 10, 6, 8, 4, 7, 2, 6, 0, 0, 0, 0, 0, 0, 0, 0, 0, 0, 0, 0, 0, 0, 0, 0, 0, 0, 0, 0, 0, 0, 15, 11, 15, 13, 17, 14, 18, 14, 20, 15, 22, 13, 22, 13, 24, 12, 24, 12, 24, 11, 22, 10, 21, 10, 20, 11, 20, 11, 19, 12, 18, 13, 18, 13, 18, 14, 19, 14, 20, 15, 20, 15, 21, 15, 21, 15, 21, 16, 23, 16, 23, 16, -1, -1, 45, 26, 44, 25, 43, 25, 42, 24, 42, 23, 39, 22, 38, 21, 35, 20, 33, 20, 32, 19, 30, 20, 29, 20, 26, 21, 26, 24, 25, 25, 24, 26, 23, 28, 22, 27, 21, 27, 19, 26, 18, 24, 17, 22, 14, 21, 12, 19, 9, 17, 6, 17, 7, 21, 3, 21, -1, -1, -1, -1, -1, -1, -1, -1, -1, -1, 0, 0, 0, 0, 36, 3, 37, 6, 32, 14, 34, 17, 35, 18, 37, 19, 39, 20, 42, 19, 42, 19, 44, 20, 45, 19, 45, 18, 44, 18, 43, 18, 42, 19, 42, 19, 41, 20, 41, 20, 41, 21, 41, 21, 42, 22, 42, 23, 42, 23, 44, 24, 45, 23, 46, 24, 46, 24, 47, 24]"
rx1,2026-05-02 20:41:15.227,-54,"[97, -112, 5, 0, 23, -14, 23, -15, 22, -15, 20, -16, 19, -15, 17, -15, 15, -14, 13, -13, 13, -11, 13, -9, 13, -6, 14, -4, 15, -2, 17, -1, 19, -1, 20, -1, 21, -2, 21, -2, 20, -4, 18, -4, 16, -5, 13, -5, 11, -4, 8, -3, 6, -1, 0, 0, 0, 0, 0, 0, 0, 0, 0, 0, 0, 0, 0, 0, 0, 0, 0, 0, 0, 0, 0, 0, 17, -13, 18, -14, 19, -14, 19, -15, 20, -17, 19, -18, 18, -19, 18, -19, 18, -19, 17, -19, 17, -17, 18, -17, 17, -15, 17, -15, 19, -14, 19, -15, 19, -15, 20, -16, 19, -16, 20, -16, 19, -16, 20, -16, 20, -16, 20, -15, 21, -15, 22, -15, -1, -1, 41, -30, 41, -30, 39, -29, 41, -30, 38, -30, 36, -29, 33, -29, 32, -28, 30, -25, 29, -23, 28, -19, 29, -17, 30, -14, 32, -12, 34, -11, 34, -9, 36, -9, 36, -8, 36, -7, 35, -8, 32, -7, 30, -6, 27, -5, 23, -3, 21, -2, 18, 1, 23, 8, 20, 10, -1, -1, -1, -1, -1, -1, -1, -1, 0, 0, 0, 0, 0, 0, 22, -30, 25, -29, 28, -26, 31, -27, 32, -28, 32, -29, 34, -31, 33, -32, 33, -33, 33, -34, 33, -34, 34, -34, 34, -32, 35, -31, 35, -30, 35, -30, 35, -30, 36, -31, 35, -30, 37, -32, 36, -32, 36, -33, 35, -33, 37, -34, 38, -33, 38, -32, 40, -32, 40, -33]"
rx1,2026-05-02 20:41:15.428,-56,"[97, -112, 5, 0, -27, -7, -27, -6, -25, -5, -24, -4, -22, -3, -20, -3, -18, -3, -16, -3, -15, -4, -13, -6, -13, -8, -13, -10, -13, -12, -14, -13, -15, -14, -16, -14, -16, -13, -16, -12, -16, -11, -15, -9, -13, -7, -12, -6, -9, -5, -7, -4, -5, -5, 0, 0, 0, 0, 0, 0, 0, 0, 0, 0, 0, 0, 0, 0, 0, 0, 0, 0, 0, 0, 0, 0, -20, -4, -21, -5, -23, -6, -24, -5, -25, -5, -26, -4, -27, -3, -27, -2, -27, -2, -27, -2, -26, -2, -25, -2, -24, -3, -23, -3, -23, -4, -23, -4, -22, -5, -22, -5, -22, -6, -23, -6, -23, -6, -24, -7, -24, -7, -25, -8, -26, -8, -27, -8, -1, -1, -52, -12, -53, -11, -50, -10, -49, -10, -47, -9, -44, -8, -41, -7, -39, -9, -36, -8, -35, -9, -33, -11, -32, -13, -31, -16, -31, -17, -32, -19, -31, -20, -32, -21, -31, -20, -30, -20, -29, -19, -26, -18, -24, -16, -21, -15, -18, -15, -15, -14, -11, -14, -12, -21, -8, -20, 0, 0, 0, 0, -1, -1, 0, 0, 0, 0, -1, -1, -1, -1, -37, 6, -38, 3, -39, -3, -40, -5, -42, -5, -44, -6, -46, -6, -47, -5, -48, -5, -49, -5, -50, -4, -50, -5, -49, -5, -49, -6, -49, -6, -48, -6, -47, -7, -48, -7, -46, -8, -47, -8, -46, -8, -47, -9, -48, -10, -49, -9, -50, -10, -51, -11, -51, -11, -53, -12]"
rx1,2026-05-02 20:41:15.635,-57,"[97, -112, 5, 0, -18, 11, -19, 11, -21, 12, -21, 13, -21, 14, -20, 15, -19, 16, -17, 17, -16, 17, -14, 16, -13, 14, -11, 12, -10, 10, -10, 8, -11, 6, -11, 3, -12, 1, -14, -1, -14, -2, -16, -3, -16, -3, -17, -4, -17, -3, -16, -3, -15, -3, 0, 0, 0, 0, 0, 0, 0, 0, 0, 0, 0, 0, 0, 0, 0, 0, 0, 0, 0, 0, 0, 0, 3, 22, 3, 20, 2, 18, 2, 16, 0, 14, -2, 13, -5, 12, -8, 12, -10, 13, -13, 14, -15, 15, -17, 17, -18, 19, -17, 20, -16, 22, -15, 24, -13, 24, -12, 25, -10, 24, -8, 24, -7, 21, -7, 20, -8, 18, -8, 16, -10, 14, -11, 13, -1, -1, -23, 25, -25, 25, -26, 23, -27, 25, -27, 26, -27, 26, -26, 27, -25, 27, -22, 27, -22, 28, -20, 26, -18, 25, -17, 22, -17, 20, -16, 18, -16, 14, -18, 12, -18, 8, -20, 6, -20, 4, -21, 2, -22, 2, -22, 1, -23, 1, -21, 0, -21, 0, -13, 3, -11, 1, 0, 0, -1, -1, -1, -1, 0, 0, 0, 0, 0, 0, -1, -1, -8, 41, -12, 40, -5, 39, -5, 37, -6, 36, -7, 33, -10, 32, -11, 29, -14, 30, -17, 29, -20, 31, -24, 31, -27, 32, -28, 33, -29, 34, -28, 35, -27, 37, -25, 39, -23, 38, -22, 40, -19, 38, -17, 38, -16, 36, -15, 35, -17, 33, -17, 30, -18, 30, -19, 28]"
rx1,2026-05-02 20:41:15.828,-58,"[97, -112, 5, 0, -18, 20, -16, 19, -15, 16, -15, 14, -14, 12, -15, 10, -16, 8, -17, 7, -19, 7, -21, 6, -22, 7, -24, 7, -24, 9, -25, 10, -24, 10, -23, 10, -21, 10, -19, 9, -17, 8, -15, 5, -14, 3, -13, 1, -12, -2, -12, -4, -12, -6, 0, 0, 0, 0, 0, 0, 0, 0, 0, 0, 0, 0, 0, 0, 0, 0, 0, 0, 0, 0, 0, 0, -13, 10, -15, 11, -16, 12, -17, 14, -17, 16, -16, 18, -16, 19, -15, 20, -14, 20, -12, 19, -12, 19, -12, 18, -11, 15, -12, 14, -12, 13, -13, 11, -15, 11, -16, 10, -18, 11, -20, 12, -21, 12, -22, 14, -24, 16, -24, 18, -23, 19, -22, 21, -1, -1, -34, 44, -33, 43, -31, 41, -31, 39, -30, 36, -29, 33, -30, 31, -31, 29, -32, 28, -33, 27, -35, 27, -36, 27, -38, 27, -40, 28, -41, 28, -39, 27, -39, 27, -37, 25, -36, 22, -34, 20, -32, 17, -31, 13, -29, 10, -28, 7, -28, 3, -28, -1, -34, 7, -32, 1, 0, 0, -1, -1, -1, -1, 0, 0, 0, 0, 0, 0, -1, -1, -7, 24, -10, 25, -19, 21, -21, 23, -22, 25, -23, 28, -24, 30, -23, 32, -24, 34, -24, 35, -23, 37, -23, 37, -22, 36, -23, 35, -23, 34, -23, 33, -24, 32, -26, 30, -27, 30, -29, 31, -30, 31, -33, 33, -34, 35, -35, 37, -37, 39, -37, 40, -37, 43, -37, 45]"
rx1,2026-05-02 20:41:16.030,-56,"[97, -112, 5, 0, -24, 3, -21, 2, -18, 0, -16, -2, -14, -4, -14, -7, -14, -10, -15, -12, -17, -13, -19, -14, -21, -15, -22, -15, -23, -14, -23, -13, -22, -12, -20, -11, -18, -10, -15, -10, -12, -10, -10, -11, -7, -12, -5, -13, -3, -14, -1, -15, 0, -16, 0, 0, 0, 0, 0, 0, 0, 0, 0, 0, 0, 0, 0, 0, 0, 0, 0, 0, 0, 0, 0, 0, -12, 2, -14, 1, -16, 1, -18, 1, -20, 2, -21, 3, -22, 5, -23, 6, -23, 8, -22, 9, -20, 9, -18, 8, -17, 7, -15, 6, -14, 3, -13, 1, -13, -2, -15, -4, -16, -6, -19, -8, -22, -8, -25, -7, -28, -6, -30, -5, -31, -2, -30, 0, -1, -1, -51, 9, -50, 9, -46, 8, -44, 6, -41, 3, -38, 0, -39, -2, -38, -5, -39, -7, -41, -10, -43, -11, -44, -11, -45, -12, -45, -12, -46, -11, -45, -11, -43, -12, -39, -12, -36, -13, -33, -14, -28, -16, -26, -17, -22, -19, -19, -20, -17, -22, -13, -24, -26, -21, -21, -23, 0, 0, -1, -1, -1, -1, 0, 0, 0, 0, 0, 0, -1, -1, -22, 15, -23, 15, -24, 9, -26, 8, -29, 8, -31, 8, -35, 9, -36, 10, -38, 11, -39, 13, -40, 14, -40, 15, -39, 15, -38, 14, -36, 14, -35, 12, -34, 10, -35, 7, -34, 5, -37, 2, -38, 1, -42, 0, -44, 0, -48, 1, -52, 1, -53, 3, -55, 6, -55, 7]"
rx1,2026-05-02 20:41:16.230,-58,"[97, -112, 5, 0, 7, 24, 8, 22, 8, 20, 7, 19, 7, 17, 6, 16, 4, 16, 3, 16, 2, 17, 1, 18, 1, 19, 0, 20, 0, 21, 0, 22, 1, 22, 1, 22, 0, 22, 1, 21, 0, 20, 0, 18, -1, 17, -2, 16, -3, 14, -4, 13, -6, 12, 0, 0, 0, 0, 0, 0, 0, 0, 0, 0, 0, 0, 0, 0, 0, 0, 0, 0, 0, 0, 0, 0, 0, 12, -1, 13, -1, 14, -1, 14, 0, 16, 0, 16, 1, 18, 1, 18, 2, 18, 3, 19, 4, 18, 4, 18, 4, 17, 4, 16, 4, 15, 3, 15, 2, 14, 1, 15, 0, 15, 0, 17, -1, 18, 0, 20, 0, 22, 1, 23, 2, 25, 4, 25, -1, -1, 16, 46, 17, 45, 17, 44, 18, 42, 17, 40, 16, 38, 15, 37, 14, 37, 13, 36, 12, 36, 10, 37, 9, 38, 8, 40, 9, 41, 8, 41, 9, 42, 7, 42, 6, 41, 6, 40, 4, 38, 3, 36, 1, 34, -1, 32, -3, 30, -5, 29, -8, 27, -7, 30, -9, 28, 0, 0, -1, -1, -1, -1, 0, 0, 0, 0, 0, 0, -1, -1, 8, 21, 6, 23, 3, 23, 3, 24, 3, 26, 3, 27, 4, 29, 4, 29, 6, 31, 7, 33, 8, 33, 8, 35, 9, 35, 9, 35, 9, 35, 10, 34, 10, 34, 10, 33, 10, 33, 9, 34, 8, 34, 9, 36, 8, 37, 10, 40, 10, 42, 11, 44, 12, 46, 15, 47]"
rx1,2026-05-02 20:41:16.432,-65,"[97, -112, 5, 0, -11, 15, -9, 9, -8, 3, -6, -4, -6, -9, -6, -13, -6, -19, -7, -22, -8, -25, -8, -27, -9, -29, -8, -28, -7, -28, -6, -27, -3, -23, -1, -20, 2, -16, 6, -11, 8, -7, 10, -3, 12, 1, 14, 4, 14, 7, 14, 10, 14, 13, 0, 0, 0, 0, 0, 0, 0, 0, 0, 0, 0, 0, 0, 0, 0, 0, 0, 0, 0, 0, 0, 0, 11, 3, 15, 3, 18, 3, 21, 1, 24, 1, 25, -1, 26, -2, 26, -4, 25, -5, 22, -6, 19, -7, 15, -6, 9, -5, 4, -4, -2, -1, -6, 1, -12, 5, -16, 10, -18, 13, -21, 18, -22, 21, -23, 26, -23, 28, -22, 29, -20, 29, -17, 27, -1, -1, -19, 46, -18, 41, -18, 33, -18, 26, -19, 20, -20, 12, -22, 7, -22, 0, -23, -3, -25, -9, -26, -13, -28, -15, -28, -17, -27, -17, -27, -17, -23, -17, -22, -16, -17, -14, -14, -13, -11, -10, -7, -8, -4, -5, -2, -3, 1, -2, 2, 0, 3, 1, -14, -25, -9, -24, 0, 0, -1, -1, -1, -1, 0, 0, 0, 0, 0, 0, -1, -1, 16, -10, 17, -10, 20, 0, 25, 0, 29, 2, 33, 1, 37, 2, 38, 0, 39, 0, 40, 1, 40, 1, 38, 3, 35, 3, 31, 5, 25, 9, 19, 12, 13, 16, 7, 18, 1, 24, -3, 29, -7, 35, -11, 41, -14, 44, -16, 50, -18, 52, -19, 53, -20, 54, -19, 54]"
rx1,2026-05-02 20:41:16.634,-62,"[97, -112, 5, 0, -23, 8, -25, 8, -24, 8, -25, 8, -23, 10, -24, 9, -23, 9, -22, 10, -22, 9, -21, 9, -20, 8, -20, 6, -20, 6, -20, 5, -20, 3, -19, 2, -19, 2, -18, 1, -17, 0, -16, -2, -15, -3, -14, -4, -13, -5, -12, -5, -11, -7, 0, 0, 0, 0, 0, 0, 0, 0, 0, 0, 0, 0, 0, 0, 0, 0, 0, 0, 0, 0, 0, 0, -9, 18, -8, 18, -7, 15, -6, 14, -6, 11, -7, 10, -8, 7, -10, 6, -14, 5, -17, 5, -20, 6, -23, 8, -25, 9, -25, 11, -26, 15, -24, 17, -23, 19, -21, 20, -18, 20, -17, 19, -15, 18, -15, 17, -15, 15, -16, 13, -17, 11, -18, 10, -1, -1, -41, 17, -42, 17, -42, 17, -42, 16, -42, 18, -40, 19, -40, 18, -39, 18, -37, 18, -38, 18, -38, 17, -37, 17, -36, 15, -37, 13, -37, 13, -36, 10, -37, 8, -36, 7, -35, 5, -33, 2, -32, 0, -31, -1, -29, -3, -28, -5, -26, -7, -25, -10, -27, -9, -23, -11, -1, -1, -1, -1, -1, -1, -1, -1, 0, 0, 0, 0, 0, 0, -32, 18, -33, 16, -27, 24, -25, 23, -24, 20, -24, 18, -24, 16, -25, 15, -27, 11, -29, 10, -32, 10, -35, 10, -38, 11, -41, 12, -43, 15, -44, 16, -43, 20, -42, 22, -41, 24, -39, 25, -36, 26, -34, 27, -33, 25, -32, 25, -33, 22, -34, 21, -35, 20, -36, 18]"
rx1,2026-05-02 20:41:16.831,-62,"[97, -112, 5, 0, 11, -24, 10, -23, 10, -22, 9, -22, 8, -20, 8, -19, 8, -19, 8, -17, 8, -17, 8, -16, 8, -16, 9, -15, 9, -15, 11, -14, 10, -13, 10, -12, 12, -12, 12, -12, 12, -11, 12, -10, 12, -10, 11, -9, 11, -8, 10, -7, 10, -6, 0, 0, 0, 0, 0, 0, 0, 0, 0, 0, 0, 0, 0, 0, 0, 0, 0, 0, 0, 0, 0, 0, 7, -13, 9, -14, 10, -15, 11, -16, 11, -18, 11, -20, 11, -22, 9, -24, 8, -25, 7, -24, 6, -24, 5, -23, 5, -22, 5, -21, 5, -19, 6, -18, 7, -18, 8, -17, 9, -18, 11, -18, 12, -19, 12, -20, 13, -21, 13, -23, 12, -24, 12, -25, -1, -1, 21, -45, 20, -47, 19, -44, 20, -42, 19, -41, 18, -38, 17, -38, 18, -36, 16, -34, 16, -34, 16, -32, 16, -31, 16, -30, 17, -30, 17, -28, 18, -26, 18, -25, 19, -23, 19, -22, 19, -21, 19, -19, 19, -19, 18, -17, 18, -16, 18, -15, 17, -13, 17, -13, 17, -9, 0, 0, -1, -1, -1, -1, 0, 0, 0, 0, 0, 0, -1, -1, 4, -35, 7, -36, 11, -30, 13, -31, 15, -33, 16, -34, 16, -37, 16, -38, 16, -40, 15, -43, 15, -45, 15, -46, 14, -46, 13, -46, 13, -44, 13, -43, 12, -41, 14, -41, 14, -40, 16, -41, 16, -41, 18, -41, 21, -43, 22, -44, 22, -45, 22, -46, 23, -47, 23, -48]"
rx1,2026-05-02 20:41:17.032,-61,"[97, -112, 5, 0, 22, 8, 25, 9, 24, 10, 27, 9, 28, 7, 28, 6, 27, 3, 26, 1, 23, 0, 21, -1, 18, -1, 15, 0, 13, 3, 11, 5, 9, 8, 9, 11, 9, 13, 9, 14, 10, 15, 11, 15, 11, 15, 12, 14, 12, 12, 10, 10, 9, 9, 0, 0, 0, 0, 0, 0, 0, 0, 0, 0, 0, 0, 0, 0, 0, 0, 0, 0, 0, 0, 0, 0, 13, -3, 15, -4, 17, -5, 19, -6, 19, -8, 19, -11, 20, -11, 19, -12, 18, -12, 17, -11, 18, -10, 18, -9, 19, -6, 19, -5, 22, -3, 23, -3, 25, -3, 26, -4, 27, -4, 27, -4, 26, -6, 25, -6, 23, -5, 23, -3, 22, -3, 23, -1, -1, 0, 43, 7, 44, 10, 43, 12, 42, 13, 45, 12, 43, 11, 42, 8, 43, 7, 39, 4, 37, 2, 33, 3, 30, 3, 28, 4, 25, 7, 23, 8, 20, 11, 20, 15, 19, 17, 19, 18, 18, 20, 19, 21, 18, 19, 19, 19, 18, 17, 16, 16, 13, 15, 10, 14, 6, 14, -1, -1, -1, -1, -1, -1, -1, -1, -1, -1, 0, 0, 0, 0, 19, -14, 20, -12, 23, -9, 26, -10, 29, -11, 30, -11, 32, -13, 33, -15, 34, -16, 34, -17, 35, -17, 36, -15, 37, -14, 38, -12, 39, -10, 39, -8, 41, -6, 43, -5, 45, -5, 46, -6, 47, -6, 47, -6, 46, -5, 48, -6, 45, -4, 44, -4, 45, -1, 42, 1]"
rx1,2026-05-02 20:41:17.236,-58,"[97, -112, 5, 0, -21, 2, -21, 0, -22, -1, -23, -1, -23, -1, -23, 0, -23, 1, -23, 2, -21, 3, -19, 3, -18, 3, -15, 1, -14, -1, -13, -2, -12, -5, -11, -7, -11, -8, -12, -10, -12, -10, -12, -10, -12, -10, -12, -9, -11, -8, -10, -7, -9, -6, 0, 0, 0, 0, 0, 0, 0, 0, 0, 0, 0, 0, 0, 0, 0, 0, 0, 0, 0, 0, 0, 0, -12, 8, -14, 9, -15, 11, -17, 13, -17, 16, -16, 18, -16, 20, -14, 20, -13, 20, -12, 18, -11, 17, -12, 14, -13, 11, -14, 9, -17, 7, -19, 6, -22, 6, -23, 7, -25, 8, -26, 10, -26, 11, -25, 12, -24, 13, -23, 13, -22, 12, -20, 10, -1, -1, -36, 14, -37, 11, -37, 9, -37, 6, -38, 6, -38, 5, -37, 6, -37, 6, -36, 7, -35, 7, -32, 6, -30, 6, -28, 5, -26, 2, -24, 0, -22, -3, -23, -5, -22, -8, -21, -9, -21, -11, -21, -11, -20, -11, -19, -11, -18, -10, -16, -10, -15, -9, -12, -8, -8, -9, -1, -1, -1, -1, -1, -1, -1, -1, -1, -1, 0, 0, 0, 0, -9, 22, -13, 22, -18, 18, -21, 20, -23, 23, -25, 25, -25, 28, -25, 30, -25, 32, -25, 33, -25, 33, -25, 31, -25, 29, -26, 26, -28, 24, -30, 22, -32, 19, -35, 19, -36, 18, -38, 19, -39, 20, -41, 22, -41, 23, -41, 25, -41, 24, -40, 23, -39, 22, -38, 20]"
rx1,2026-05-02 20:41:17.434,-56,"[97, -112, 5, 0, -18, 21, -17, 22, -14, 21, -13, 20, -11, 17, -11, 16, -10, 13, -11, 12, -12, 10, -13, 9, -14, 9, -16, 9, -17, 9, -17, 9, -17, 10, -16, 9, -16, 9, -15, 8, -14, 7, -12, 6, -11, 4, -11, 2, -11, 1, -11, -1, -11, -2, 0, 0, 0, 0, 0, 0, 0, 0, 0, 0, 0, 0, 0, 0, 0, 0, 0, 0, 0, 0, 0, 0, 2, 19, 2, 17, 2, 14, 0, 12, -2, 11, -5, 11, -8, 11, -11, 12, -14, 14, -16, 17, -16, 20, -16, 23, -15, 25, -13, 26, -10, 26, -8, 26, -6, 24, -5, 21, -5, 19, -6, 17, -7, 15, -10, 14, -13, 13, -16, 14, -18, 16, -19, 18, -1, -1, -34, 40, -33, 41, -30, 40, -29, 39, -27, 38, -25, 35, -24, 33, -23, 31, -23, 28, -25, 26, -26, 25, -27, 24, -28, 23, -30, 23, -29, 24, -29, 23, -29, 23, -29, 21, -28, 19, -26, 17, -24, 14, -24, 11, -23, 9, -23, 6, -22, 3, -22, 2, -24, 5, -23, 1, -1, -1, -1, -1, -1, -1, -1, 0, 0, 0, 0, 0, 0, 0, -15, 37, -18, 36, -7, 35, -8, 33, -9, 32, -10, 29, -14, 29, -16, 28, -20, 30, -23, 31, -26, 34, -30, 37, -30, 39, -31, 41, -30, 44, -27, 45, -25, 45, -23, 45, -21, 43, -20, 42, -19, 39, -20, 38, -21, 36, -23, 36, -28, 35, -31, 35, -34, 37, -34, 39]"
rx1,2026-05-02 20:41:17.637,-57,"[97, -112, 5, 0, -14, 13, -16, 11, -18, 10, -20, 9, -21, 9, -22, 10, -23, 10, -22, 11, -22, 12, -21, 12, -19, 12, -18, 10, -17, 9, -17, 7, -16, 4, -16, 2, -16, -1, -16, -3, -16, -4, -16, -5, -16, -6, -15, -6, -15, -6, -13, -7, -12, -7, 0, 0, 0, 0, 0, 0, 0, 0, 0, 0, 0, 0, 0, 0, 0, 0, 0, 0, 0, 0, 0, 0, -8, 16, -8, 18, -7, 21, -6, 23, -4, 25, -2, 26, -1, 25, 1, 25, 2, 23, 2, 20, 1, 18, -1, 16, -4, 14, -7, 13, -11, 13, -14, 14, -17, 16, -18, 18, -19, 21, -19, 24, -18, 25, -16, 27, -14, 27, -13, 27, -11, 25, -10, 23, -1, -1, -17, 35, -20, 33, -22, 30, -24, 29, -26, 27, -28, 26, -29, 26, -29, 26, -29, 26, -29, 27, -28, 27, -27, 26, -26, 23, -26, 22, -25, 20, -24, 16, -26, 13, -26, 10, -26, 7, -26, 4, -26, 2, -25, 1, -25, -1, -25, -2, -23, -3, -21, -5, -21, 1, -20, -1, 0, 0, -1, -1, -1, -1, 0, 0, 0, 0, 0, 0, -1, -1, 2, 22, 1, 23, -7, 26, -7, 29, -7, 33, -6, 35, -4, 37, -2, 38, 0, 39, 1, 39, 3, 38, 1, 37, 0, 35, -3, 33, -6, 32, -9, 31, -13, 31, -16, 33, -19, 34, -20, 38, -20, 40, -21, 43, -20, 45, -18, 46, -18, 47, -17, 46, -16, 44, -15, 42]"
rx1,2026-05-02 20:41:17.837,-59,"[97, -112, 5, 0, -21, -28, -21, -25, -20, -23, -19, -21, -16, -17, -14, -16, -10, -14, -7, -13, -3, -14, 0, -15, 2, -17, 4, -19, 5, -21, 5, -22, 5, -23, 5, -23, 5, -21, 4, -19, 4, -17, 4, -15, 4, -12, 5, -10, 6, -7, 7, -5, 9, -3, 0, 0, 0, 0, 0, 0, 0, 0, 0, 0, 0, 0, 0, 0, 0, 0, 0, 0, 0, 0, 0, 0, -10, 16, -8, 14, -7, 11, -6, 8, -6, 3, -7, -1, -10, -5, -14, -9, -19, -10, -23, -12, -28, -12, -30, -11, -33, -9, -34, -6, -33, -3, -32, 0, -29, 1, -25, 2, -21, 0, -17, -2, -14, -6, -13, -10, -11, -15, -12, -19, -14, -23, -15, -26, -1, -1, -18, -26, -19, -25, -19, -24, -18, -23, -17, -22, -15, -20, -13, -19, -11, -18, -10, -18, -8, -18, -6, -19, -4, -19, -3, -20, -2, -21, -2, -22, -1, -22, -1, -22, 0, -21, 1, -20, 1, -18, 2, -16, 2, -15, 3, -13, 4, -11, 5, -10, 6, -8, 5, -12, 7, -10, -1, -1, -1, -1, -1, -1, -1, -1, 0, 0, 0, 0, 0, 0, -22, -6, -22, -8, -16, 3, -15, 2, -14, 0, -13, -3, -14, -5, -15, -7, -16, -10, -18, -12, -21, -13, -22, -14, -25, -15, -26, -15, -27, -14, -28, -13, -27, -12, -27, -11, -25, -10, -23, -10, -21, -11, -19, -12, -18, -14, -17, -16, -16, -18, -16, -21, -17, -23, -18, -25]"
rx1,2026-05-02 20:41:18.037,-58,"[97, -112, 5, 0, 15, -1, 14, 4, 12, 6, 13, 10, 12, 13, 14, 14, 15, 15, 15, 15, 16, 15, 16, 14, 15, 14, 14, 13, 12, 12, 10, 11, 8, 11, 4, 11, 2, 11, 0, 10, -2, 11, -4, 11, -5, 10, -6, 10, -6, 9, -7, 8, -7, 7, 0, 0, 0, 0, 0, 0, 0, 0, 0, 0, 0, 0, 0, 0, 0, 0, 0, 0, 0, 0, 0, 0, 8, -9, 10, -12, 11, -16, 12, -20, 11, -22, 9, -25, 7, -26, 5, -27, 3, -26, 2, -23, 2, -20, 2, -16, 4, -12, 7, -8, 10, -5, 13, -3, 17, -2, 22, -1, 26, -2, 29, -4, 29, -6, 30, -9, 29, -10, 29, -11, 26, -10, 23, -10, -1, -1, 36, -11, 33, -8, 31, -2, 31, 2, 29, 6, 30, 9, 30, 11, 31, 13, 31, 14, 32, 13, 31, 13, 29, 13, 28, 13, 26, 14, 24, 13, 20, 14, 16, 15, 13, 15, 10, 16, 7, 16, 5, 16, 2, 16, 1, 16, 0, 15, -2, 15, -4, 14, 5, 15, 2, 14, -1, -1, -1, -1, -1, -1, -1, -1, 0, 0, 0, 0, 0, 0, 0, -22, 2, -24, 10, -21, 13, -24, 15, -29, 15, -33, 16, -36, 15, -38, 14, -40, 13, -40, 13, -40, 13, -38, 12, -35, 15, -31, 16, -27, 20, -22, 24, -19, 28, -17, 32, -15, 37, -14, 40, -14, 44, -16, 46, -18, 47, -20, 46, -20, 46, -21, 44, -20, 42, -19]"
rx1,2026-05-02 20:41:18.236,-59,"[97, -112, 5, 0, -28, 19, -26, 20, -23, 20, -21, 19, -18, 18, -17, 15, -16, 13, -16, 10, -17, 8, -17, 5, -18, 4, -20, 2, -21, 2, -22, 1, -22, 1, -22, 0, -21, 0, -20, -1, -19, -2, -17, -3, -15, -4, -14, -5, -13, -6, -12, -7, -10, -8, 0, 0, 0, 0, 0, 0, 0, 0, 0, 0, 0, 0, 0, 0, 0, 0, 0, 0, 0, 0, 0, 0, 6, 15, 6, 13, 5, 10, 3, 8, -1, 7, -4, 7, -8, 7, -12, 9, -15, 12, -18, 16, -19, 20, -19, 24, -18, 27, -15, 29, -13, 30, -10, 29, -7, 27, -6, 24, -6, 20, -6, 17, -8, 14, -12, 13, -16, 11, -20, 11, -23, 12, -26, 15, -1, -1, -51, 35, -51, 37, -48, 36, -45, 36, -43, 34, -40, 31, -38, 29, -37, 26, -35, 22, -37, 20, -36, 17, -38, 15, -39, 14, -40, 11, -41, 11, -40, 9, -40, 8, -39, 6, -38, 3, -35, 1, -32, -1, -31, -3, -29, -5, -27, -7, -24, -8, -22, -11, -23, -9, -19, -12, 0, 0, 0, 0, -1, -1, 0, 0, 0, 0, -1, -1, -1, -1, -22, 32, -25, 30, -7, 29, -8, 26, -10, 24, -12, 23, -16, 22, -19, 22, -24, 24, -29, 26, -32, 30, -36, 34, -38, 38, -38, 42, -38, 45, -35, 47, -33, 47, -31, 47, -28, 45, -27, 42, -27, 39, -28, 37, -30, 33, -33, 32, -38, 30, -42, 30, -46, 33, -50, 34]"
rx1,2026-05-02 20:41:18.441,-58,"[97, -112, 5, 0, 12, -28, 10, -28, 9, -28, 7, -27, 5, -24, 3, -23, 3, -20, 3, -17, 4, -15, 6, -12, 7, -10, 10, -9, 12, -8, 15, -8, 15, -7, 17, -7, 17, -7, 17, -7, 16, -7, 15, -6, 13, -5, 12, -4, 11, -3, 10, -1, 9, 0, 0, 0, 0, 0, 0, 0, 0, 0, 0, 0, 0, 0, 0, 0, 0, 0, 0, 0, 0, 0, 0, 0, -18, -8, -17, -7, -15, -5, -12, -5, -10, -5, -7, -6, -4, -9, -2, -12, -1, -16, 0, -20, -1, -24, -2, -27, -4, -29, -7, -30, -9, -30, -11, -29, -12, -26, -13, -24, -12, -20, -10, -18, -7, -16, -3, -16, 2, -15, 5, -17, 8, -19, 9, -22, -1, -1, 19, -48, 19, -50, 18, -49, 17, -48, 15, -47, 14, -44, 12, -41, 12, -38, 11, -34, 13, -32, 14, -28, 17, -26, 19, -24, 21, -23, 24, -22, 25, -20, 27, -19, 27, -18, 27, -16, 26, -15, 25, -13, 23, -12, 22, -9, 21, -7, 19, -5, 17, -2, 18, -1, 16, 2, 0, 0, -1, -1, -1, -1, 0, 0, 0, 0, 0, 0, -1, -1, -7, -34, -5, -36, -18, -25, -17, -24, -14, -23, -12, -23, -9, -24, -6, -26, -3, -29, -1, -32, 1, -37, 1, -42, 1, -46, 1, -48, -1, -51, -3, -52, -5, -52, -7, -50, -8, -49, -8, -46, -7, -44, -4, -42, -1, -40, 2, -40, 7, -39, 11, -41, 14, -43, 17, -45]"
rx1,2026-05-02 20:41:18.637,-59,"[97, -112, 5, 0, -11, -30, -13, -28, -14, -26, -14, -24, -14, -20, -12, -18, -9, -16, -7, -14, -5, -13, -2, -14, 0, -14, 2, -15, 4, -17, 5, -18, 6, -19, 6, -20, 6, -20, 5, -20, 5, -18, 4, -16, 5, -15, 5, -13, 5, -10, 6, -9, 7, -7, 0, 0, 0, 0, 0, 0, 0, 0, 0, 0, 0, 0, 0, 0, 0, 0, 0, 0, 0, 0, 0, 0, -22, 6, -19, 6, -17, 5, -15, 3, -12, 1, -11, -3, -10, -6, -11, -11, -12, -15, -16, -19, -18, -21, -21, -22, -24, -23, -26, -21, -27, -19, -27, -16, -27, -13, -24, -11, -21, -10, -18, -10, -13, -11, -11, -13, -8, -16, -7, -19, -6, -23, -7, -27, -1, -1, -13, -56, -16, -56, -17, -54, -17, -51, -17, -48, -16, -44, -15, -41, -12, -38, -10, -36, -7, -35, -4, -34, -2, -35, 2, -36, 4, -37, 5, -38, 7, -38, 8, -38, 8, -37, 9, -36, 8, -34, 9, -31, 10, -28, 11, -25, 11, -22, 12, -19, 13, -17, 15, -17, 16, -14, 0, 0, -1, -1, -1, -1, 0, 0, 0, 0, 0, 0, -1, -1, -27, -29, -26, -33, -32, -11, -30, -12, -27, -13, -24, -16, -22, -19, -21, -22, -20, -27, -21, -33, -23, -37, -25, -42, -28, -44, -30, -46, -33, -47, -34, -45, -35, -44, -36, -41, -35, -38, -32, -37, -29, -35, -25, -35, -21, -37, -19, -40, -16, -42, -14, -46, -12, -50, -14, -54]"
rx1,2026-05-02 20:41:18.837,-59,"[97, -112, 5, 0, 14, 6, 11, 8, 8, 10, 8, 13, 7, 15, 8, 16, 8, 18, 9, 18, 11, 17, 12, 17, 12, 15, 12, 14, 11, 14, 9, 12, 8, 11, 5, 11, 3, 10, 1, 10, -1, 10, -3, 10, -4, 10, -5, 10, -6, 10, -6, 9, -7, 9, 0, 0, 0, 0, 0, 0, 0, 0, 0, 0, 0, 0, 0, 0, 0, 0, 0, 0, 0, 0, 0, 0, 11, -4, 14, -4, 18, -5, 20, -7, 22, -9, 23, -11, 23, -13, 22, -15, 21, -15, 20, -15, 17, -13, 15, -10, 14, -7, 13, -3, 13, 1, 14, 4, 16, 7, 18, 10, 22, 11, 25, 11, 26, 10, 28, 9, 27, 6, 28, 5, 25, 4, 24, 3, -1, -1, 34, 3, 32, 4, 28, 7, 26, 9, 24, 12, 24, 14, 24, 15, 24, 17, 24, 17, 26, 17, 26, 17, 26, 16, 25, 15, 24, 15, 23, 14, 20, 13, 18, 14, 16, 14, 12, 14, 10, 14, 6, 15, 5, 15, 4, 16, 2, 16, 0, 16, -2, 15, 8, 15, 5, 15, -1, -1, -1, -1, -1, -1, -1, -1, 0, 0, 0, 0, 0, 0, 15, -23, 18, -23, 21, -15, 25, -15, 29, -16, 31, -17, 35, -20, 37, -21, 37, -23, 37, -24, 38, -24, 37, -23, 35, -21, 34, -18, 33, -13, 33, -9, 33, -5, 34, -2, 35, 2, 38, 4, 40, 5, 43, 5, 45, 6, 47, 4, 47, 3, 46, 2, 44, 1, 43, 1]"
rx1,2026-05-02 20:41:19.040,-59,"[97, -112, 5, 0, -17, -20, -19, -19, -18, -17, -19, -15, -17, -12, -16, -10, -14, -9, -12, -8, -9, -9, -7, -10, -6, -10, -4, -12, -4, -14, -3, -15, -3, -16, -3, -16, -4, -16, -4, -16, -4, -15, -4, -14, -3, -13, -2, -12, -1, -11, -1, -10, 0, -9, 0, 0, 0, 0, 0, 0, 0, 0, 0, 0, 0, 0, 0, 0, 0, 0, 0, 0, 0, 0, 0, 0, -17, 9, -15, 9, -14, 8, -13, 7, -11, 4, -11, 1, -11, -1, -12, -5, -14, -8, -17, -10, -20, -12, -22, -13, -25, -13, -26, -12, -27, -9, -27, -8, -26, -5, -24, -4, -21, -3, -18, -4, -16, -5, -14, -7, -12, -9, -12, -13, -12, -17, -13, -18, -1, -1, -31, -35, -33, -34, -33, -34, -32, -31, -32, -29, -30, -26, -29, -24, -25, -22, -23, -21, -21, -22, -19, -22, -17, -22, -14, -24, -14, -25, -13, -26, -12, -27, -11, -28, -11, -28, -10, -27, -9, -26, -9, -24, -7, -23, -5, -21, -3, -20, -2, -18, 0, -17, -1, -16, 1, -16, 0, 0, -1, -1, -1, -1, 0, 0, 0, 0, 0, 0, -1, -1, -31, -7, -32, -10, -32, 3, -31, 3, -29, 1, -28, -1, -27, -4, -27, -7, -29, -10, -30, -14, -32, -18, -34, -21, -37, -24, -41, -25, -43, -25, -44, -24, -45, -22, -45, -21, -43, -19, -41, -17, -39, -17, -36, -18, -34, -19, -32, -21, -30, -24, -29, -29, -29, -31, -31, -34]"
rx1,2026-05-02 20:41:19.240,-60,"[97, -112, 5, 0, 19, 21, 19, 19, 19, 17, 19, 14, 18, 12, 16, 10, 14, 9, 10, 7, 8, 8, 5, 9, 4, 11, 2, 12, 1, 14, 1, 16, 1, 17, 1, 18, 1, 18, 2, 18, 2, 16, 2, 15, 1, 13, 0, 12, -1, 10, -1, 9, -3, 8, 0, 0, 0, 0, 0, 0, 0, 0, 0, 0, 0, 0, 0, 0, 0, 0, 0, 0, 0, 0, 0, 0, 16, -12, 14, -12, 12, -11, 10, -9, 10, -7, 9, -3, 10, 0, 11, 3, 14, 6, 18, 9, 20, 11, 23, 11, 26, 10, 28, 9, 28, 6, 28, 4, 25, 2, 24, 1, 21, 1, 18, 2, 15, 3, 13, 7, 11, 10, 11, 13, 12, 17, 14, 20, -1, -1, 30, 41, 31, 40, 31, 38, 30, 36, 30, 33, 28, 30, 25, 28, 24, 26, 20, 25, 17, 24, 15, 24, 12, 27, 10, 28, 8, 30, 8, 31, 7, 32, 6, 33, 6, 32, 5, 31, 4, 30, 3, 28, 2, 26, 0, 24, -1, 21, -3, 19, -5, 17, -7, 18, -8, 15, 0, 0, -1, -1, -1, -1, 0, 0, 0, 0, 0, 0, -1, -1, 29, 11, 29, 15, 29, -3, 27, -2, 26, -1, 24, 2, 24, 5, 25, 8, 25, 12, 27, 16, 30, 20, 33, 23, 36, 26, 39, 26, 42, 27, 43, 26, 43, 24, 44, 22, 41, 20, 39, 19, 36, 19, 33, 21, 32, 22, 29, 26, 27, 29, 27, 32, 27, 36, 28, 39]"
rx1,2026-05-02 20:41:19.441,-59,"[97, -112, 5, 0, 3, -15, 5, -13, 9, -12, 12, -12, 14, -12, 15, -13, 17, -15, 16, -16, 16, -18, 15, -18, 13, -18, 12, -17, 10, -16, 10, -15, 9, -12, 9, -9, 8, -6, 9, -3, 9, -1, 10, 1, 11, 2, 11, 4, 11, 5, 11, 6, 11, 6, 0, 0, 0, 0, 0, 0, 0, 0, 0, 0, 0, 0, 0, 0, 0, 0, 0, 0, 0, 0, 0, 0, -6, -11, -7, -14, -9, -16, -11, -17, -13, -19, -16, -19, -17, -19, -19, -18, -19, -17, -19, -16, -16, -14, -13, -13, -10, -13, -6, -13, -2, -14, 0, -17, 3, -19, 4, -22, 4, -25, 4, -27, 2, -29, 1, -30, -1, -30, -2, -29, -3, -27, -3, -24, -1, -1, -4, -35, -2, -32, 1, -30, 5, -29, 8, -28, 11, -27, 12, -29, 13, -29, 12, -30, 13, -32, 12, -32, 11, -32, 10, -31, 9, -30, 8, -28, 8, -25, 10, -22, 10, -19, 11, -16, 12, -13, 13, -10, 14, -8, 16, -6, 17, -4, 16, -3, 17, -1, 14, -12, 14, -8, -1, -1, -1, -1, -1, -1, -1, -1, 0, 0, 0, 0, 0, 0, -24, -10, -24, -14, -18, -18, -19, -21, -21, -25, -23, -26, -25, -29, -28, -30, -30, -31, -31, -31, -31, -30, -30, -30, -27, -30, -24, -29, -20, -30, -15, -31, -12, -32, -9, -34, -6, -36, -5, -40, -5, -42, -5, -46, -6, -46, -7, -48, -8, -48, -8, -47, -9, -45, -9, -42]"
rx1,2026-05-02 20:41:19.640,-60,"[97, -112, 5, 0, 16, 26, 18, 24, 18, 22, 18, 19, 17, 16, 15, 14, 12, 12, 8, 10, 5, 11, 2, 12, 0, 14, -2, 16, -3, 17, -4, 19, -4, 21, -3, 22, -2, 22, -2, 21, -1, 19, -1, 17, -2, 15, -2, 13, -3, 10, -4, 8, -6, 6, 0, 0, 0, 0, 0, 0, 0, 0, 0, 0, 0, 0, 0, 0, 0, 0, 0, 0, 0, 0, 0, 0, 17, -10, 15, -10, 13, -9, 11, -7, 10, -4, 10, -1, 10, 2, 11, 6, 14, 9, 17, 13, 19, 15, 23, 15, 26, 15, 27, 14, 29, 11, 28, 9, 26, 7, 24, 5, 21, 5, 18, 6, 15, 7, 13, 10, 10, 14, 9, 18, 10, 21, 12, 24, -1, -1, 33, 46, 34, 46, 34, 43, 35, 42, 33, 38, 30, 35, 29, 32, 25, 31, 22, 28, 19, 29, 15, 29, 12, 32, 9, 34, 7, 36, 7, 38, 6, 38, 5, 41, 5, 39, 3, 38, 3, 36, 1, 33, 0, 30, -1, 28, -3, 25, -5, 22, -8, 18, -8, 24, -10, 20, -1, -1, -1, -1, -1, -1, -1, -1, 0, 0, 0, 0, 0, 0, 30, 12, 31, 15, 32, -2, 29, -1, 28, 0, 27, 3, 26, 6, 26, 9, 26, 14, 28, 19, 32, 22, 35, 27, 38, 29, 42, 30, 45, 31, 46, 30, 46, 27, 48, 25, 44, 23, 44, 23, 39, 22, 37, 23, 33, 26, 33, 28, 30, 34, 29, 37, 29, 41, 32, 43]"
rx1,2026-05-02 20:41:19.845,-61,"[97, -112, 5, 0, -14, 25, -12, 26, -10, 25, -7, 24, -6, 21, -5, 17, -5, 14, -5, 11, -7, 8, -9, 6, -11, 5, -14, 4, -16, 4, -19, 5, -20, 5, -21, 5, -20, 6, -20, 6, -17, 6, -16, 6, -14, 4, -12, 3, -10, 2, -8, 0, -7, -2, 0, 0, 0, 0, 0, 0, 0, 0, 0, 0, 0, 0, 0, 0, 0, 0, 0, 0, 0, 0, 0, 0, 18, 6, 17, 4, 14, 3, 12, 2, 9, 4, 6, 5, 4, 8, 1, 11, 0, 16, -1, 19, -1, 23, 1, 27, 2, 28, 4, 29, 7, 29, 8, 27, 9, 25, 9, 22, 8, 19, 5, 17, 1, 14, -2, 14, -7, 14, -10, 15, -12, 18, -14, 21, -1, -1, -27, 48, -26, 48, -24, 48, -22, 46, -20, 43, -18, 39, -17, 37, -17, 33, -17, 29, -19, 26, -21, 23, -24, 21, -27, 20, -29, 19, -31, 19, -33, 18, -34, 18, -33, 18, -33, 16, -31, 14, -29, 13, -27, 11, -25, 8, -22, 6, -20, 3, -18, 0, -24, 0, -22, -3, -1, -1, -1, -1, -1, -1, -1, -1, 0, 0, 0, 0, 0, 0, 3, 31, 1, 32, 16, 22, 15, 20, 12, 20, 10, 20, 7, 23, 4, 23, 1, 28, -2, 31, -4, 36, -5, 41, -6, 44, -5, 48, -4, 50, -3, 51, -1, 51, 1, 49, 2, 47, 1, 45, -1, 41, -3, 40, -8, 38, -11, 38, -16, 38, -19, 39, -23, 42, -26, 44]"
rx1,2026-05-02 20:41:20.045,-61,"[97, -112, 5, 0, -6, 10, -9, 8, -13, 6, -15, 6, -17, 6, -19, 7, -21, 8, -21, 10, -20, 11, -19, 12, -17, 12, -15, 11, -14, 10, -11, 8, -9, 5, -8, 2, -8, -1, -7, -4, -7, -6, -8, -8, -8, -9, -8, -11, -8, -11, -8, -11, -8, -11, 0, 0, 0, 0, 0, 0, 0, 0, 0, 0, 0, 0, 0, 0, 0, 0, 0, 0, 0, 0, 0, 0, 7, 8, 9, 10, 11, 12, 14, 12, 16, 13, 19, 13, 20, 13, 20, 11, 21, 10, 19, 9, 16, 8, 13, 8, 9, 8, 5, 10, 1, 12, -2, 14, -4, 18, -5, 21, -5, 24, -4, 26, -3, 27, -2, 28, 0, 28, 1, 26, 1, 24, 2, 21, -1, -1, 1, 28, -3, 25, -6, 22, -10, 21, -13, 19, -15, 19, -16, 20, -18, 21, -18, 21, -18, 23, -17, 23, -17, 22, -14, 22, -13, 20, -11, 19, -10, 15, -10, 13, -9, 9, -10, 5, -10, 3, -11, 1, -11, -1, -13, -3, -13, -4, -13, -5, -13, -7, -12, 8, -11, 4, 0, 0, -1, -1, -1, -1, 0, 0, 0, 0, 0, 0, -1, -1, 23, 2, 22, 5, 18, 11, 20, 13, 23, 16, 25, 17, 29, 19, 31, 19, 33, 20, 34, 19, 34, 19, 31, 20, 28, 20, 24, 21, 20, 22, 16, 23, 11, 25, 10, 29, 6, 32, 5, 36, 3, 37, 4, 42, 4, 42, 6, 43, 6, 44, 6, 41, 7, 40, 6, 36]"
rx1,2026-05-02 20:41:20.245,-62,"[97, -112, 5, 0, -13, 27, -10, 27, -9, 25, -7, 23, -4, 19, -4, 16, -4, 13, -6, 9, -8, 6, -10, 4, -13, 3, -15, 2, -17, 2, -20, 3, -20, 4, -20, 5, -20, 6, -18, 5, -17, 5, -15, 4, -12, 4, -10, 2, -9, 1, -7, -1, -6, -3, 0, 0, 0, 0, 0, 0, 0, 0, 0, 0, 0, 0, 0, 0, 0, 0, 0, 0, 0, 0, 0, 0, 18, -2, 16, -2, 13, -2, 11, -2, 8, 1, 6, 4, 4, 8, 3, 12, 4, 17, 5, 20, 6, 24, 7, 26, 10, 27, 12, 27, 14, 26, 15, 24, 14, 21, 13, 18, 10, 16, 6, 15, 2, 13, -3, 14, -6, 15, -10, 17, -13, 20, -15, 23, -1, -1, -20, 52, -19, 53, -17, 50, -16, 49, -14, 45, -12, 41, -13, 37, -13, 33, -13, 29, -16, 27, -19, 24, -22, 21, -24, 20, -27, 20, -29, 21, -30, 18, -32, 20, -30, 19, -29, 18, -28, 16, -26, 15, -24, 13, -23, 10, -20, 7, -18, 4, -17, 1, -24, 5, -22, 2, -1, -1, -1, -1, -1, -1, -1, -1, -1, -1, 0, 0, 0, 0, 18, 29, 16, 31, 24, 14, 22, 14, 20, 15, 17, 16, 14, 20, 12, 22, 10, 28, 8, 32, 9, 39, 8, 43, 9, 47, 9, 50, 12, 52, 14, 52, 15, 50, 15, 49, 15, 46, 12, 45, 10, 42, 5, 41, 1, 39, -4, 41, -9, 42, -13, 44, -18, 48, -20, 50]"
rx1,2026-05-02 20:41:20.445,-61,"[97, -112, 5, 0, 8, -30, 6, -29, 4, -28, 3, -24, 2, -20, 2, -16, 3, -12, 4, -8, 7, -6, 9, -3, 12, -2, 15, -1, 17, 0, 20, -1, 21, -2, 22, -2, 21, -3, 20, -4, 17, -3, 15, -3, 12, -2, 10, -1, 7, 0, 5, 2, 3, 3, 0, 0, 0, 0, 0, 0, 0, 0, 0, 0, 0, 0, 0, 0, 0, 0, 0, 0, 0, 0, 0, 0, -13, 11, -11, 10, -10, 8, -7, 5, -7, 2, -7, -2, -7, -7, -8, -11, -11, -15, -14, -19, -17, -21, -20, -22, -22, -22, -23, -21, -24, -19, -23, -17, -21, -14, -18, -13, -14, -11, -10, -11, -5, -11, 0, -14, 4, -16, 7, -19, 8, -23, 10, -27, -1, -1, 12, -56, 10, -58, 9, -53, 10, -54, 8, -49, 8, -44, 8, -40, 10, -35, 10, -30, 14, -29, 17, -24, 21, -22, 25, -20, 27, -19, 31, -20, 32, -18, 35, -19, 33, -17, 32, -16, 30, -16, 28, -13, 25, -11, 24, -8, 20, -5, 18, -3, 15, 1, 26, -1, 24, 3, -1, -1, -1, -1, -1, -1, -1, -1, 0, 0, 0, 0, 0, 0, -29, -23, -28, -26, -25, -3, -23, -4, -22, -9, -19, -10, -20, -16, -18, -20, -18, -26, -19, -31, -22, -36, -24, -41, -26, -43, -28, -45, -29, -46, -30, -46, -29, -43, -30, -43, -26, -38, -24, -40, -19, -36, -14, -39, -9, -39, -4, -42, 2, -45, 5, -48, 8, -53, 10, -54]"
rx1,2026-05-02 20:41:20.642,-61,"[97, -112, 5, 0, 7, 10, 3, 12, 1, 14, -1, 17, -2, 19, -2, 20, 0, 22, 0, 22, 2, 22, 4, 21, 4, 19, 4, 17, 3, 14, 2, 12, 1, 10, -2, 8, -4, 6, -7, 5, -9, 4, -11, 3, -12, 3, -13, 3, -13, 3, -13, 3, -13, 3, 0, 0, 0, 0, 0, 0, 0, 0, 0, 0, 0, 0, 0, 0, 0, 0, 0, 0, 0, 0, 0, 0, 12, -3, 14, -3, 18, -4, 19, -6, 22, -8, 22, -9, 22, -11, 21, -12, 20, -12, 19, -11, 16, -9, 14, -7, 13, -3, 12, 1, 12, 5, 13, 9, 14, 11, 17, 14, 19, 16, 22, 16, 23, 16, 24, 14, 25, 13, 24, 11, 22, 10, 19, 9, -1, -1, 26, 13, 21, 15, 17, 16, 15, 19, 12, 21, 11, 24, 10, 25, 11, 26, 12, 27, 13, 27, 13, 25, 13, 24, 13, 22, 12, 19, 11, 18, 8, 15, 5, 14, 2, 12, -1, 10, -3, 10, -6, 9, -8, 9, -9, 9, -10, 9, -11, 8, -11, 9, 0, 12, -2, 12, 0, 0, -1, -1, -1, -1, 0, 0, 0, 0, 0, 0, -1, -1, 16, -19, 18, -17, 21, -12, 24, -11, 29, -12, 30, -14, 34, -15, 34, -16, 36, -17, 36, -18, 35, -18, 35, -16, 33, -14, 31, -10, 31, -6, 30, -1, 29, 3, 31, 7, 31, 11, 35, 13, 36, 16, 39, 16, 41, 16, 41, 15, 41, 15, 40, 14, 38, 13, 36, 12]"
rx1,2026-05-02 20:41:20.844,-62,"[97, -112, 5, 0, -16, 27, -14, 28, -11, 26, -9, 23, -7, 20, -7, 16, -7, 13, -8, 11, -10, 9, -13, 8, -15, 8, -17, 7, -19, 8, -19, 10, -20, 10, -18, 11, -17, 11, -16, 11, -13, 9, -12, 8, -10, 6, -10, 4, -9, 2, -9, 0, -9, -2, 0, 0, 0, 0, 0, 0, 0, 0, 0, 0, 0, 0, 0, 0, 0, 0, 0, 0, 0, 0, 0, 0, 12, 15, 11, 13, 9, 11, 7, 11, 3, 10, 1, 11, -3, 14, -6, 16, -7, 20, -8, 24, -8, 28, -7, 30, -5, 32, -3, 32, -1, 32, 1, 30, 2, 28, 2, 24, 1, 21, -2, 19, -5, 17, -9, 17, -14, 17, -16, 18, -18, 21, -19, 24, -1, -1, -15, 27, -14, 27, -12, 26, -11, 25, -10, 23, -10, 21, -9, 19, -9, 17, -10, 16, -10, 15, -11, 14, -13, 14, -14, 13, -15, 13, -15, 14, -15, 14, -15, 13, -14, 13, -14, 12, -13, 11, -12, 9, -11, 8, -11, 7, -10, 5, -10, 4, -10, 2, -11, 5, -12, 3, 0, 0, -1, -1, -1, -1, 0, 0, 0, 0, 0, 0, -1, -1, 1, 20, -1, 21, 5, 17, 4, 16, 3, 16, 2, 15, 0, 16, -2, 16, -4, 18, -5, 20, -6, 22, -7, 24, -7, 26, -7, 28, -6, 29, -5, 29, -4, 29, -4, 28, -3, 26, -3, 26, -4, 24, -5, 23, -8, 22, -9, 23, -12, 23, -12, 23, -14, 25, -15, 26]"
rx1,2026-05-02 20:41:21.046,-62,"[97, -112, 5, 0, 3, -12, 6, -10, 9, -8, 12, -7, 13, -6, 15, -7, 16, -8, 17, -9, 17, -10, 16, -11, 14, -11, 13, -10, 11, -9, 10, -8, 9, -7, 8, -5, 8, -3, 7, -1, 6, 1, 6, 2, 6, 3, 6, 4, 5, 5, 5, 5, 5, 5, 0, 0, 0, 0, 0, 0, 0, 0, 0, 0, 0, 0, 0, 0, 0, 0, 0, 0, 0, 0, 0, 0, -10, -11, -12, -14, -15, -16, -17, -17, -20, -17, -22, -17, -24, -15, -24, -14, -23, -12, -22, -11, -18, -10, -14, -9, -10, -10, -6, -11, -2, -13, 1, -16, 4, -19, 5, -23, 5, -25, 5, -28, 4, -29, 2, -30, 1, -30, 0, -28, -1, -26, -1, -23, -1, -1, -4, -31, -2, -28, 1, -24, 5, -23, 8, -22, 10, -20, 12, -20, 14, -20, 14, -21, 15, -23, 13, -22, 12, -23, 11, -22, 10, -21, 10, -20, 9, -18, 9, -16, 8, -13, 8, -10, 9, -8, 9, -7, 9, -6, 9, -3, 9, -2, 10, -1, 9, 0, 10, -9, 11, -5, -1, -1, -1, -1, -1, -1, -1, -1, -1, -1, 0, 0, 0, 0, -26, -4, -27, -7, -24, -15, -25, -18, -29, -22, -31, -23, -34, -24, -35, -24, -38, -23, -38, -24, -38, -23, -36, -23, -32, -23, -28, -23, -23, -24, -19, -26, -14, -29, -11, -31, -8, -33, -6, -38, -5, -40, -6, -44, -6, -45, -7, -46, -8, -46, -8, -43, -8, -43, -8, -40]"
rx1,2026-05-02 20:41:21.248,-61,"[97, -112, 5, 0, -12, -6, -10, -8, -7, -11, -7, -13, -6, -15, -7, -16, -8, -17, -9, -17, -10, -17, -10, -16, -10, -15, -9, -14, -9, -12, -8, -12, -6, -11, -4, -10, -3, -9, -2, -9, 0, -9, 1, -8, 2, -8, 3, -8, 3, -7, 3, -7, 3, -6, 0, 0, 0, 0, 0, 0, 0, 0, 0, 0, 0, 0, 0, 0, 0, 0, 0, 0, 0, 0, 0, 0, -14, 7, -16, 9, -18, 12, -19, 14, -19, 16, -19, 18, -18, 19, -17, 19, -15, 19, -14, 17, -12, 13, -11, 10, -12, 6, -13, 2, -14, -3, -16, -5, -19, -7, -23, -8, -25, -8, -27, -8, -28, -7, -29, -5, -28, -3, -27, -2, -25, -2, -21, -2, -1, -1, -30, -2, -28, -5, -25, -7, -23, -10, -21, -13, -21, -14, -21, -16, -20, -17, -21, -18, -23, -18, -23, -17, -22, -15, -21, -16, -20, -14, -19, -14, -17, -14, -15, -14, -13, -14, -10, -14, -9, -14, -7, -14, -5, -14, -4, -13, -3, -14, -1, -13, 0, -12, -5, -15, -2, -13, 0, 0, -1, -1, -1, -1, 0, 0, 0, 0, 0, 0, -1, -1, -9, 20, -12, 20, -20, 17, -23, 19, -25, 22, -27, 23, -28, 26, -28, 27, -28, 29, -29, 29, -28, 28, -28, 25, -27, 23, -26, 19, -27, 13, -29, 10, -30, 5, -33, 3, -35, -1, -39, -2, -41, -2, -43, -2, -44, -1, -44, 0, -45, 1, -43, 2, -41, 2, -38, 1]"
rx1,2026-05-02 20:41:21.444,-62,"[97, -112, 5, 0, 29, 4, 28, 2, 27, 1, 25, 0, 21, -1, 18, -1, 16, 0, 14, 0, 12, 2, 11, 3, 10, 5, 9, 7, 10, 8, 10, 9, 10, 9, 10, 11, 10, 9, 9, 9, 8, 8, 7, 8, 6, 8, 4, 8, 3, 8, 2, 8, 1, 9, 0, 0, 0, 0, 0, 0, 0, 0, 0, 0, 0, 0, 0, 0, 0, 0, 0, 0, 0, 0, 0, 0, -7, -23, -6, -20, -5, -17, -3, -14, 0, -11, 4, -9, 9, -8, 14, -8, 19, -10, 24, -12, 27, -15, 29, -18, 29, -21, 29, -23, 27, -25, 23, -26, 20, -23, 18, -22, 15, -18, 14, -14, 14, -9, 14, -5, 16, -1, 19, 3, 22, 5, 25, 5, -1, -1, 53, 3, 53, 1, 50, 0, 50, -1, 46, -1, 41, -1, 38, -2, 34, -1, 32, 0, 30, 2, 27, 3, 26, 5, 23, 7, 24, 8, 25, 8, 23, 10, 23, 11, 22, 10, 21, 10, 19, 9, 17, 9, 15, 9, 13, 10, 11, 9, 10, 10, 8, 11, 17, 5, 14, 7, -1, -1, -1, -1, -1, -1, -1, -1, 0, 0, 0, 0, 0, 0, 26, -40, 31, -37, 10, -39, 11, -36, 13, -33, 15, -29, 21, -28, 25, -24, 31, -23, 37, -22, 43, -24, 49, -25, 52, -27, 56, -29, 57, -30, 55, -33, 53, -34, 50, -35, 47, -32, 46, -31, 42, -26, 41, -22, 41, -16, 42, -12, 45, -6, 46, -3, 49, 0, 53, 1]"
rx1,2026-05-02 20:41:21.645,-61,"[97, -112, 5, 0, 13, 23, 14, 21, 14, 18, 14, 16, 12, 13, 10, 11, 7, 9, 5, 8, 2, 9, 0, 9, -2, 11, -3, 12, -4, 14, -4, 15, -5, 16, -4, 16, -3, 16, -3, 15, -2, 13, -2, 11, -2, 9, -3, 8, -5, 6, -5, 4, -6, 3, 0, 0, 0, 0, 0, 0, 0, 0, 0, 0, 0, 0, 0, 0, 0, 0, 0, 0, 0, 0, 0, 0, 9, -16, 8, -14, 7, -11, 7, -8, 7, -4, 9, 0, 11, 3, 15, 6, 19, 9, 22, 10, 25, 10, 28, 9, 30, 8, 30, 6, 30, 4, 27, 2, 24, 1, 21, 0, 17, 1, 14, 3, 11, 6, 9, 9, 7, 13, 7, 17, 8, 21, 10, 23, -1, -1, 21, 46, 22, 45, 22, 42, 21, 40, 20, 35, 17, 33, 15, 30, 12, 28, 10, 26, 7, 26, 5, 26, 3, 27, 1, 28, 0, 30, 0, 31, -1, 31, -2, 32, -1, 30, -2, 29, -2, 27, -3, 24, -3, 21, -5, 19, -5, 17, -7, 15, -9, 14, -9, 20, -8, 17, 0, 0, -1, -1, -1, -1, 0, 0, 0, 0, 0, 0, -1, -1, 40, 8, 41, 12, 28, -8, 27, -4, 27, 0, 26, 4, 27, 9, 29, 13, 30, 19, 33, 23, 37, 26, 41, 28, 44, 28, 45, 29, 47, 28, 47, 26, 45, 25, 42, 24, 39, 22, 36, 22, 32, 23, 26, 26, 23, 28, 22, 32, 20, 36, 20, 39, 20, 43, 21, 45]"
rx1,2026-05-02 20:41:21.848,-61,"[97, -112, 5, 0, 9, 6, 7, 9, 4, 12, 4, 14, 4, 16, 5, 17, 5, 18, 6, 18, 8, 18, 8, 16, 8, 15, 8, 14, 7, 12, 5, 11, 4, 9, 1, 9, -1, 8, -3, 8, -5, 8, -6, 8, -7, 8, -7, 8, -8, 8, -7, 7, -7, 7, 0, 0, 0, 0, 0, 0, 0, 0, 0, 0, 0, 0, 0, 0, 0, 0, 0, 0, 0, 0, 0, 0, 12, -11, 15, -13, 17, -15, 18, -18, 18, -19, 18, -22, 16, -22, 14, -22, 13, -21, 12, -18, 11, -15, 10, -11, 11, -6, 12, -2, 14, 2, 15, 6, 19, 7, 22, 9, 25, 9, 27, 9, 29, 7, 29, 6, 27, 4, 26, 3, 24, 2, 21, 2, -1, -1, 28, 4, 25, 5, 20, 9, 19, 12, 17, 14, 17, 16, 17, 17, 18, 19, 18, 19, 20, 18, 19, 18, 19, 16, 18, 15, 16, 14, 16, 13, 13, 12, 10, 12, 8, 12, 5, 12, 3, 12, 1, 12, -1, 13, -2, 13, -3, 13, -3, 13, -4, 12, 4, 13, 2, 10, -1, -1, -1, -1, -1, -1, -1, -1, 0, 0, 0, 0, 0, 0, 8, -23, 11, -22, 18, -21, 22, -23, 24, -26, 26, -28, 27, -30, 26, -32, 26, -32, 26, -33, 25, -31, 26, -28, 25, -23, 25, -19, 27, -14, 28, -10, 29, -6, 32, -2, 34, 1, 38, 2, 40, 3, 43, 3, 44, 2, 44, 1, 44, 0, 43, 1, 40, 0, 37, 0]"
rx1,2026-05-02 20:41:22.048,-61,"[97, -112, 5, 0, 8, 6, 6, 9, 4, 11, 4, 14, 5, 15, 5, 17, 6, 16, 7, 16, 8, 15, 8, 13, 8, 12, 8, 11, 7, 9, 5, 8, 2, 7, 0, 6, -2, 6, -4, 6, -5, 6, -6, 7, -7, 7, -7, 7, -7, 7, -7, 7, -7, 6, 0, 0, 0, 0, 0, 0, 0, 0, 0, 0, 0, 0, 0, 0, 0, 0, 0, 0, 0, 0, 0, 0, 10, -12, 11, -14, 12, -16, 13, -18, 13, -20, 11, -21, 10, -21, 9, -21, 8, -19, 7, -17, 7, -14, 8, -10, 9, -6, 10, -2, 13, 2, 15, 4, 18, 5, 21, 6, 23, 6, 25, 5, 25, 3, 25, 2, 24, 1, 22, 0, 20, -1, 17, 0, -1, -1, 22, 2, 18, 4, 16, 9, 15, 11, 16, 13, 14, 15, 14, 16, 15, 17, 15, 16, 16, 15, 16, 13, 16, 13, 15, 11, 14, 10, 12, 9, 9, 8, 7, 8, 5, 9, 3, 9, 1, 9, -2, 10, -2, 10, -3, 11, -4, 10, -4, 10, -5, 10, 3, 8, 2, 8, 0, 0, -1, -1, -1, -1, 0, 0, 0, 0, 0, 0, -1, -1, 6, -18, 7, -18, 14, -21, 16, -23, 18, -25, 18, -27, 20, -29, 18, -29, 18, -30, 18, -29, 18, -28, 18, -25, 19, -22, 20, -17, 21, -13, 23, -9, 25, -5, 28, -3, 31, 0, 34, 1, 36, 1, 37, 0, 38, -1, 37, -1, 37, -2, 35, -3, 32, -3, 31, -1]"
rx1,2026-05-02 20:41:22.250,-61,"[97, -112, 5, 0, 27, -5, 25, -6, 22, -7, 19, -7, 15, -6, 12, -4, 10, -2, 8, 1, 7, 3, 8, 6, 7, 8, 8, 11, 10, 12, 12, 13, 12, 12, 13, 12, 12, 11, 11, 9, 10, 8, 9, 7, 6, 6, 4, 5, 1, 5, -1, 5, -3, 5, 0, 0, 0, 0, 0, 0, 0, 0, 0, 0, 0, 0, 0, 0, 0, 0, 0, 0, 0, 0, 0, 0, -15, -10, -12, -9, -9, -9, -5, -8, 0, -8, 3, -10, 7, -12, 11, -15, 13, -19, 16, -22, 16, -25, 15, -28, 14, -29, 12, -29, 9, -28, 7, -27, 5, -23, 5, -20, 5, -15, 7, -11, 9, -6, 13, -4, 17, -1, 21, 0, 24, 0, 27, -1, -1, -1, 53, -8, 50, -11, 49, -10, 46, -10, 42, -10, 37, -8, 33, -6, 31, -3, 28, 0, 27, 2, 26, 6, 25, 8, 26, 10, 27, 12, 29, 12, 29, 13, 28, 14, 27, 13, 25, 12, 24, 12, 21, 11, 18, 10, 16, 10, 12, 10, 9, 11, 7, 11, 16, 14, 13, 16, 0, 0, -1, -1, -1, -1, 0, 0, 0, 0, 0, 0, -1, -1, 11, -43, 16, -42, -4, -30, 0, -29, 3, -28, 9, -28, 14, -28, 19, -29, 24, -31, 29, -34, 32, -38, 35, -40, 37, -43, 37, -44, 37, -45, 35, -44, 34, -43, 31, -41, 30, -36, 30, -32, 31, -28, 33, -23, 35, -18, 39, -16, 43, -11, 47, -10, 51, -9, 54, -9]"
rx1,2026-05-02 20:41:22.963,-61,"[97, -112, 5, 0, -2, -28, -4, -26, -4, -23, -5, -20, -4, -16, -2, -13, 0, -11, 3, -10, 5, -10, 7, -11, 9, -12, 10, -13, 11, -14, 11, -16, 9, -17, 8, -16, 7, -16, 6, -15, 5, -13, 4, -10, 4, -9, 4, -6, 5, -4, 5, -2, 6, -1, 0, 0, 0, 0, 0, 0, 0, 0, 0, 0, 0, 0, 0, 0, 0, 0, 0, 0, 0, 0, 0, 0, -17, 1, -15, 0, -12, -2, -10, -4, -8, -8, -7, -11, -8, -15, -9, -19, -10, -23, -12, -25, -15, -27, -17, -27, -19, -26, -20, -23, -21, -21, -19, -19, -17, -16, -14, -14, -10, -14, -7, -14, -3, -16, 0, -18, 2, -20, 3, -24, 3, -26, 2, -29, -1, -1, 0, -55, -3, -53, -4, -51, -4, -47, -3, -43, -2, -39, -1, -36, 2, -33, 3, -31, 6, -31, 8, -31, 11, -32, 11, -31, 12, -33, 12, -34, 12, -34, 11, -33, 11, -33, 10, -30, 9, -27, 8, -24, 9, -22, 10, -18, 10, -16, 11, -13, 13, -11, 14, -17, 16, -15, -1, -1, -1, -1, -1, -1, -1, -1, -1, -1, 0, 0, 0, 0, -32, -34, -29, -37, -30, -18, -27, -20, -23, -22, -21, -26, -19, -30, -18, -34, -18, -40, -18, -44, -20, -48, -20, -51, -23, -53, -24, -53, -24, -54, -26, -52, -25, -49, -24, -47, -22, -44, -18, -42, -15, -42, -11, -42, -6, -43, -4, -46, 0, -47, 1, -51, 1, -54, 1, -58]"
rx1,2026-05-02 20:41:22.964,-60,"[97, -112, 5, 0, 1, -16, 4, -17, 7, -19, 7, -21, 8, -22, 6, -24, 5, -24, 3, -24, 2, -23, 0, -21, -2, -19, -2, -15, 0, -12, 1, -10, 3, -7, 5, -5, 7, -3, 10, -2, 12, -3, 13, -2, 14, -3, 14, -3, 14, -4, 13, -4, 12, -4, 0, 0, 0, 0, 0, 0, 0, 0, 0, 0, 0, 0, 0, 0, 0, 0, 0, 0, 0, 0, 0, 0, -22, 0, -25, 0, -27, 1, -28, 3, -29, 4, -29, 6, -27, 6, -26, 6, -24, 5, -21, 3, -18, 0, -15, -4, -14, -8, -12, -13, -12, -17, -13, -21, -14, -23, -17, -26, -19, -25, -21, -26, -22, -24, -22, -22, -21, -20, -19, -18, -16, -16, -12, -16, -1, -1, -11, -25, -7, -26, -3, -27, 0, -29, 2, -30, 2, -32, 1, -33, 0, -32, -2, -32, -3, -30, -5, -27, -5, -25, -5, -22, -4, -18, -2, -16, -1, -12, 2, -11, 6, -9, 8, -9, 10, -8, 11, -8, 13, -8, 13, -8, 13, -9, 12, -8, 12, -8, 3, -8, 3, -8, -1, -1, -1, -1, -1, -1, -1, -1, 0, 0, 0, 0, 0, 0, -22, 7, -24, 3, -33, 2, -36, 1, -39, 1, -40, 3, -42, 3, -41, 4, -42, 4, -40, 3, -39, 2, -36, -2, -32, -6, -31, -9, -28, -15, -27, -20, -27, -25, -28, -28, -28, -30, -31, -33, -32, -34, -34, -34, -34, -33, -34, -31, -32, -31, -30, -29, -26, -27, -22, -27]"
rx1,2026-05-02 20:41:23.049,-60,"[97, -112, 5, 0, -28, 10, -25, 10, -21, 11, -18, 9, -15, 8, -13, 5, -12, 3, -12, 0, -13, -2, -14, -4, -16, -5, -17, -6, -19, -5, -20, -4, -20, -3, -19, -2, -18, -1, -17, 0, -14, 0, -12, 0, -9, 0, -7, -2, -6, -3, -4, -5, -4, -6, 0, 0, 0, 0, 0, 0, 0, 0, 0, 0, 0, 0, 0, 0, 0, 0, 0, 0, 0, 0, 0, 0, 2, 19, 1, 16, -1, 14, -3, 12, -6, 10, -10, 9, -14, 9, -18, 11, -21, 13, -24, 15, -25, 18, -25, 20, -24, 22, -22, 23, -20, 23, -17, 22, -15, 20, -13, 17, -13, 14, -14, 10, -15, 7, -19, 5, -22, 3, -25, 4, -27, 4, -29, 6, -1, -1, -54, 16, -53, 18, -50, 19, -46, 18, -42, 16, -39, 14, -36, 11, -34, 8, -33, 6, -34, 3, -34, 2, -35, 1, -36, 0, -37, -1, -39, 0, -38, 0, -37, 1, -35, 0, -33, 1, -30, 1, -26, -1, -24, -1, -21, -3, -19, -5, -17, -7, -15, -10, -22, -8, -19, -10, 0, 0, -1, -1, -1, -1, 0, 0, 0, 0, 0, 0, -1, -1, -26, 35, -30, 34, -15, 34, -18, 31, -20, 28, -22, 27, -27, 25, -31, 23, -36, 24, -41, 24, -45, 26, -48, 28, -50, 31, -51, 32, -50, 34, -48, 35, -46, 34, -44, 33, -41, 31, -40, 28, -40, 24, -41, 21, -43, 18, -45, 16, -49, 14, -51, 14, -54, 14, -56, 15]"
rx1,2026-05-02 20:41:23.249,-61,"[97, -112, 5, 0, -27, 13, -24, 13, -21, 14, -18, 12, -15, 10, -14, 8, -12, 4, -13, 3, -13, 0, -15, -2, -16, -3, -17, -4, -18, -3, -20, -2, -19, -1, -19, 0, -17, 0, -15, 1, -13, 1, -11, 0, -9, 0, -7, -2, -6, -3, -5, -4, -5, -6, 0, 0, 0, 0, 0, 0, 0, 0, 0, 0, 0, 0, 0, 0, 0, 0, 0, 0, 0, 0, 0, 0, 6, 20, 5, 17, 3, 15, 0, 12, -3, 12, -7, 11, -11, 12, -15, 13, -18, 17, -22, 19, -23, 22, -23, 25, -22, 27, -20, 28, -17, 28, -14, 27, -11, 24, -11, 21, -11, 18, -12, 14, -14, 11, -17, 8, -22, 7, -24, 7, -27, 7, -28, 10, -1, -1, -51, 26, -52, 28, -46, 27, -44, 26, -39, 24, -36, 21, -34, 19, -32, 15, -31, 13, -32, 11, -33, 8, -33, 7, -35, 6, -35, 6, -36, 6, -34, 6, -35, 7, -32, 6, -30, 5, -27, 4, -23, 3, -21, 2, -19, -1, -17, -2, -16, -4, -13, -6, -20, -3, -17, -5, 0, 0, -1, -1, -1, -1, 0, 0, 0, 0, 0, 0, -1, -1, -17, 42, -22, 42, -7, 39, -8, 36, -11, 35, -14, 32, -19, 32, -23, 31, -29, 33, -34, 35, -38, 38, -43, 41, -44, 43, -45, 45, -44, 47, -42, 47, -39, 46, -38, 46, -34, 42, -35, 41, -33, 36, -36, 33, -37, 30, -41, 27, -45, 26, -48, 25, -52, 24, -53, 26]"
rx1,2026-05-02 20:41:23.456,-60,"[97, -112, 5, 0, -12, 8, -13, 7, -16, 5, -18, 4, -19, 4, -20, 6, -20, 6, -19, 8, -18, 9, -16, 9, -14, 9, -12, 8, -11, 6, -10, 4, -9, 2, -8, 0, -8, -2, -9, -5, -9, -6, -9, -6, -10, -7, -10, -6, -10, -6, -9, -5, -9, -5, 0, 0, 0, 0, 0, 0, 0, 0, 0, 0, 0, 0, 0, 0, 0, 0, 0, 0, 0, 0, 0, 0, 6, 17, 6, 19, 7, 22, 9, 23, 12, 25, 13, 25, 14, 24, 15, 23, 13, 21, 11, 19, 9, 16, 5, 15, 0, 14, -4, 15, -8, 15, -11, 17, -13, 19, -15, 22, -14, 23, -15, 26, -13, 26, -12, 27, -10, 27, -9, 24, -8, 22, -7, 19, -1, -1, -15, 25, -18, 22, -20, 19, -22, 16, -23, 16, -25, 15, -25, 15, -25, 16, -23, 17, -23, 17, -21, 17, -19, 16, -17, 15, -15, 13, -15, 10, -13, 8, -13, 6, -13, 2, -13, 1, -14, -1, -14, -2, -15, -3, -15, -3, -14, -3, -14, -3, -13, -3, -8, 2, -8, -1, -1, -1, -1, -1, -1, -1, -1, -1, -1, -1, 0, 0, 0, 0, 17, 20, 15, 22, 12, 28, 12, 31, 13, 34, 15, 36, 17, 39, 19, 39, 18, 40, 18, 39, 17, 37, 13, 37, 11, 34, 6, 33, 1, 32, -4, 32, -9, 33, -12, 35, -14, 36, -16, 39, -17, 41, -17, 43, -16, 43, -15, 44, -14, 42, -13, 40, -13, 38, -13, 34]"
rx1,2026-05-02 20:41:23.658,-63,"[97, -112, 5, 0, 30, -5, 28, -6, 25, -7, 21, -7, 17, -6, 13, -5, 10, -2, 8, 1, 6, 3, 4, 8, 4, 11, 4, 14, 4, 16, 5, 18, 6, 19, 6, 19, 7, 19, 6, 17, 6, 15, 4, 13, 3, 11, 2, 10, 0, 7, -3, 6, -5, 4, 0, 0, 0, 0, 0, 0, 0, 0, 0, 0, 0, 0, 0, 0, 0, 0, 0, 0, 0, 0, 0, 0, -17, 5, -13, 4, -10, 2, -7, 0, -4, -4, -1, -8, 1, -12, 3, -18, 4, -22, 4, -27, 3, -30, 1, -33, 0, -34, -2, -34, -4, -32, -5, -29, -5, -25, -4, -20, -2, -15, 2, -11, 6, -7, 11, -4, 15, -2, 20, -1, 24, -1, 28, -2, -1, -1, 28, -6, 28, -7, 26, -7, 25, -7, 22, -6, 20, -5, 18, -4, 16, -3, 15, -1, 13, 1, 12, 3, 12, 5, 11, 7, 12, 9, 13, 9, 12, 10, 12, 11, 12, 11, 11, 11, 10, 11, 9, 10, 8, 9, 6, 9, 5, 8, 3, 7, 1, 7, 6, 10, 4, 11, -1, -1, -1, -1, -1, -1, -1, -1, 0, 0, 0, 0, 0, 0, -6, -21, -3, -21, -8, -9, -6, -9, -4, -11, -2, -12, 0, -15, 3, -16, 5, -18, 7, -21, 7, -24, 8, -26, 9, -28, 9, -28, 9, -29, 8, -28, 8, -26, 8, -25, 8, -22, 9, -20, 10, -18, 13, -15, 15, -12, 17, -11, 20, -9, 23, -8, 25, -7, 27, -7]"
rx1,2026-05-02 20:41:24.193,-60,"[97, -112, 5, 0, 10, 26, 11, 23, 11, 20, 10, 18, 9, 15, 7, 14, 5, 12, 2, 11, 0, 12, -2, 13, -3, 15, -4, 17, -4, 20, -3, 21, -2, 21, -1, 21, -1, 20, -1, 18, 0, 16, -1, 14, -2, 12, -3, 10, -5, 8, -7, 7, -8, 6, 0, 0, 0, 0, 0, 0, 0, 0, 0, 0, 0, 0, 0, 0, 0, 0, 0, 0, 0, 0, 0, 0, 15, 2, 13, 2, 11, 3, 9, 4, 8, 6, 7, 8, 6, 11, 6, 15, 8, 18, 9, 20, 11, 22, 14, 22, 16, 22, 17, 20, 17, 19, 17, 16, 15, 14, 14, 13, 11, 12, 8, 12, 5, 14, 4, 16, 2, 19, 2, 22, 3, 24, 5, 26, -1, -1, 18, 50, 19, 49, 20, 46, 20, 43, 19, 40, 18, 37, 16, 34, 13, 32, 11, 31, 8, 33, 5, 34, 4, 36, 3, 37, 2, 39, 3, 40, 3, 40, 3, 40, 2, 38, 2, 36, 2, 34, 1, 30, -1, 27, -3, 25, -6, 23, -8, 21, -10, 19, -9, 26, -11, 23, 0, 0, -1, -1, -1, -1, 0, 0, 0, 0, 0, 0, -1, -1, 23, 23, 23, 27, 25, 16, 24, 16, 22, 17, 20, 20, 19, 22, 18, 25, 18, 28, 19, 33, 20, 37, 21, 41, 22, 43, 23, 45, 25, 44, 26, 44, 27, 42, 27, 38, 26, 36, 24, 35, 21, 35, 20, 35, 17, 36, 16, 40, 13, 42, 12, 46, 13, 49, 15, 51]"
rx1,2026-05-02 20:41:24.254,-60,"[97, -112, 5, 0, 6, -16, 8, -16, 12, -16, 13, -18, 14, -18, 14, -20, 14, -22, 12, -23, 10, -24, 8, -23, 6, -21, 6, -19, 5, -16, 6, -14, 7, -11, 9, -9, 11, -7, 13, -5, 14, -4, 15, -4, 16, -4, 16, -4, 16, -4, 15, -4, 14, -3, 0, 0, 0, 0, 0, 0, 0, 0, 0, 0, 0, 0, 0, 0, 0, 0, 0, 0, 0, 0, 0, 0, -6, -15, -7, -17, -9, -19, -11, -20, -13, -22, -14, -22, -15, -21, -16, -20, -15, -19, -14, -17, -12, -16, -8, -16, -5, -16, -1, -17, 1, -19, 3, -21, 4, -24, 4, -27, 3, -28, 2, -30, 0, -30, -1, -30, -2, -29, -4, -27, -3, -24, -2, -22, -1, -1, 1, -33, 3, -33, 6, -31, 9, -32, 11, -32, 12, -32, 12, -34, 12, -35, 9, -36, 8, -37, 6, -36, 5, -33, 4, -32, 5, -29, 6, -27, 8, -23, 10, -22, 12, -19, 14, -17, 17, -16, 18, -15, 19, -13, 20, -13, 20, -12, 20, -11, 19, -10, 12, -12, 13, -8, 0, 0, -1, -1, -1, -1, 0, 0, 0, 0, 0, 0, -1, -1, -18, -14, -18, -17, -14, -24, -15, -26, -18, -29, -19, -31, -21, -32, -23, -33, -25, -34, -25, -33, -24, -33, -22, -33, -19, -32, -16, -33, -11, -33, -8, -35, -5, -36, -4, -38, -2, -40, -1, -44, -2, -46, -3, -48, -4, -48, -6, -47, -6, -46, -7, -44, -6, -42, -6, -39]"
rx1,2026-05-02 20:41:24.456,-60,"[97, -112, 5, 0, 5, 14, 3, 16, 1, 16, 1, 19, 1, 21, 2, 22, 3, 23, 4, 22, 6, 22, 6, 21, 6, 19, 7, 17, 5, 15, 4, 13, 1, 12, -2, 12, -4, 11, -7, 11, -8, 10, -9, 10, -10, 11, -11, 11, -11, 10, -10, 10, -10, 9, 0, 0, 0, 0, 0, 0, 0, 0, 0, 0, 0, 0, 0, 0, 0, 0, 0, 0, 0, 0, 0, 0, 12, 4, 15, 5, 18, 4, 20, 4, 23, 3, 24, 1, 24, 0, 24, -1, 23, -1, 21, -1, 18, 0, 15, 2, 13, 5, 12, 8, 11, 11, 11, 15, 12, 17, 13, 19, 16, 21, 18, 22, 20, 20, 21, 19, 21, 18, 20, 16, 19, 14, 17, 13, -1, -1, 22, 24, 18, 23, 16, 25, 13, 27, 12, 28, 11, 29, 11, 31, 13, 31, 13, 31, 15, 31, 15, 29, 15, 27, 15, 25, 13, 24, 12, 23, 9, 21, 5, 21, 2, 20, -1, 20, -3, 20, -5, 19, -6, 20, -9, 20, -9, 19, -9, 18, -11, 17, -4, 16, -5, 15, 0, 0, -1, -1, -1, -1, 0, 0, 0, 0, 0, 0, -1, -1, 20, -5, 21, -3, 23, 3, 26, 4, 30, 4, 32, 4, 36, 4, 37, 3, 38, 2, 38, 2, 38, 2, 36, 4, 35, 5, 32, 8, 30, 11, 28, 15, 27, 18, 26, 22, 27, 25, 29, 28, 31, 28, 33, 30, 34, 29, 36, 28, 35, 27, 34, 25, 33, 25, 30, 24]"
rx1,2026-05-02 20:41:24.661,-61,"[97, -112, 5, 0, 10, 29, 12, 27, 12, 23, 12, 21, 10, 17, 8, 15, 5, 13, 2, 12, 0, 13, -3, 13, -5, 15, -5, 17, -6, 19, -6, 21, -5, 22, -4, 22, -3, 21, -3, 19, -2, 17, -2, 15, -3, 12, -4, 9, -5, 8, -7, 6, -9, 5, 0, 0, 0, 0, 0, 0, 0, 0, 0, 0, 0, 0, 0, 0, 0, 0, 0, 0, 0, 0, 0, 0, 18, -4, 16, -4, 13, -4, 12, -2, 10, 1, 9, 4, 9, 8, 9, 13, 11, 16, 13, 20, 16, 21, 18, 23, 21, 23, 23, 21, 25, 19, 24, 17, 22, 14, 19, 12, 17, 11, 13, 12, 9, 13, 7, 16, 3, 19, 3, 23, 4, 26, 5, 29, -1, -1, 20, 55, 22, 54, 22, 51, 24, 48, 22, 44, 19, 40, 18, 38, 14, 37, 12, 34, 9, 34, 6, 35, 4, 36, 3, 38, 1, 41, 1, 42, 2, 41, 1, 43, 1, 40, 1, 39, 0, 35, -1, 32, -2, 29, -4, 26, -6, 23, -8, 21, -11, 19, -9, 27, -12, 24, 0, 0, -1, -1, -1, -1, 0, 0, 0, 0, 0, 0, -1, -1, 27, 21, 26, 25, 30, 8, 28, 10, 26, 10, 25, 13, 24, 17, 23, 20, 23, 26, 24, 31, 27, 35, 27, 41, 31, 43, 33, 45, 35, 46, 37, 44, 37, 43, 38, 40, 35, 36, 34, 36, 30, 35, 26, 37, 22, 38, 21, 41, 17, 44, 18, 49, 17, 52, 18, 55]"
rx1,2026-05-02 20:41:24.860,-61,"[97, -112, 5, 0, 30, 5, 28, 2, 26, 0, 23, -1, 20, -1, 16, -1, 13, 1, 11, 2, 10, 5, 9, 8, 9, 11, 10, 14, 11, 15, 13, 17, 14, 16, 15, 16, 15, 15, 14, 13, 12, 11, 10, 10, 7, 9, 5, 8, 3, 8, 0, 8, -2, 9, 0, 0, 0, 0, 0, 0, 0, 0, 0, 0, 0, 0, 0, 0, 0, 0, 0, 0, 0, 0, 0, 0, 1, -17, 0, -15, 0, -13, 1, -10, 3, -9, 6, -7, 9, -5, 13, -4, 18, -4, 22, -5, 25, -7, 27, -9, 28, -11, 27, -14, 25, -15, 22, -15, 19, -15, 17, -13, 15, -10, 14, -6, 14, -2, 15, 1, 17, 5, 20, 8, 23, 10, 27, 9, -1, -1, 56, 5, 56, 3, 53, 0, 53, 0, 49, -1, 44, -1, 40, -1, 37, 1, 34, 2, 33, 6, 31, 8, 31, 11, 31, 15, 32, 17, 35, 17, 34, 18, 35, 19, 33, 19, 31, 17, 29, 17, 25, 16, 23, 15, 20, 15, 16, 15, 12, 15, 8, 16, 22, 18, 15, 19, 0, 0, -1, -1, -1, -1, 0, 0, 0, 0, 0, 0, -1, -1, 24, -19, 25, -18, 15, -25, 15, -23, 16, -21, 17, -19, 21, -17, 23, -15, 29, -13, 33, -12, 39, -13, 44, -13, 47, -15, 51, -16, 52, -17, 51, -19, 50, -20, 48, -22, 45, -20, 43, -18, 41, -15, 41, -11, 41, -6, 43, -3, 44, 1, 47, 4, 51, 5, 54, 6]"
rx1,2026-05-02 20:41:25.063,-62,"[97, -112, 5, 0, 8, -9, 10, -8, 15, -8, 17, -8, 18, -9, 19, -11, 19, -12, 18, -14, 17, -14, 14, -15, 13, -14, 10, -13, 9, -10, 8, -8, 8, -4, 8, -1, 7, 2, 8, 4, 9, 6, 9, 8, 10, 8, 10, 9, 11, 9, 9, 8, 9, 8, 0, 0, 0, 0, 0, 0, 0, 0, 0, 0, 0, 0, 0, 0, 0, 0, 0, 0, 0, 0, 0, 0, -9, -9, -11, -10, -14, -11, -17, -10, -19, -10, -20, -10, -21, -8, -21, -7, -19, -6, -17, -6, -13, -6, -10, -8, -6, -9, -3, -12, 0, -15, 1, -18, 2, -21, 2, -25, 1, -26, 0, -28, -1, -27, -3, -28, -4, -26, -3, -23, -2, -20, -2, -18, -1, -1, 5, -22, 8, -22, 11, -18, 15, -19, 18, -18, 19, -18, 19, -19, 20, -21, 18, -23, 17, -23, 15, -23, 13, -22, 12, -21, 10, -18, 9, -17, 9, -12, 11, -9, 10, -6, 11, -3, 12, -1, 14, 1, 14, 2, 15, 3, 15, 4, 15, 4, 14, 5, 12, -4, 12, 0, -1, -1, -1, -1, -1, -1, -1, -1, 0, 0, 0, 0, 0, 0, -15, -5, -14, -6, -17, -12, -19, -14, -22, -16, -24, -17, -26, -17, -28, -16, -29, -16, -28, -16, -27, -16, -24, -17, -20, -18, -16, -20, -12, -22, -8, -25, -6, -28, -4, -32, -2, -33, -2, -38, -2, -39, -3, -41, -3, -41, -5, -40, -5, -38, -3, -36, -2, -32, -1, -31]"
rx1,2026-05-02 20:41:25.267,-63,"[97, -112, 5, 0, -8, 31, -7, 30, -4, 27, -2, 24, -1, 20, -2, 16, -3, 13, -5, 9, -8, 8, -11, 7, -13, 7, -16, 7, -18, 8, -19, 10, -20, 11, -19, 12, -18, 12, -16, 11, -14, 10, -13, 10, -11, 7, -10, 5, -9, 3, -8, 0, -9, -2, 0, 0, 0, 0, 0, 0, 0, 0, 0, 0, 0, 0, 0, 0, 0, 0, 0, 0, 0, 0, 0, 0, 16, -1, 14, -1, 12, -1, 9, 0, 7, 3, 5, 6, 4, 10, 4, 15, 5, 19, 7, 23, 9, 26, 12, 28, 14, 28, 15, 28, 17, 26, 17, 23, 15, 21, 13, 18, 10, 16, 6, 15, 2, 14, -3, 17, -7, 19, -10, 22, -11, 26, -12, 29, -1, -1, -9, 29, -8, 29, -8, 29, -6, 26, -6, 24, -6, 22, -6, 20, -7, 18, -7, 16, -9, 15, -10, 14, -12, 14, -13, 13, -14, 14, -15, 15, -15, 14, -16, 14, -15, 14, -14, 13, -13, 11, -12, 10, -12, 9, -11, 7, -11, 6, -10, 4, -10, 2, -13, 5, -12, 3, -1, -1, -1, -1, -1, -1, -1, -1, 0, 0, 0, 0, 0, 0, 7, 16, 6, 18, 10, 8, 9, 8, 7, 9, 6, 10, 5, 12, 4, 13, 3, 16, 3, 18, 4, 21, 4, 24, 5, 26, 6, 27, 7, 27, 7, 28, 7, 27, 7, 25, 6, 24, 5, 23, 3, 23, 1, 22, -1, 22, -4, 23, -6, 24, -8, 26, -9, 27, -10, 29]"
rx1,2026-05-02 20:41:25.471,-63,"[97, -112, 5, 0, -12, -7, -13, -11, -13, -15, -17, -17, -18, -19, -20, -18, -21, -17, -21, -15, -21, -13, -20, -11, -18, -9, -15, -7, -11, -5, -7, -5, -3, -4, 1, -4, 4, -6, 6, -6, 8, -8, 9, -8, 10, -10, 11, -10, 9, -9, 9, -10, 8, -9, 0, 0, 0, 0, 0, 0, 0, 0, 0, 0, 0, 0, 0, 0, 0, 0, 0, 0, 0, 0, 0, 0, 8, 11, 10, 13, 12, 15, 15, 16, 17, 17, 18, 15, 18, 14, 18, 13, 16, 12, 13, 11, 8, 11, 4, 10, -2, 11, -7, 11, -12, 12, -16, 15, -20, 17, -23, 20, -23, 22, -23, 24, -22, 24, -20, 25, -18, 23, -16, 20, -14, 15, -12, 10, -1, -1, -21, 3, -20, -1, -21, -6, -21, -11, -24, -13, -25, -15, -26, -15, -27, -15, -27, -14, -27, -11, -25, -9, -22, -6, -19, -6, -16, -5, -12, -3, -7, -3, -3, -4, 0, -5, 2, -6, 4, -8, 6, -8, 7, -9, 7, -10, 6, -10, 7, -10, 6, -10, -3, -3, -3, -3, -1, -1, -1, -1, -1, -1, -1, -1, 0, 0, 0, 0, 0, 0, 12, 6, 11, 9, 13, 17, 15, 20, 18, 22, 20, 23, 21, 25, 22, 25, 21, 25, 22, 24, 18, 24, 14, 23, 9, 24, 3, 23, -4, 24, -9, 24, -15, 25, -20, 28, -24, 30, -27, 31, -29, 33, -28, 35, -29, 35, -28, 35, -26, 32, -25, 28, -23, 24, -21, 18]"
rx1,2026-05-02 20:41:25.668,-64,"[97, -112, 5, 0, 12, -24, 9, -23, 8, -20, 6, -16, 5, -12, 5, -8, 6, -4, 8, -1, 10, 1, 13, 3, 15, 4, 17, 4, 19, 2, 20, 1, 19, -1, 17, -2, 15, -3, 12, -4, 10, -4, 6, -4, 4, -3, 2, -1, 0, 1, -2, 3, -3, 4, 0, 0, 0, 0, 0, 0, 0, 0, 0, 0, 0, 0, 0, 0, 0, 0, 0, 0, 0, 0, 0, 0, -15, 0, -13, 0, -11, -2, -9, -3, -7, -6, -5, -8, -4, -11, -4, -16, -4, -19, -5, -23, -6, -25, -8, -27, -9, -26, -11, -26, -11, -24, -11, -22, -9, -18, -7, -17, -3, -15, 0, -13, 5, -13, 8, -15, 13, -16, 16, -18, 17, -20, 18, -23, -1, -1, 24, -49, 22, -49, 20, -46, 20, -43, 19, -39, 18, -32, 18, -29, 19, -23, 20, -19, 23, -17, 24, -15, 27, -14, 29, -12, 31, -13, 32, -14, 31, -13, 31, -14, 27, -13, 26, -13, 22, -12, 19, -10, 15, -8, 13, -6, 11, -3, 8, -1, 8, 2, 19, -2, 18, 1, 0, 0, 0, 0, -1, -1, 0, 0, 0, 0, -1, -1, -1, -1, -14, -29, -12, -33, -20, -16, -17, -16, -15, -19, -12, -21, -10, -25, -8, -28, -7, -32, -6, -36, -6, -41, -6, -46, -7, -48, -8, -51, -8, -51, -9, -50, -8, -49, -8, -47, -6, -43, -2, -42, 1, -41, 7, -40, 11, -40, 15, -42, 20, -43, 23, -46, 25, -48, 27, -50]"
rx1,2026-05-02 20:41:25.870,-62,"[97, -112, 5, 0, 27, 10, 25, 9, 22, 6, 19, 6, 15, 6, 12, 8, 11, 11, 9, 12, 10, 14, 11, 16, 12, 18, 13, 18, 14, 18, 16, 16, 16, 14, 15, 12, 13, 9, 11, 8, 8, 6, 5, 6, 2, 6, 0, 6, -2, 7, -4, 8, -4, 9, 0, 0, 0, 0, 0, 0, 0, 0, 0, 0, 0, 0, 0, 0, 0, 0, 0, 0, 0, 0, 0, 0, 13, -7, 12, -7, 11, -6, 10, -4, 10, 0, 10, 2, 12, 5, 15, 6, 18, 8, 22, 9, 24, 8, 26, 6, 28, 5, 27, 3, 26, 1, 24, 1, 21, 0, 19, 1, 18, 3, 17, 6, 17, 9, 18, 12, 20, 14, 22, 16, 25, 16, 27, 14, -1, -1, 54, 24, 52, 22, 49, 20, 48, 19, 43, 19, 39, 19, 35, 19, 33, 22, 31, 24, 31, 27, 31, 27, 32, 29, 31, 29, 32, 28, 33, 28, 32, 25, 31, 24, 27, 21, 24, 20, 20, 17, 16, 17, 12, 17, 9, 17, 6, 17, 4, 18, 2, 18, 8, 20, 7, 19, 0, 0, -1, -1, -1, -1, 0, 0, 0, 0, 0, 0, -1, -1, 30, 8, 31, 10, 29, -2, 28, 0, 27, 1, 27, 3, 28, 7, 29, 9, 31, 12, 36, 15, 40, 17, 43, 18, 46, 18, 49, 18, 50, 15, 50, 14, 50, 13, 49, 12, 46, 11, 45, 12, 43, 14, 43, 17, 42, 20, 44, 23, 47, 26, 49, 27, 52, 27, 55, 28]"
rx1,2026-05-02 20:41:26.069,-62,"[97, -112, 5, 0, 15, -20, 14, -18, 15, -16, 14, -15, 14, -13, 15, -13, 17, -12, 18, -13, 19, -14, 19, -15, 19, -16, 18, -17, 17, -17, 16, -18, 14, -17, 13, -15, 12, -12, 11, -10, 11, -7, 11, -5, 12, -3, 13, -1, 14, 0, 15, 0, 15, 0, 0, 0, 0, 0, 0, 0, 0, 0, 0, 0, 0, 0, 0, 0, 0, 0, 0, 0, 0, 0, 0, 0, 7, -9, 6, -9, 7, -8, 7, -7, 8, -7, 10, -7, 12, -7, 13, -8, 15, -9, 16, -11, 16, -12, 16, -13, 16, -14, 15, -15, 14, -15, 14, -15, 14, -14, 14, -14, 15, -14, 16, -14, 17, -14, 18, -16, 20, -17, 20, -18, 19, -19, 18, -22, -1, -1, 21, -44, 20, -45, 20, -41, 19, -41, 19, -40, 20, -36, 20, -37, 22, -35, 22, -35, 22, -37, 23, -37, 22, -38, 21, -38, 21, -38, 21, -39, 19, -36, 19, -34, 18, -30, 17, -27, 18, -23, 18, -19, 19, -17, 20, -14, 21, -12, 22, -11, 22, -10, 17, -18, 17, -14, 0, 0, -1, -1, -1, -1, 0, 0, 0, 0, 0, 0, -1, -1, 13, -23, 16, -24, 13, -20, 13, -19, 14, -20, 15, -19, 16, -20, 18, -20, 19, -21, 21, -23, 22, -26, 24, -29, 24, -30, 24, -31, 24, -33, 23, -33, 21, -33, 21, -35, 20, -33, 21, -35, 22, -35, 22, -35, 22, -37, 24, -39, 25, -40, 25, -43, 26, -44, 23, -46]"
rx1,2026-05-02 20:41:26.270,-60,"[97, -112, 5, 0, 17, 11, 16, 11, 14, 10, 13, 11, 12, 12, 12, 13, 12, 14, 13, 14, 14, 14, 15, 14, 16, 15, 16, 14, 16, 13, 16, 12, 14, 11, 13, 11, 11, 10, 9, 11, 7, 11, 5, 11, 4, 12, 3, 13, 3, 13, 2, 14, 2, 14, 0, 0, 0, 0, 0, 0, 0, 0, 0, 0, 0, 0, 0, 0, 0, 0, 0, 0, 0, 0, 0, 0, 6, 7, 6, 8, 7, 9, 7, 9, 7, 10, 8, 11, 9, 11, 10, 12, 11, 13, 12, 13, 12, 12, 12, 12, 12, 11, 13, 11, 12, 11, 11, 11, 11, 11, 11, 12, 12, 13, 13, 14, 13, 14, 15, 15, 16, 15, 18, 15, 18, 14, 19, 13, -1, -1, 38, 18, 37, 18, 35, 17, 34, 17, 32, 18, 31, 18, 31, 17, 31, 19, 31, 19, 32, 20, 32, 20, 33, 20, 33, 20, 33, 19, 34, 18, 31, 18, 29, 18, 26, 18, 24, 18, 21, 18, 18, 19, 16, 19, 14, 21, 12, 22, 11, 23, 9, 23, 13, 18, 10, 18, -1, -1, -1, -1, -1, -1, -1, -1, -1, -1, 0, 0, 0, 0, 20, 11, 19, 12, 16, 14, 16, 15, 17, 15, 17, 16, 18, 17, 20, 18, 21, 19, 23, 19, 24, 20, 25, 21, 26, 21, 27, 20, 27, 20, 27, 20, 27, 19, 27, 19, 27, 19, 28, 19, 28, 20, 30, 20, 31, 21, 34, 21, 35, 21, 36, 21, 38, 21, 39, 20]"
rx1,2026-05-02 20:41:26.470,-60,"[97, -112, 5, 0, -24, -15, -25, -13, -24, -12, -25, -11, -24, -9, -23, -8, -21, -8, -20, -7, -19, -8, -18, -8, -17, -10, -17, -11, -17, -12, -17, -13, -17, -14, -18, -15, -17, -15, -17, -14, -17, -14, -16, -13, -14, -12, -12, -11, -10, -10, -8, -10, -6, -10, 0, 0, 0, 0, 0, 0, 0, 0, 0, 0, 0, 0, 0, 0, 0, 0, 0, 0, 0, 0, 0, 0, -14, -7, -13, -7, -14, -8, -13, -9, -13, -9, -14, -10, -14, -11, -14, -12, -16, -13, -17, -14, -18, -14, -19, -14, -20, -14, -20, -13, -21, -12, -21, -11, -21, -10, -21, -9, -21, -9, -20, -9, -19, -9, -19, -10, -19, -11, -19, -13, -21, -13, -22, -14, -1, -1, -44, -25, -46, -25, -45, -24, -45, -23, -45, -21, -42, -19, -42, -18, -41, -17, -39, -16, -39, -18, -37, -17, -35, -18, -35, -20, -35, -22, -36, -23, -34, -24, -35, -25, -33, -26, -31, -25, -31, -25, -29, -24, -27, -24, -24, -23, -21, -23, -17, -22, -14, -23, -14, -28, -9, -27, -1, -1, -1, -1, -1, -1, -1, -1, 0, 0, 0, 0, 0, 0, -27, -16, -28, -18, -27, -16, -26, -17, -27, -18, -26, -18, -27, -20, -28, -20, -29, -22, -30, -23, -32, -24, -33, -25, -34, -26, -36, -26, -36, -26, -38, -26, -38, -24, -39, -23, -39, -22, -40, -20, -39, -20, -39, -20, -39, -20, -40, -21, -40, -23, -40, -23, -42, -25, -44, -25]"
rx1,2026-05-02 20:41:26.672,-61,"[97, -112, 5, 0, -2, -24, -2, -24, -2, -26, -4, -26, -5, -25, -6, -25, -7, -24, -8, -21, -8, -20, -7, -18, -6, -17, -3, -15, -1, -15, 1, -15, 3, -15, 5, -16, 6, -17, 6, -18, 6, -18, 6, -17, 6, -17, 5, -16, 4, -14, 4, -12, 4, -10, 0, 0, 0, 0, 0, 0, 0, 0, 0, 0, 0, 0, 0, 0, 0, 0, 0, 0, 0, 0, 0, 0, -8, -15, -8, -15, -10, -15, -10, -15, -11, -15, -11, -14, -11, -14, -10, -14, -9, -14, -7, -15, -6, -16, -5, -17, -5, -19, -5, -21, -5, -21, -7, -22, -8, -23, -9, -24, -11, -22, -12, -22, -12, -20, -11, -19, -10, -19, -9, -18, -7, -19, -5, -19, -1, -1, -6, -39, -6, -41, -6, -41, -6, -43, -7, -43, -8, -42, -10, -40, -10, -39, -11, -37, -11, -36, -9, -33, -9, -32, -6, -30, -3, -30, -1, -30, 1, -30, 4, -31, 6, -30, 7, -31, 7, -31, 7, -29, 8, -28, 8, -27, 8, -25, 9, -22, 10, -19, 11, -18, 13, -14, 0, 0, -1, -1, -1, -1, 0, 0, 0, 0, 0, 0, -1, -1, -9, -19, -8, -20, -11, -24, -11, -25, -14, -26, -14, -25, -15, -26, -15, -25, -15, -25, -14, -26, -14, -27, -12, -29, -11, -30, -10, -32, -9, -34, -10, -36, -10, -36, -13, -38, -14, -38, -15, -39, -16, -38, -17, -38, -17, -37, -17, -36, -15, -36, -14, -36, -12, -37, -10, -37]"
rx1,2026-05-02 20:41:26.873,-60,"[97, -112, 5, 0, -12, -19, -11, -20, -9, -20, -9, -21, -9, -21, -10, -21, -9, -21, -9, -19, -10, -19, -10, -18, -9, -18, -8, -17, -6, -17, -4, -18, -3, -17, -2, -18, -1, -18, 0, -18, 1, -18, 1, -17, 0, -16, 0, -14, 0, -13, 1, -11, 2, -9, 0, 0, 0, 0, 0, 0, 0, 0, 0, 0, 0, 0, 0, 0, 0, 0, 0, 0, 0, 0, 0, 0, -8, -13, -9, -15, -12, -16, -14, -16, -16, -15, -17, -14, -18, -13, -18, -12, -18, -11, -16, -9, -15, -9, -13, -10, -11, -11, -10, -13, -9, -15, -9, -17, -10, -19, -11, -21, -13, -21, -15, -22, -16, -22, -17, -21, -17, -20, -18, -19, -17, -18, -16, -18, -1, -1, -29, -31, -28, -32, -26, -32, -25, -33, -24, -34, -23, -33, -23, -33, -23, -33, -23, -31, -23, -33, -22, -31, -21, -31, -19, -30, -17, -30, -16, -31, -13, -30, -11, -31, -9, -31, -8, -31, -6, -30, -5, -29, -5, -28, -3, -26, -3, -24, -1, -22, 1, -20, 1, -22, 3, -19, -1, -1, -1, -1, -1, -1, -1, -1, 0, 0, 0, 0, 0, 0, -15, -10, -16, -11, -16, -18, -17, -20, -20, -21, -22, -22, -25, -21, -27, -19, -29, -19, -29, -19, -30, -18, -29, -18, -28, -18, -27, -19, -24, -21, -24, -23, -23, -25, -24, -28, -25, -29, -26, -31, -28, -31, -30, -33, -32, -33, -34, -32, -34, -33, -35, -32, -35, -31, -32, -32]"
rx1,2026-05-02 20:41:27.074,-61,"[97, -112, 5, 0, 3, 16, 2, 17, 0, 18, 0, 19, 1, 20, 1, 20, 1, 20, 2, 19, 2, 18, 1, 17, 1, 16, 0, 14, -2, 14, -4, 13, -5, 13, -7, 13, -9, 13, -9, 13, -9, 13, -10, 12, -9, 12, -8, 11, -8, 9, -7, 8, -6, 6, 0, 0, 0, 0, 0, 0, 0, 0, 0, 0, 0, 0, 0, 0, 0, 0, 0, 0, 0, 0, 0, 0, 8, 9, 10, 10, 13, 10, 15, 9, 17, 8, 19, 7, 19, 5, 18, 3, 17, 3, 15, 3, 12, 3, 10, 4, 8, 7, 6, 10, 5, 12, 5, 15, 7, 18, 8, 20, 10, 21, 12, 21, 14, 21, 15, 20, 14, 19, 14, 18, 13, 17, 12, 16, -1, -1, 16, 29, 14, 29, 11, 30, 10, 31, 8, 31, 8, 32, 8, 33, 9, 32, 9, 31, 8, 31, 7, 29, 7, 28, 5, 27, 3, 26, 0, 25, -2, 25, -5, 26, -5, 24, -8, 25, -8, 24, -10, 22, -9, 22, -10, 20, -10, 19, -9, 16, -10, 14, -10, 16, -11, 13, 0, 0, 0, 0, -1, -1, 0, 0, 0, 0, -1, -1, -1, -1, 12, 1, 13, 3, 14, 10, 17, 11, 20, 12, 22, 11, 25, 11, 27, 9, 28, 8, 28, 8, 27, 8, 26, 8, 23, 10, 21, 12, 19, 15, 17, 17, 16, 21, 17, 23, 17, 27, 20, 29, 21, 30, 24, 31, 24, 30, 26, 30, 26, 30, 25, 29, 23, 29, 23, 28]"
rx1,2026-05-02 20:41:27.277,-60,"[97, -112, 5, 0, -18, -5, -19, -8, -20, -10, -21, -12, -21, -13, -23, -12, -23, -11, -22, -9, -22, -8, -19, -6, -16, -6, -14, -6, -10, -7, -7, -9, -4, -10, -2, -13, -1, -14, 0, -16, 0, -17, -1, -17, -1, -16, -2, -15, -2, -13, -2, -12, -3, -10, 0, 0, 0, 0, 0, 0, 0, 0, 0, 0, 0, 0, 0, 0, 0, 0, 0, 0, 0, 0, 0, 0, -10, 12, -11, 15, -12, 18, -12, 21, -11, 24, -9, 26, -8, 27, -6, 26, -5, 24, -5, 22, -5, 18, -6, 15, -9, 11, -12, 8, -16, 6, -20, 5, -24, 5, -27, 6, -29, 7, -30, 9, -30, 11, -29, 12, -27, 13, -25, 12, -23, 10, -20, 7, -1, -1, -33, 7, -33, 2, -33, -1, -34, -4, -34, -7, -35, -8, -35, -8, -35, -8, -34, -6, -33, -6, -30, -6, -27, -6, -25, -6, -21, -8, -18, -10, -14, -11, -12, -15, -9, -17, -8, -19, -7, -21, -7, -21, -7, -21, -7, -21, -6, -19, -5, -17, -5, -15, -3, -13, 1, -12, -1, -1, -1, -1, -1, -1, -1, -1, -1, -1, 0, 0, 0, 0, -1, 24, -3, 25, -12, 24, -14, 28, -15, 31, -15, 34, -15, 38, -13, 39, -13, 40, -13, 41, -12, 39, -13, 37, -15, 32, -17, 29, -21, 25, -24, 22, -28, 20, -32, 19, -35, 19, -38, 19, -40, 20, -42, 22, -43, 23, -42, 24, -41, 23, -39, 22, -38, 20, -36, 17]"
rx1,2026-05-02 20:41:27.476,-60,"[97, -112, 5, 0, 19, -8, 21, -8, 23, -6, 25, -7, 24, -8, 23, -9, 22, -11, 21, -11, 17, -11, 14, -10, 11, -7, 9, -4, 7, 0, 6, 2, 6, 7, 7, 9, 8, 11, 9, 11, 10, 11, 11, 11, 11, 8, 11, 6, 10, 4, 9, 2, 6, 0, 0, 0, 0, 0, 0, 0, 0, 0, 0, 0, 0, 0, 0, 0, 0, 0, 0, 0, 0, 0, 0, 0, -4, -21, -4, -25, -6, -27, -8, -29, -10, -30, -13, -31, -14, -29, -14, -28, -14, -25, -11, -23, -8, -20, -4, -19, 1, -19, 5, -18, 10, -20, 12, -22, 14, -25, 15, -28, 15, -29, 14, -31, 12, -31, 11, -32, 10, -28, 9, -25, 10, -22, 12, -19, -1, -1, 26, -24, 29, -23, 30, -20, 34, -18, 35, -16, 34, -19, 33, -17, 31, -18, 30, -18, 27, -16, 24, -14, 20, -10, 18, -7, 16, -2, 14, 0, 14, 6, 15, 9, 16, 11, 16, 13, 17, 13, 16, 13, 16, 12, 15, 10, 14, 8, 11, 7, 9, 6, 4, 11, 1, 11, -1, -1, -1, -1, -1, -1, -1, -1, -1, -1, 0, 0, 0, 0, -13, -28, -12, -30, -8, -35, -8, -39, -10, -43, -12, -45, -14, -46, -15, -47, -16, -46, -16, -45, -15, -44, -12, -42, -8, -40, -2, -40, 3, -38, 8, -39, 12, -40, 14, -42, 17, -44, 18, -47, 18, -47, 19, -50, 18, -50, 16, -51, 17, -46, 17, -43, 20, -41, 20, -34]"
rx1,2026-05-02 20:41:27.678,-60,"[97, -112, 5, 0, -9, 15, -11, 16, -13, 17, -14, 18, -13, 19, -12, 19, -10, 19, -8, 18, -6, 17, -5, 14, -4, 11, -4, 8, -4, 5, -6, 2, -7, 0, -9, -2, -10, -2, -13, -3, -13, -2, -13, -1, -13, 0, -12, 2, -11, 3, -9, 3, -7, 4, 0, 0, 0, 0, 0, 0, 0, 0, 0, 0, 0, 0, 0, 0, 0, 0, 0, 0, 0, 0, 0, 0, 16, 11, 19, 12, 21, 12, 23, 12, 25, 12, 25, 10, 26, 9, 24, 7, 22, 7, 20, 7, 16, 8, 12, 10, 9, 13, 6, 16, 5, 19, 5, 22, 5, 24, 6, 27, 7, 28, 9, 28, 10, 26, 10, 26, 9, 24, 8, 22, 5, 20, 3, 18, -1, -1, -4, 29, -8, 29, -10, 28, -13, 29, -14, 29, -15, 30, -13, 29, -12, 28, -10, 26, -9, 25, -8, 21, -7, 18, -8, 14, -8, 11, -10, 8, -11, 4, -13, 2, -15, 1, -17, 0, -16, 0, -16, 0, -17, 1, -15, 2, -14, 2, -12, 2, -9, 2, -5, -4, -4, -4, -1, -1, -1, -1, -1, -1, -1, -1, 0, 0, 0, 0, 0, 0, 24, 10, 25, 14, 27, 17, 29, 19, 32, 21, 34, 20, 36, 21, 36, 19, 37, 18, 35, 19, 34, 18, 30, 20, 27, 20, 23, 23, 19, 26, 16, 30, 15, 33, 14, 36, 13, 38, 15, 41, 14, 42, 15, 43, 15, 41, 16, 41, 14, 39, 11, 36, 9, 36, 6, 34]"
rx1,2026-05-02 20:41:27.878,-61,"[97, -112, 5, 0, -31, -1, -27, 1, -22, 2, -18, 1, -14, -1, -11, -3, -8, -6, -6, -9, -6, -12, -7, -15, -8, -17, -10, -18, -12, -17, -14, -17, -14, -14, -14, -13, -13, -10, -12, -7, -9, -6, -7, -4, -4, -3, -1, -3, 1, -3, 4, -4, 5, -5, 0, 0, 0, 0, 0, 0, 0, 0, 0, 0, 0, 0, 0, 0, 0, 0, 0, 0, 0, 0, 0, 0, 3, 19, 1, 15, -1, 13, -4, 11, -8, 9, -12, 9, -17, 9, -21, 10, -24, 13, -27, 15, -28, 18, -28, 20, -27, 21, -25, 22, -22, 21, -19, 20, -16, 16, -15, 12, -15, 8, -16, 4, -17, 0, -21, -3, -24, -6, -28, -8, -31, -7, -32, -5, -1, -1, -60, 10, -58, 11, -52, 10, -50, 10, -43, 9, -39, 6, -35, 3, -32, 0, -30, -3, -31, -7, -29, -10, -29, -12, -31, -14, -31, -15, -34, -13, -32, -12, -33, -11, -29, -9, -28, -8, -24, -6, -21, -6, -18, -5, -15, -5, -11, -6, -8, -6, -5, -8, -22, -9, -18, -11, 0, 0, -1, -1, -1, -1, 0, 0, 0, 0, 0, 0, -1, -1, -21, 48, -26, 47, -11, 40, -14, 36, -17, 34, -20, 31, -26, 31, -30, 29, -36, 31, -41, 31, -46, 35, -50, 36, -51, 37, -52, 40, -52, 40, -50, 41, -46, 38, -45, 38, -42, 33, -43, 30, -40, 25, -42, 21, -44, 16, -48, 13, -53, 10, -56, 9, -59, 7, -61, 9]"
rx1,2026-05-02 20:41:28.078,-60,"[97, -112, 5, 0, -16, 1, -18, -1, -20, -3, -22, -3, -23, -2, -24, -1, -23, 0, -21, 2, -20, 3, -17, 3, -14, 3, -11, 2, -9, 0, -6, -2, -5, -4, -4, -7, -3, -9, -3, -11, -3, -12, -4, -13, -5, -13, -6, -12, -6, -11, -6, -10, -6, -8, 0, 0, 0, 0, 0, 0, 0, 0, 0, 0, 0, 0, 0, 0, 0, 0, 0, 0, 0, 0, 0, 0, 10, 18, 11, 20, 12, 21, 14, 21, 16, 21, 17, 20, 17, 18, 16, 17, 14, 15, 11, 14, 7, 13, 2, 12, -2, 13, -7, 14, -11, 16, -13, 19, -15, 22, -15, 23, -15, 25, -15, 27, -13, 27, -11, 26, -9, 24, -9, 21, -9, 17, -9, 13, -1, -1, -20, 13, -24, 9, -25, 6, -28, 5, -29, 3, -30, 3, -31, 5, -29, 4, -27, 5, -26, 6, -23, 5, -20, 5, -17, 4, -15, 2, -12, -1, -10, -4, -9, -6, -8, -9, -7, -11, -7, -12, -8, -13, -9, -14, -9, -14, -9, -13, -8, -12, -7, -10, -3, -5, -3, -6, 0, 0, 0, 0, -1, -1, 0, 0, 0, 0, -1, -1, -1, -1, 12, 18, 10, 21, 13, 26, 14, 30, 16, 31, 18, 31, 18, 32, 20, 31, 20, 30, 18, 29, 15, 28, 12, 27, 7, 26, 2, 25, -3, 26, -8, 28, -12, 30, -15, 33, -17, 34, -18, 37, -18, 38, -18, 40, -17, 39, -16, 39, -16, 36, -15, 32, -16, 28, -16, 24]"
rx1,2026-05-02 20:41:28.278,-61,"[97, -112, 5, 0, 1, 30, 2, 26, 2, 22, 2, 17, 0, 13, -3, 9, -6, 6, -9, 5, -13, 5, -16, 5, -17, 6, -19, 7, -19, 10, -19, 12, -16, 12, -15, 12, -12, 11, -9, 10, -7, 7, -5, 5, -4, 2, -4, -1, -3, -4, -4, -6, -4, -8, 0, 0, 0, 0, 0, 0, 0, 0, 0, 0, 0, 0, 0, 0, 0, 0, 0, 0, 0, 0, 0, 0, 15, -9, 12, -6, 11, -3, 9, 1, 9, 5, 10, 9, 12, 14, 14, 18, 17, 21, 21, 23, 24, 22, 25, 22, 26, 20, 26, 18, 24, 15, 23, 13, 18, 11, 15, 11, 9, 11, 4, 14, 0, 16, -2, 20, -5, 25, -6, 28, -5, 31, -4, 33, -1, -1, 1, 30, 1, 30, 1, 27, 1, 25, 0, 22, -1, 19, -3, 17, -5, 15, -6, 14, -8, 13, -10, 13, -11, 14, -12, 14, -12, 15, -12, 15, -11, 15, -11, 15, -9, 14, -8, 12, -7, 11, -7, 9, -6, 7, -6, 5, -6, 3, -6, 2, -6, 1, -10, 7, -10, 6, -1, -1, -1, -1, -1, -1, -1, -1, 0, 0, 0, 0, 0, 0, 22, 12, 21, 15, 17, 4, 15, 5, 15, 8, 14, 10, 14, 12, 14, 15, 15, 18, 16, 20, 17, 22, 18, 24, 19, 24, 20, 24, 20, 24, 19, 23, 18, 22, 17, 21, 15, 20, 13, 20, 10, 20, 7, 22, 5, 23, 4, 25, 1, 28, 1, 30, 0, 31, 0, 32]"
rx1,2026-05-02 20:41:28.478,-62,"[97, -112, 5, 0, 18, -27, 15, -25, 12, -21, 10, -17, 8, -12, 8, -8, 9, -4, 10, 0, 13, 2, 16, 4, 17, 4, 19, 3, 21, 3, 22, 1, 20, -1, 19, -2, 16, -3, 13, -3, 10, -3, 7, -2, 4, 0, 2, 2, 0, 3, -1, 6, -1, 8, 0, 0, 0, 0, 0, 0, 0, 0, 0, 0, 0, 0, 0, 0, 0, 0, 0, 0, 0, 0, 0, 0, -19, -4, -15, -4, -11, -6, -7, -8, -4, -11, -2, -15, -1, -20, -1, -25, -2, -30, -4, -33, -6, -36, -8, -36, -11, -35, -12, -34, -13, -31, -13, -27, -10, -24, -6, -20, -2, -17, 3, -16, 9, -15, 14, -17, 19, -19, 22, -21, 23, -24, 24, -28, -1, -1, 20, -27, 19, -27, 16, -25, 16, -22, 14, -20, 13, -16, 13, -14, 14, -11, 14, -9, 15, -8, 16, -6, 17, -6, 18, -6, 19, -5, 19, -7, 18, -6, 17, -6, 15, -6, 14, -6, 12, -5, 10, -4, 9, -3, 7, -2, 7, 0, 6, 1, 5, 3, 13, -1, 11, 1, -1, -1, -1, -1, -1, -1, -1, -1, -1, -1, 0, 0, 0, 0, -10, -27, -7, -28, -11, -16, -9, -16, -8, -18, -5, -18, -3, -21, -2, -23, -1, -26, 0, -28, 0, -31, 0, -34, -1, -34, -1, -35, -1, -35, -2, -34, -2, -32, -2, -31, 0, -28, 2, -27, 4, -25, 7, -24, 10, -24, 13, -25, 16, -25, 18, -26, 20, -28, 21, -29]"
rx1,2026-05-02 20:41:28.681,-61,"[97, -112, 5, 0, -7, -27, -7, -24, -6, -20, -5, -16, -3, -12, 0, -9, 3, -7, 6, -5, 10, -6, 12, -7, 14, -8, 15, -9, 16, -11, 16, -12, 15, -12, 13, -12, 11, -12, 8, -10, 6, -8, 5, -5, 3, -3, 3, 0, 3, 2, 3, 5, 3, 6, 0, 0, 0, 0, 0, 0, 0, 0, 0, 0, 0, 0, 0, 0, 0, 0, 0, 0, 0, 0, 0, 0, -10, 10, -8, 7, -8, 4, -9, 0, -9, -4, -12, -8, -14, -10, -18, -12, -21, -14, -24, -14, -27, -14, -28, -13, -28, -11, -27, -9, -26, -7, -23, -6, -19, -6, -14, -7, -11, -8, -6, -11, -4, -14, -1, -19, -1, -22, 0, -26, -1, -29, -3, -31, -1, -1, -8, -56, -10, -54, -9, -50, -7, -45, -5, -41, -2, -36, 1, -32, 5, -30, 7, -28, 12, -28, 15, -27, 17, -27, 19, -28, 20, -29, 19, -30, 19, -29, 19, -29, 17, -27, 15, -25, 14, -22, 13, -18, 11, -15, 11, -11, 11, -7, 11, -4, 11, -1, 18, -14, 19, -11, -1, -1, -1, -1, -1, -1, -1, -1, 0, 0, 0, 0, 0, 0, -43, -19, -41, -23, -29, -2, -27, -6, -27, -11, -27, -15, -28, -20, -30, -25, -33, -28, -35, -32, -38, -35, -40, -37, -42, -37, -43, -37, -42, -36, -41, -34, -39, -33, -36, -31, -31, -31, -27, -33, -22, -34, -17, -38, -14, -41, -12, -46, -9, -50, -7, -54, -8, -57, -8, -59]"
rx1,2026-05-02 20:41:28.897,-61,"[97, -112, 5, 0, 6, -33, 4, -28, 3, -24, 2, -20, 3, -14, 5, -10, 7, -6, 10, -3, 14, -1, 17, 0, 20, -1, 22, -1, 23, -3, 24, -5, 22, -6, 21, -7, 18, -6, 14, -6, 12, -5, 8, -3, 6, -1, 3, 2, 1, 5, 0, 8, -1, 10, 0, 0, 0, 0, 0, 0, 0, 0, 0, 0, 0, 0, 0, 0, 0, 0, 0, 0, 0, 0, 0, 0, -14, 8, -12, 5, -10, 1, -9, -3, -8, -8, -9, -13, -11, -17, -13, -21, -17, -25, -20, -27, -23, -27, -24, -26, -25, -24, -25, -22, -24, -19, -22, -16, -17, -14, -13, -14, -7, -13, -2, -14, 3, -16, 7, -21, 11, -24, 12, -28, 12, -31, 12, -34, -1, -1, 3, -33, 1, -33, 1, -30, 1, -28, 1, -25, 3, -21, 3, -19, 5, -17, 6, -15, 8, -14, 10, -13, 12, -13, 13, -13, 14, -13, 15, -14, 14, -14, 14, -14, 13, -13, 12, -12, 10, -11, 9, -9, 8, -8, 7, -6, 6, -3, 6, -2, 6, 0, 13, -7, 13, -4, 0, 0, 0, 0, -1, -1, 0, 0, 0, 0, -1, -1, -1, -1, -25, -11, -24, -15, -18, -4, -17, -6, -16, -9, -15, -11, -15, -14, -15, -16, -16, -20, -17, -22, -19, -25, -20, -27, -21, -27, -21, -27, -21, -27, -20, -25, -19, -24, -18, -24, -15, -22, -13, -23, -10, -22, -7, -23, -4, -25, -2, -27, 1, -29, 2, -30, 3, -33, 3, -34]"
rx1,2026-05-02 20:41:29.099,-60,"[97, -112, 5, 0, 28, 9, 26, 7, 22, 5, 19, 4, 15, 4, 11, 6, 7, 7, 5, 9, 4, 12, 3, 15, 4, 17, 4, 20, 6, 21, 7, 21, 8, 20, 8, 18, 8, 16, 6, 13, 5, 11, 3, 9, 0, 7, -3, 6, -5, 5, -8, 5, -10, 5, 0, 0, 0, 0, 0, 0, 0, 0, 0, 0, 0, 0, 0, 0, 0, 0, 0, 0, 0, 0, 0, 0, 0, -15, 0, -12, 2, -10, 5, -7, 8, -5, 12, -3, 16, -3, 20, -4, 24, -5, 27, -7, 28, -10, 29, -12, 28, -14, 26, -16, 24, -16, 21, -15, 17, -13, 15, -9, 14, -5, 13, 0, 15, 4, 17, 8, 19, 11, 23, 13, 26, 14, 29, 13, -1, -1, 55, 25, 53, 22, 50, 21, 46, 20, 41, 19, 37, 18, 32, 19, 28, 20, 24, 24, 23, 27, 20, 29, 20, 32, 21, 33, 21, 35, 23, 35, 22, 34, 21, 34, 19, 31, 17, 28, 14, 25, 11, 23, 7, 21, 4, 19, 0, 18, -4, 18, -7, 17, 4, 26, -1, 25, -1, -1, -1, -1, -1, -1, -1, -1, -1, -1, 0, 0, 0, 0, 42, -14, 43, -11, 23, -19, 24, -15, 25, -12, 28, -9, 33, -6, 37, -4, 41, -3, 46, -3, 52, -4, 55, -4, 57, -5, 57, -6, 57, -7, 55, -8, 52, -9, 50, -8, 46, -5, 44, -1, 42, 3, 43, 8, 42, 12, 45, 17, 48, 22, 51, 25, 53, 26, 56, 26]"
rx1,2026-05-02 20:41:29.293,-59,"[97, -112, 5, 0, 5, -15, 7, -17, 10, -18, 11, -20, 10, -20, 10, -22, 9, -22, 8, -21, 6, -20, 5, -18, 4, -16, 4, -13, 5, -10, 7, -7, 9, -4, 11, -2, 12, -1, 14, 0, 15, 1, 15, 0, 16, -1, 15, -1, 13, -1, 12, -1, 9, -1, 0, 0, 0, 0, 0, 0, 0, 0, 0, 0, 0, 0, 0, 0, 0, 0, 0, 0, 0, 0, 0, 0, -18, -6, -21, -6, -23, -5, -24, -4, -25, -2, -25, 0, -24, 0, -23, 2, -20, 1, -17, 0, -14, -2, -12, -5, -10, -9, -8, -13, -7, -17, -8, -21, -9, -23, -11, -25, -13, -26, -15, -26, -16, -25, -16, -23, -15, -21, -14, -19, -11, -17, -8, -16, -1, -1, -1, -28, 3, -29, 7, -29, 9, -31, 11, -31, 12, -32, 11, -32, 10, -33, 9, -31, 8, -31, 7, -28, 6, -26, 7, -21, 9, -18, 11, -16, 13, -12, 17, -10, 18, -8, 20, -7, 21, -5, 22, -5, 22, -4, 21, -4, 20, -4, 18, -3, 16, -1, 15, 2, 13, 3, -1, -1, -1, -1, -1, -1, -1, -1, 0, 0, 0, 0, 0, 0, -15, -8, -15, -9, -25, -10, -27, -10, -30, -11, -31, -10, -32, -8, -32, -7, -32, -7, -31, -7, -29, -7, -26, -10, -23, -12, -20, -16, -18, -20, -16, -24, -15, -28, -16, -33, -17, -35, -18, -37, -19, -38, -20, -38, -21, -38, -21, -36, -19, -34, -18, -32, -14, -32, -10, -30]"
rx1,2026-05-02 20:41:29.498,-61,"[97, -112, 5, 0, 9, -26, 8, -23, 6, -21, 6, -17, 6, -13, 7, -10, 9, -8, 11, -6, 13, -5, 15, -5, 17, -6, 18, -6, 19, -7, 18, -8, 17, -9, 15, -8, 13, -8, 11, -6, 9, -4, 7, -1, 6, 2, 5, 5, 5, 7, 5, 9, 6, 11, 0, 0, 0, 0, 0, 0, 0, 0, 0, 0, 0, 0, 0, 0, 0, 0, 0, 0, 0, 0, 0, 0, -13, -1, -10, -2, -7, -3, -5, -6, -2, -9, -1, -13, -1, -16, -1, -21, -3, -24, -4, -27, -7, -28, -9, -29, -11, -28, -13, -26, -13, -23, -13, -20, -10, -17, -8, -14, -4, -13, 1, -13, 5, -13, 8, -16, 12, -17, 13, -20, 14, -23, 14, -26, -1, -1, 12, -53, 9, -52, 8, -47, 7, -45, 8, -41, 9, -36, 9, -33, 11, -30, 13, -27, 16, -27, 17, -25, 20, -26, 21, -26, 22, -26, 21, -27, 20, -27, 20, -26, 18, -24, 17, -22, 14, -18, 13, -15, 13, -11, 13, -9, 13, -5, 13, -2, 14, 1, 18, -18, 18, -14, -1, -1, -1, -1, -1, -1, -1, -1, 0, 0, 0, 0, 0, 0, -31, -30, -29, -33, -26, -18, -22, -19, -20, -22, -17, -25, -15, -29, -13, -33, -13, -39, -11, -43, -13, -47, -14, -52, -16, -54, -18, -54, -18, -54, -19, -52, -18, -49, -19, -47, -16, -43, -13, -43, -8, -40, -4, -41, 1, -41, 4, -43, 9, -46, 10, -49, 12, -52, 13, -53]"
rx1,2026-05-02 20:41:29.697,-60,"[97, -112, 5, 0, -12, -30, -11, -26, -11, -23, -9, -19, -7, -15, -3, -13, 1, -11, 4, -10, 8, -11, 10, -12, 13, -13, 14, -15, 14, -16, 15, -17, 13, -17, 12, -17, 10, -15, 9, -13, 8, -10, 7, -7, 6, -4, 7, 0, 6, 2, 8, 5, 8, 6, 0, 0, 0, 0, 0, 0, 0, 0, 0, 0, 0, 0, 0, 0, 0, 0, 0, 0, 0, 0, 0, 0, -8, 11, -7, 7, -7, 4, -7, 1, -8, -4, -10, -7, -14, -10, -17, -13, -21, -14, -26, -15, -28, -14, -30, -12, -30, -10, -30, -8, -27, -5, -25, -4, -20, -3, -17, -4, -12, -6, -8, -9, -6, -13, -4, -18, -2, -22, -3, -26, -4, -29, -6, -32, -1, -1, -21, -58, -22, -57, -20, -53, -18, -50, -15, -45, -11, -41, -8, -39, -3, -37, 0, -34, 4, -35, 7, -34, 10, -36, 12, -37, 14, -38, 13, -39, 14, -37, 14, -36, 13, -34, 12, -30, 12, -27, 11, -23, 12, -19, 13, -14, 13, -10, 14, -7, 16, -5, 16, -18, 18, -16, 0, 0, -1, -1, -1, -1, 0, 0, 0, 0, 0, 0, -1, -1, -41, -12, -42, -16, -29, 1, -27, -3, -27, -8, -28, -12, -29, -17, -31, -21, -35, -26, -39, -29, -42, -32, -46, -34, -48, -34, -50, -34, -50, -33, -49, -31, -45, -29, -43, -28, -39, -27, -35, -28, -29, -31, -25, -35, -22, -39, -21, -44, -18, -49, -18, -54, -19, -58, -20, -61]"
rx1,2026-05-02 20:41:29.901,-61,"[97, -112, 5, 0, -12, 27, -10, 25, -8, 23, -7, 20, -6, 17, -6, 13, -7, 10, -9, 7, -11, 5, -13, 3, -15, 2, -17, 1, -18, 1, -19, 1, -19, 1, -18, 1, -16, 1, -15, 0, -13, -1, -11, -2, -9, -4, -8, -6, -6, -8, -5, -9, -4, -11, 0, 0, 0, 0, 0, 0, 0, 0, 0, 0, 0, 0, 0, 0, 0, 0, 0, 0, 0, 0, 0, 0, 9, -9, 6, -7, 5, -4, 3, 0, 3, 4, 3, 9, 5, 13, 7, 17, 10, 20, 14, 23, 17, 23, 19, 24, 22, 22, 22, 20, 22, 17, 21, 14, 18, 11, 14, 10, 10, 8, 5, 9, 0, 9, -4, 12, -9, 15, -11, 18, -13, 21, -13, 24, -1, -1, -22, 52, -22, 51, -21, 48, -19, 45, -18, 41, -18, 36, -18, 33, -19, 28, -20, 24, -21, 22, -24, 19, -26, 18, -29, 16, -30, 15, -31, 15, -29, 13, -30, 12, -28, 11, -27, 9, -25, 7, -23, 4, -20, 3, -19, 0, -17, -3, -16, -4, -14, -7, -22, 4, -20, 0, 0, 0, -1, -1, -1, -1, 0, 0, 0, 0, 0, 0, 0, -1, 31, 27, 29, 31, 22, 8, 18, 11, 17, 16, 14, 20, 13, 26, 13, 30, 15, 36, 16, 41, 18, 46, 20, 50, 22, 50, 23, 51, 24, 50, 24, 48, 23, 45, 21, 43, 17, 39, 13, 38, 8, 36, 2, 37, -4, 38, -8, 41, -14, 43, -17, 46, -20, 50, -21, 51]"
rx1,2026-05-02 20:41:30.096,-62,"[97, -112, 5, 0, 6, 32, 6, 28, 5, 24, 3, 19, 1, 15, -2, 10, -5, 6, -8, 3, -12, 0, -16, -1, -19, -1, -20, -1, -23, 0, -24, 0, -22, 1, -21, 2, -18, 2, -16, 1, -12, 1, -9, 0, -5, -1, -3, -3, 0, -4, 2, -6, 3, -7, 0, 0, 0, 0, 0, 0, 0, 0, 0, 0, 0, 0, 0, 0, 0, 0, 0, 0, 0, 0, 0, 0, -9, -10, -5, -7, -2, -4, 2, -2, 7, -1, 11, -1, 16, 0, 22, -2, 26, -3, 30, -6, 31, -8, 32, -10, 32, -12, 30, -14, 27, -13, 24, -11, 19, -9, 15, -6, 11, -2, 8, 5, 5, 10, 4, 16, 2, 22, 3, 28, 4, 32, 5, 34, -1, -1, 8, 31, 7, 31, 6, 29, 5, 27, 3, 24, 1, 21, -1, 18, -3, 16, -5, 14, -7, 13, -9, 12, -12, 11, -13, 10, -15, 10, -15, 10, -15, 10, -15, 9, -14, 9, -12, 9, -11, 7, -10, 6, -8, 5, -7, 4, -6, 2, -5, 1, -4, -1, -12, 5, -12, 3, 0, 0, -1, -1, -1, -1, 0, 0, 0, 0, 0, 0, -1, -1, 22, -11, 24, -8, 8, -8, 9, -5, 12, -3, 14, -2, 16, 0, 19, 0, 22, 1, 25, 2, 27, 2, 29, 2, 30, 1, 30, 1, 29, 1, 29, 1, 27, 2, 25, 3, 22, 4, 20, 8, 18, 10, 16, 14, 14, 17, 13, 21, 11, 24, 11, 28, 10, 30, 10, 32]"
rx1,2026-05-02 20:41:30.296,-62,"[97, -112, 5, 0, -21, 15, -19, 14, -15, 12, -13, 10, -11, 7, -11, 3, -10, 0, -11, -3, -12, -4, -14, -6, -16, -6, -16, -6, -18, -5, -18, -4, -17, -3, -15, -1, -14, -1, -11, 0, -9, 0, -6, -1, -4, -2, -3, -3, -1, -4, 0, -5, 0, -7, 0, 0, 0, 0, 0, 0, 0, 0, 0, 0, 0, 0, 0, 0, 0, 0, 0, 0, 0, 0, 0, 0, 9, 11, 6, 10, 2, 9, -1, 9, -4, 10, -8, 13, -11, 15, -12, 18, -13, 21, -12, 24, -11, 26, -9, 27, -7, 27, -5, 26, -4, 24, -3, 21, -3, 18, -4, 15, -6, 12, -9, 10, -13, 7, -16, 8, -20, 8, -22, 10, -24, 12, -25, 13, -1, -1, -40, 34, -38, 33, -35, 31, -32, 28, -30, 26, -27, 21, -27, 17, -26, 13, -26, 11, -28, 8, -29, 6, -30, 5, -31, 5, -31, 5, -32, 5, -30, 6, -29, 6, -27, 6, -23, 5, -20, 5, -17, 3, -15, 2, -13, 0, -11, -2, -10, -3, -9, -5, -19, 2, -17, -1, 0, 0, 0, 0, -1, -1, 0, 0, 0, 0, -1, -1, -1, -1, 1, 47, -3, 49, 5, 34, 2, 32, -3, 32, -7, 32, -11, 34, -15, 36, -18, 39, -20, 42, -21, 46, -23, 49, -22, 49, -22, 50, -20, 50, -18, 50, -17, 46, -17, 44, -16, 40, -18, 38, -20, 34, -23, 33, -27, 30, -30, 31, -35, 30, -38, 33, -41, 32, -42, 34]"
rx1,2026-05-02 20:41:30.503,-60,"[97, -112, 5, 0, -19, 22, -19, 22, -17, 21, -16, 21, -14, 19, -14, 18, -13, 16, -13, 14, -14, 13, -14, 12, -15, 12, -16, 11, -16, 11, -16, 11, -17, 10, -16, 8, -16, 8, -16, 6, -15, 4, -15, 3, -14, 1, -14, 0, -15, -2, -15, -3, -15, -4, 0, 0, 0, 0, 0, 0, 0, 0, 0, 0, 0, 0, 0, 0, 0, 0, 0, 0, 0, 0, 0, 0, 11, 14, 10, 11, 7, 9, 4, 7, 0, 7, -3, 8, -7, 9, -11, 12, -13, 16, -15, 20, -15, 24, -13, 27, -12, 29, -9, 31, -5, 31, -2, 30, -1, 27, 0, 25, 0, 22, -2, 19, -4, 17, -7, 15, -11, 14, -14, 15, -16, 17, -18, 18, -1, -1, -32, 44, -31, 45, -29, 44, -28, 42, -26, 40, -25, 38, -24, 36, -23, 34, -23, 32, -23, 31, -23, 29, -24, 29, -24, 28, -26, 27, -25, 27, -25, 25, -26, 23, -25, 22, -25, 18, -25, 16, -24, 14, -25, 11, -24, 9, -24, 7, -24, 5, -24, 3, -20, 12, -21, 9, -1, -1, -1, -1, -1, -1, -1, -1, 0, 0, 0, 0, 0, 0, 0, 44, -4, 46, 7, 36, 4, 34, 2, 31, -1, 30, -6, 30, -10, 30, -15, 33, -20, 36, -22, 40, -24, 45, -24, 49, -24, 51, -22, 54, -19, 55, -17, 54, -14, 53, -12, 51, -11, 48, -12, 45, -13, 42, -16, 40, -19, 40, -22, 38, -24, 39, -27, 41, -30, 41]"
rx1,2026-05-02 20:41:30.698,-60,"[97, -112, 5, 0, -18, -4, -20, -6, -21, -8, -23, -10, -23, -9, -23, -9, -23, -8, -23, -6, -21, -6, -18, -5, -16, -5, -12, -6, -10, -8, -8, -9, -5, -12, -3, -14, -2, -17, -2, -19, -2, -20, -2, -19, -3, -19, -3, -17, -4, -16, -4, -14, -3, -12, 0, 0, 0, 0, 0, 0, 0, 0, 0, 0, 0, 0, 0, 0, 0, 0, 0, 0, 0, 0, 0, 0, -10, 14, -10, 17, -9, 19, -7, 22, -5, 23, -3, 24, -1, 24, 1, 22, 1, 20, 0, 17, -1, 14, -3, 11, -7, 8, -11, 6, -15, 5, -18, 5, -22, 7, -24, 8, -26, 10, -26, 12, -26, 13, -25, 14, -23, 14, -22, 12, -20, 10, -18, 7, -1, -1, -32, 7, -33, 2, -35, -1, -36, -4, -37, -5, -37, -6, -37, -6, -36, -6, -35, -5, -34, -4, -31, -4, -28, -5, -25, -6, -22, -8, -20, -11, -16, -14, -14, -17, -13, -20, -12, -22, -12, -24, -10, -24, -10, -24, -10, -23, -9, -22, -8, -20, -7, -18, -6, -15, -3, -14, -1, -1, -1, -1, -1, -1, -1, -1, 0, 0, 0, 0, 0, 0, 0, 10, -1, 11, -10, 19, -10, 22, -10, 27, -8, 29, -7, 31, -5, 33, -4, 33, -3, 32, -3, 31, -5, 28, -6, 26, -11, 23, -15, 21, -19, 18, -24, 17, -28, 18, -31, 18, -34, 19, -36, 21, -37, 23, -38, 23, -37, 24, -36, 23, -35, 22, -34, 20, -34, 16]"
rx1,2026-05-02 20:41:30.897,-60,"[97, -112, 5, 0, 20, 19, 20, 17, 18, 15, 16, 13, 14, 12, 12, 12, 9, 13, 8, 14, 7, 15, 6, 17, 6, 18, 6, 20, 7, 20, 7, 21, 7, 19, 7, 19, 7, 16, 4, 15, 3, 13, 1, 12, -2, 11, -3, 10, -6, 10, -7, 10, -8, 11, 0, 0, 0, 0, 0, 0, 0, 0, 0, 0, 0, 0, 0, 0, 0, 0, 0, 0, 0, 0, 0, 0, 11, -9, 9, -7, 7, -5, 6, -2, 6, 2, 7, 6, 9, 9, 12, 12, 15, 14, 19, 15, 23, 14, 25, 13, 27, 11, 28, 8, 27, 6, 25, 4, 22, 2, 19, 2, 16, 3, 14, 6, 12, 8, 12, 12, 12, 15, 14, 18, 16, 20, 18, 21, -1, -1, 40, 37, 39, 36, 38, 34, 37, 32, 34, 30, 31, 29, 29, 28, 26, 28, 24, 29, 23, 31, 22, 32, 21, 33, 21, 34, 21, 35, 22, 35, 21, 34, 19, 34, 18, 31, 15, 30, 12, 28, 9, 26, 6, 24, 3, 24, 0, 23, -2, 23, -5, 23, 4, 26, 1, 24, -1, -1, -1, -1, -1, -1, -1, -1, 0, 0, 0, 0, 0, 0, 39, 13, 38, 15, 30, 1, 27, 3, 25, 6, 24, 10, 25, 14, 26, 18, 29, 22, 32, 25, 35, 28, 40, 31, 43, 30, 45, 29, 47, 28, 47, 25, 46, 23, 44, 21, 41, 19, 40, 20, 36, 20, 34, 23, 32, 25, 33, 28, 33, 32, 34, 35, 36, 38, 38, 38]"
rx1,2026-05-02 20:41:31.100,-59,"[97, -112, 5, 0, -4, 18, -6, 20, -8, 21, -9, 23, -8, 23, -7, 24, -6, 23, -5, 22, -4, 21, -3, 20, -4, 17, -5, 15, -6, 12, -8, 11, -11, 9, -13, 8, -15, 7, -16, 6, -17, 6, -17, 6, -17, 6, -16, 6, -16, 5, -14, 4, -12, 3, 0, 0, 0, 0, 0, 0, 0, 0, 0, 0, 0, 0, 0, 0, 0, 0, 0, 0, 0, 0, 0, 0, 14, 12, 17, 12, 19, 10, 21, 9, 22, 7, 22, 5, 21, 4, 20, 2, 17, 2, 14, 3, 11, 4, 8, 7, 6, 10, 4, 14, 4, 17, 4, 21, 5, 23, 7, 25, 10, 26, 11, 27, 13, 25, 14, 23, 12, 22, 12, 21, 10, 19, 7, 18, -1, -1, 5, 32, 1, 34, -2, 34, -3, 36, -5, 37, -5, 38, -4, 38, -3, 37, -2, 35, -2, 34, -2, 32, -3, 30, -4, 28, -7, 25, -8, 24, -11, 21, -14, 21, -16, 19, -18, 18, -20, 17, -21, 17, -21, 16, -20, 15, -20, 14, -19, 12, -18, 10, -15, 12, -15, 8, -1, -1, -1, -1, -1, -1, -1, -1, 0, 0, 0, 0, 0, 0, 7, 5, 7, 5, 17, 13, 20, 14, 23, 13, 25, 12, 27, 11, 27, 9, 28, 8, 27, 7, 24, 8, 22, 10, 19, 12, 17, 15, 14, 19, 12, 23, 11, 27, 13, 31, 14, 33, 16, 36, 18, 37, 20, 38, 20, 37, 22, 36, 20, 36, 18, 35, 16, 34, 13, 33]"
rx1,2026-05-02 20:42:11.044,-38,"[97, -112, 5, 0, 9, 6, 6, 1, 5, -4, 2, -9, 1, -13, 0, -17, -1, -21, -1, -24, -2, -26, -1, -27, 0, -27, 0, -26, 1, -25, 2, -23, 2, -19, 2, -15, 1, -11, 0, -6, -2, -3, -4, 0, -7, 3, -10, 5, -12, 6, -14, 6, -16, 5, 0, 0, 0, 0, 0, 0, 0, 0, 0, 0, 0, 0, 0, 0, 0, 0, 0, 0, 0, 0, 0, 0, -14, 4, -17, 4, -21, 4, -24, 3, -27, 3, -28, 2, -28, 1, -28, 0, -26, -1, -23, -2, -20, -1, -14, 0, -9, 1, -4, 3, 1, 6, 6, 8, 10, 11, 14, 14, 17, 16, 20, 19, 21, 20, 22, 21, 22, 22, 22, 21, 20, 20, 18, 18, -1, -1, 25, 25, 21, 22, 16, 18, 12, 15, 7, 10, 3, 7, 0, 3, -2, -1, -5, -4, -7, -7, -9, -9, -11, -10, -12, -11, -12, -11, -14, -11, -14, -10, -16, -10, -16, -8, -17, -7, -19, -6, -19, -4, -20, -4, -21, -4, -21, -5, -21, -6, -21, -7, -6, -26, 1, -25, -1, -1, -1, -1, -1, -1, -1, 0, 0, 0, 0, 0, 0, 0, -27, -10, -24, -15, -24, -5, -26, -7, -28, -8, -29, -9, -31, -12, -30, -13, -29, -16, -26, -17, -22, -18, -16, -18, -10, -17, -4, -16, 3, -13, 9, -9, 15, -5, 22, -2, 26, 2, 32, 7, 34, 11, 38, 15, 40, 19, 41, 22, 41, 24, 39, 27, 37, 28, 35, 29]"
rx1,2026-05-02 20:42:11.635,-44,"[97, -112, 5, 0, 30, 16, 25, 12, 19, 8, 11, 6, 4, 3, -4, 2, -11, 0, -17, 0, -24, -1, -29, 0, -33, 0, -36, 0, -36, 1, -37, 1, -34, 1, -32, 0, -27, 0, -22, -1, -17, -1, -11, -2, -5, -3, 0, -3, 5, -3, 10, -3, 14, -3, 0, 0, 0, 0, 0, 0, 0, 0, 0, 0, 0, 0, 0, 0, 0, 0, 0, 0, 0, 0, 0, 0, -4, 2, -5, -4, -7, -11, -8, -17, -10, -23, -11, -28, -13, -33, -14, -36, -15, -38, -16, -40, -16, -37, -14, -34, -13, -30, -11, -25, -8, -19, -5, -12, -1, -5, 5, 1, 10, 6, 17, 11, 21, 16, 28, 19, 32, 22, 36, 23, 38, 23, 38, 21, -1, -1, 36, 15, 33, 15, 29, 15, 26, 14, 21, 14, 16, 14, 11, 14, 6, 14, 2, 14, -2, 14, -6, 15, -9, 16, -12, 16, -13, 17, -15, 17, -16, 17, -16, 16, -16, 15, -15, 14, -14, 12, -12, 11, -10, 9, -8, 8, -7, 7, -5, 5, -4, 3, -21, 7, -22, 2, 0, 0, -1, -1, -1, -1, 0, 0, 0, 0, 0, 0, -1, -1, -16, -25, -13, -28, -7, -14, -5, -18, -4, -21, -3, -25, -3, -28, -2, -31, -1, -33, 0, -34, 1, -35, 2, -35, 4, -34, 6, -31, 7, -28, 9, -25, 12, -20, 14, -16, 17, -12, 20, -8, 23, -4, 27, 0, 29, 3, 33, 6, 35, 9, 37, 10, 39, 12, 39, 14]"
rx1,2026-05-02 20:42:11.833,-41,"[97, -112, 5, 0, -21, 19, -18, 18, -16, 17, -14, 14, -12, 11, -12, 8, -13, 4, -14, 2, -17, 0, -19, -1, -22, -1, -23, -1, -25, 0, -26, 1, -25, 2, -24, 2, -22, 3, -20, 2, -17, 1, -15, 0, -13, -2, -11, -5, -10, -7, -8, -9, -8, -11, 0, 0, 0, 0, 0, 0, 0, 0, 0, 0, 0, 0, 0, 0, 0, 0, 0, 0, 0, 0, 0, 0, 7, 12, 4, 10, 0, 9, -4, 9, -8, 10, -11, 12, -14, 15, -16, 18, -17, 21, -17, 24, -16, 26, -14, 27, -11, 26, -9, 25, -7, 22, -6, 20, -5, 16, -6, 13, -9, 9, -12, 8, -15, 6, -19, 7, -22, 8, -25, 11, -26, 13, -27, 16, -1, -1, -45, 38, -43, 38, -39, 37, -37, 34, -35, 31, -33, 27, -33, 24, -33, 21, -34, 18, -36, 16, -39, 14, -41, 13, -43, 14, -45, 14, -46, 14, -45, 14, -44, 13, -42, 12, -40, 10, -37, 8, -34, 5, -31, 3, -29, -1, -28, -4, -26, -7, -25, -10, -35, -4, -32, -7, 0, 0, -1, -1, -1, -1, 0, 0, 0, 0, 0, 0, -1, -1, -11, 45, -15, 46, -3, 34, -7, 32, -12, 31, -16, 31, -21, 32, -25, 33, -29, 36, -32, 40, -34, 42, -35, 45, -34, 47, -33, 47, -31, 47, -29, 45, -27, 42, -26, 39, -26, 35, -26, 33, -29, 30, -32, 28, -35, 27, -39, 28, -43, 28, -45, 31, -47, 34, -47, 36]"
rx1,2026-05-02 20:42:12.047,-45,"[97, -112, 5, 0, -30, -9, -31, -9, -31, -8, -29, -6, -28, -5, -24, -4, -20, -3, -15, -2, -10, -2, -4, -2, 1, -2, 6, -3, 11, -4, 16, -5, 19, -5, 22, -6, 23, -6, 23, -7, 22, -6, 20, -6, 18, -5, 15, -4, 12, -3, 8, -3, 4, -1, 0, 0, 0, 0, 0, 0, 0, 0, 0, 0, 0, 0, 0, 0, 0, 0, 0, 0, 0, 0, 0, 0, -8, -29, -6, -27, -5, -24, -4, -19, -2, -15, 0, -10, 2, -4, 5, 3, 8, 9, 10, 15, 13, 20, 15, 24, 17, 26, 18, 28, 19, 27, 20, 27, 19, 24, 18, 21, 15, 17, 13, 14, 8, 10, 3, 6, -2, 2, -7, -2, -13, -4, -18, -6, -1, -1, -48, -8, -52, -10, -52, -10, -52, -12, -49, -12, -47, -11, -43, -11, -37, -12, -33, -11, -26, -13, -19, -15, -13, -16, -7, -18, -1, -19, 3, -21, 9, -22, 14, -24, 17, -24, 19, -24, 20, -24, 21, -23, 20, -22, 20, -20, 18, -17, 16, -15, 14, -12, 23, -19, 25, -12, 0, 0, 0, 0, -1, -1, 0, 0, 0, 0, -1, -1, -1, -1, 30, 23, 27, 28, 4, -12, 4, -9, 4, -5, 4, 1, 3, 7, 3, 12, 3, 19, 4, 25, 5, 31, 4, 37, 3, 41, 3, 44, 3, 45, 4, 45, 4, 44, 4, 43, 2, 38, -1, 36, -3, 31, -7, 26, -12, 21, -17, 17, -24, 10, -30, 4, -36, 1, -41, -3]"
rx1,2026-05-02 20:42:12.242,-48,"[97, -112, 5, 0, -17, 10, -11, 8, -5, 5, 0, 2, 5, -1, 9, -5, 14, -8, 16, -11, 18, -14, 19, -16, 20, -18, 20, -19, 18, -19, 17, -19, 14, -17, 12, -15, 9, -13, 6, -10, 3, -7, 0, -4, -3, -1, -6, 2, -8, 4, -10, 6, -12, 7, 0, 0, 0, 0, 0, 0, 0, 0, 0, 0, 0, 0, 0, 0, 0, 0, 0, 0, 0, 0, 0, 0, 1, -6, 7, -7, 12, -8, 17, -8, 22, -9, 26, -9, 30, -8, 32, -8, 32, -7, 32, -6, 29, -5, 25, -4, 20, -3, 14, -1, 7, 0, 1, 2, -6, 4, -13, 6, -18, 8, -23, 10, -27, 12, -30, 13, -32, 15, -33, 16, -32, 16, -30, 16, -1, -1, -22, 15, -20, 13, -18, 10, -15, 8, -13, 5, -10, 2, -8, 0, -6, -3, -5, -5, -4, -8, -3, -10, -2, -12, -2, -13, -2, -14, -2, -15, -2, -14, -3, -15, -3, -14, -4, -13, -4, -12, -4, -11, -5, -9, -5, -9, -5, -7, -5, -6, -5, -5, 6, -16, 8, -14, 0, 0, 0, 0, -1, -1, 0, 0, 0, 0, -1, -1, -1, -1, 22, -7, 23, -3, 12, -3, 14, -2, 18, -1, 20, 0, 22, 1, 23, 2, 25, 3, 25, 5, 24, 6, 23, 8, 21, 10, 17, 11, 14, 12, 10, 13, 5, 14, 1, 15, -3, 15, -7, 17, -11, 17, -14, 18, -17, 19, -20, 20, -22, 20, -24, 20, -24, 19, -24, 18]"
rx1,2026-05-02 20:42:12.447,-51,"[97, -112, 5, 0, 14, 8, 13, 5, 14, 1, 14, -1, 15, -4, 17, -6, 19, -6, 20, -7, 21, -7, 20, -7, 20, -6, 20, -6, 18, -5, 17, -5, 16, -5, 14, -5, 12, -6, 11, -7, 11, -8, 10, -8, 10, -9, 10, -9, 10, -9, 10, -9, 10, -9, 0, 0, 0, 0, 0, 0, 0, 0, 0, 0, 0, 0, 0, 0, 0, 0, 0, 0, 0, 0, 0, 0, 1, 9, 4, 10, 6, 12, 8, 15, 9, 18, 9, 21, 8, 24, 6, 26, 4, 27, 1, 27, -1, 24, -2, 21, -2, 18, 1, 14, 3, 11, 6, 9, 10, 7, 14, 7, 18, 7, 21, 8, 23, 10, 24, 12, 25, 14, 24, 15, 22, 16, 20, 15, -1, -1, 34, 22, 30, 21, 26, 19, 25, 18, 21, 16, 20, 15, 18, 13, 17, 11, 14, 11, 12, 9, 11, 8, 8, 6, 6, 6, 4, 4, 1, 1, -1, -2, -3, -5, -3, -8, -4, -11, -2, -15, -1, -17, 0, -19, 4, -21, 6, -22, 9, -22, 12, -21, 9, -23, 15, -18, 0, 0, -1, -1, -1, -1, 0, 0, 0, 0, 0, 0, -1, -1, -6, 39, -16, 37, -11, 25, -11, 24, -12, 24, -12, 22, -13, 22, -14, 21, -15, 19, -16, 17, -17, 14, -16, 9, -15, 4, -12, -1, -8, -6, -2, -10, 4, -13, 10, -15, 17, -15, 25, -14, 30, -11, 36, -8, 41, -3, 44, 1, 46, 6, 45, 12, 43, 16, 42, 20]"
rx1,2026-05-02 20:42:12.640,-43,"[97, -112, 5, 0, -28, 26, -26, 23, -21, 21, -17, 16, -12, 12, -8, 6, -3, 1, 1, -5, 4, -11, 7, -16, 9, -21, 12, -25, 13, -28, 14, -30, 14, -30, 14, -29, 14, -27, 13, -23, 11, -19, 9, -15, 7, -10, 5, -5, 2, 0, -1, 4, -4, 8, 0, 0, 0, 0, 0, 0, 0, 0, 0, 0, 0, 0, 0, 0, 0, 0, 0, 0, 0, 0, 0, 0, -17, 3, -11, 1, -5, -1, 2, -2, 9, -4, 16, -5, 23, -7, 29, -8, 34, -10, 37, -11, 39, -11, 39, -11, 38, -11, 34, -12, 30, -10, 24, -9, 17, -7, 10, -4, 3, -1, -4, 3, -11, 7, -17, 12, -23, 16, -27, 20, -30, 24, -31, 27, -1, -1, -28, 28, -27, 26, -27, 24, -25, 21, -24, 18, -22, 14, -20, 10, -18, 6, -16, 2, -15, -2, -13, -5, -12, -9, -11, -12, -10, -15, -9, -18, -8, -20, -7, -20, -7, -21, -6, -20, -5, -19, -4, -18, -4, -16, -4, -14, -4, -12, -4, -10, -3, -9, 2, -23, 7, -22, -1, -1, -1, -1, -1, -1, -1, -1, 0, 0, 0, 0, 0, 0, 28, -15, 31, -11, 7, -2, 11, 0, 14, 1, 18, 2, 21, 3, 24, 4, 27, 5, 29, 6, 31, 7, 31, 8, 31, 9, 30, 11, 28, 12, 25, 12, 21, 14, 16, 14, 12, 16, 7, 17, 2, 19, -3, 21, -8, 23, -12, 25, -16, 26, -19, 28, -22, 30, -25, 30]"
rx1,2026-05-02 20:42:12.840,-43,"[97, -112, 5, 0, -4, 36, -3, 33, -2, 29, -2, 24, -2, 18, -3, 11, -4, 5, -6, -1, -9, -7, -11, -12, -14, -16, -17, -20, -19, -22, -20, -24, -19, -24, -19, -24, -17, -22, -14, -20, -12, -18, -9, -15, -5, -11, -1, -8, 2, -5, 6, -2, 8, 1, 0, 0, 0, 0, 0, 0, 0, 0, 0, 0, 0, 0, 0, 0, 0, 0, 0, 0, 0, 0, 0, 0, -16, 0, -10, -1, -5, -2, 1, -2, 7, -4, 13, -5, 19, -7, 24, -10, 28, -13, 31, -15, 32, -17, 32, -18, 30, -19, 27, -19, 24, -17, 19, -15, 13, -12, 9, -8, 5, -3, 1, 4, -2, 10, -5, 17, -7, 23, -7, 29, -7, 34, -6, 37, -1, -1, -6, 36, -6, 35, -7, 33, -8, 30, -8, 27, -9, 23, -10, 19, -12, 15, -13, 12, -15, 8, -17, 5, -19, 2, -21, -1, -22, -3, -23, -5, -23, -6, -23, -8, -22, -8, -21, -9, -19, -9, -17, -9, -14, -8, -12, -8, -9, -7, -7, -7, -5, -6, -14, -16, -10, -17, -1, -1, -1, -1, -1, -1, -1, -1, -1, -1, 0, 0, 0, 0, 24, -12, 27, -9, 6, -3, 9, -2, 12, -1, 15, 0, 18, 1, 21, 1, 24, 1, 26, 1, 28, 1, 29, 2, 29, 2, 28, 2, 26, 3, 24, 4, 21, 5, 18, 7, 15, 9, 12, 12, 10, 15, 6, 18, 4, 22, 2, 26, 0, 29, -2, 32, -3, 35, -4, 37]"
rx1,2026-05-02 20:42:13.047,-47,"[97, -112, 5, 0, -30, -21, -27, -20, -26, -19, -22, -17, -18, -14, -13, -11, -9, -7, -5, -4, 0, 0, 4, 4, 8, 8, 11, 12, 13, 15, 15, 19, 14, 20, 14, 22, 12, 22, 10, 22, 8, 20, 5, 17, 3, 14, 1, 11, 0, 7, -1, 3, -2, -1, 0, 0, 0, 0, 0, 0, 0, 0, 0, 0, 0, 0, 0, 0, 0, 0, 0, 0, 0, 0, 0, 0, -16, 2, -12, 2, -8, 2, -3, 3, 2, 5, 7, 6, 12, 7, 17, 9, 21, 10, 25, 12, 27, 12, 28, 12, 29, 12, 28, 12, 26, 10, 24, 9, 20, 6, 16, 4, 10, 2, 5, -1, -1, -4, -7, -7, -13, -10, -18, -12, -23, -15, -26, -16, -1, -1, -60, -28, -60, -32, -55, -34, -51, -36, -45, -36, -39, -35, -32, -34, -25, -32, -18, -29, -10, -26, -3, -22, 3, -19, 9, -15, 14, -11, 19, -8, 21, -4, 24, -1, 24, 2, 24, 3, 24, 5, 22, 5, 20, 4, 19, 4, 17, 3, 16, 3, 14, 2, 30, 10, 25, 16, 0, 0, -1, -1, -1, -1, 0, 0, 0, 0, 0, 0, -1, -1, 45, 9, 44, 18, 6, 15, 7, 17, 9, 20, 12, 23, 15, 27, 17, 30, 19, 33, 21, 36, 22, 38, 23, 40, 21, 41, 19, 41, 16, 40, 13, 38, 9, 35, 4, 33, -2, 28, -8, 25, -14, 20, -21, 15, -29, 10, -36, 5, -44, -1, -49, -6, -54, -12, -58, -18]"
rx1,2026-05-02 20:42:13.242,-47,"[97, -112, 5, 0, -34, -24, -31, -25, -27, -22, -24, -21, -19, -16, -16, -12, -13, -6, -10, 0, -8, 6, -7, 12, -7, 18, -8, 23, -10, 27, -11, 29, -14, 30, -16, 29, -17, 28, -18, 24, -17, 21, -15, 17, -13, 13, -10, 10, -6, 8, -2, 7, 2, 6, 0, 0, 0, 0, 0, 0, 0, 0, 0, 0, 0, 0, 0, 0, 0, 0, 0, 0, 0, 0, 0, 0, 4, 13, 4, 10, 4, 5, 5, 1, 7, -3, 10, -8, 12, -11, 15, -15, 19, -18, 22, -19, 24, -20, 26, -20, 27, -19, 27, -18, 25, -17, 21, -14, 18, -12, 12, -11, 7, -10, 0, -9, -6, -9, -13, -9, -19, -10, -25, -13, -30, -15, -33, -18, -1, -1, -34, -21, -32, -24, -29, -25, -25, -27, -21, -27, -16, -25, -12, -24, -8, -21, -4, -18, -1, -14, 2, -11, 4, -7, 5, -3, 6, 1, 7, 3, 7, 7, 7, 9, 6, 11, 5, 12, 5, 12, 5, 13, 4, 13, 4, 12, 4, 13, 4, 13, 4, 13, 0, 22, -5, 20, -1, -1, -1, -1, -1, -1, -1, -1, 0, 0, 0, 0, 0, 0, 21, -8, 22, -4, 14, 6, 14, 7, 13, 6, 13, 6, 14, 6, 14, 5, 14, 5, 14, 5, 14, 5, 14, 5, 13, 6, 12, 6, 10, 6, 8, 6, 6, 6, 2, 7, -2, 7, -6, 7, -10, 6, -14, 5, -19, 3, -24, 1, -28, -2, -31, -5, -33, -9, -35, -14]"
rx1,2026-05-02 20:42:13.442,-42,"[97, -112, 5, 0, 5, 38, 5, 33, 5, 27, 4, 21, 3, 14, 1, 7, -1, -1, -4, -7, -8, -13, -10, -18, -14, -23, -16, -27, -18, -29, -19, -31, -19, -31, -18, -31, -16, -29, -14, -26, -11, -22, -8, -18, -5, -13, -2, -8, 1, -3, 3, 2, 5, 6, 0, 0, 0, 0, 0, 0, 0, 0, 0, 0, 0, 0, 0, 0, 0, 0, 0, 0, 0, 0, 0, 0, -8, 3, -5, -2, -1, -7, 2, -12, 6, -17, 9, -22, 12, -26, 14, -31, 16, -33, 17, -35, 17, -35, 16, -34, 14, -31, 12, -27, 9, -22, 7, -17, 4, -10, 2, -3, 0, 4, 0, 12, -1, 19, 0, 26, 0, 32, 1, 37, 3, 41, 4, 43, -1, -1, 5, 40, 4, 39, 2, 36, 0, 33, -2, 29, -4, 25, -6, 21, -8, 17, -11, 13, -14, 9, -17, 5, -19, 2, -22, -1, -23, -3, -24, -6, -25, -8, -25, -9, -24, -10, -23, -10, -21, -10, -19, -10, -17, -9, -14, -9, -12, -8, -9, -7, -7, -6, -15, -19, -10, -21, 0, 0, -1, -1, -1, -1, 0, 0, 0, 0, 0, 0, 0, -1, 13, -24, 18, -22, 6, -9, 9, -11, 12, -12, 15, -13, 17, -15, 20, -16, 22, -17, 24, -17, 25, -17, 26, -16, 26, -14, 26, -12, 24, -9, 22, -6, 21, -2, 19, 1, 17, 5, 16, 10, 14, 15, 13, 20, 12, 24, 11, 28, 10, 33, 9, 36, 8, 39, 8, 40]"
rx1,2026-05-02 20:42:13.643,-44,"[97, -112, 5, 0, 26, 3, 26, 4, 27, 4, 26, 5, 24, 4, 22, 4, 19, 3, 14, 2, 11, 0, 6, -2, 3, -5, -1, -8, -4, -10, -7, -14, -9, -16, -9, -19, -9, -20, -9, -21, -7, -21, -6, -20, -5, -18, -4, -16, -4, -13, -4, -10, -3, -7, 0, 0, 0, 0, 0, 0, 0, 0, 0, 0, 0, 0, 0, 0, 0, 0, 0, 0, 0, 0, 0, 0, -1, -24, 1, -22, 2, -20, 2, -17, 2, -13, 1, -9, -1, -4, -3, 1, -6, 5, -10, 9, -14, 12, -17, 14, -20, 15, -22, 16, -24, 16, -24, 15, -23, 14, -22, 13, -19, 11, -15, 9, -11, 7, -6, 5, -1, 4, 4, 3, 10, 2, 15, 1, -1, -1, 41, 1, 44, 3, 44, 6, 45, 9, 42, 11, 39, 13, 36, 15, 31, 15, 26, 15, 20, 14, 13, 14, 8, 12, 2, 10, -3, 7, -8, 4, -12, 1, -15, -2, -18, -5, -19, -8, -20, -10, -19, -11, -19, -12, -18, -12, -18, -12, -17, -12, -16, -12, -24, -14, -18, -20, 0, 0, -1, -1, -1, -1, 0, 0, 0, 0, 0, 0, -1, -1, -20, 18, -24, 14, -15, -18, -14, -19, -13, -18, -13, -17, -14, -16, -14, -14, -16, -12, -16, -10, -19, -7, -20, -5, -22, -4, -23, -3, -24, -3, -24, -2, -23, -2, -22, -3, -19, -4, -15, -6, -11, -6, -6, -7, 0, -8, 6, -9, 14, -8, 20, -8, 27, -7, 33, -5]"
rx1,2026-05-02 20:42:13.843,-44,"[97, -112, 5, 0, 12, -20, 9, -14, 5, -10, 2, -4, -2, 2, -5, 7, -8, 12, -11, 16, -13, 21, -14, 24, -15, 26, -16, 27, -17, 26, -16, 26, -15, 23, -15, 19, -13, 15, -10, 11, -7, 6, -4, 1, -1, -3, 3, -6, 6, -9, 9, -11, 13, -12, 0, 0, 0, 0, 0, 0, 0, 0, 0, 0, 0, 0, 0, 0, 0, 0, 0, 0, 0, 0, 0, 0, -3, 1, -6, 6, -10, 10, -14, 14, -17, 18, -20, 21, -23, 23, -24, 24, -25, 24, -24, 24, -23, 22, -20, 19, -16, 16, -11, 11, -7, 7, -3, 3, 2, -3, 7, -8, 11, -14, 15, -18, 17, -22, 19, -26, 21, -29, 22, -31, 21, -31, 21, -31, -1, -1, 31, -51, 29, -46, 28, -38, 27, -31, 25, -23, 22, -16, 20, -8, 18, -1, 16, 6, 15, 12, 13, 19, 13, 23, 12, 27, 12, 29, 10, 32, 10, 31, 9, 31, 8, 29, 8, 27, 9, 24, 9, 20, 9, 18, 9, 15, 8, 12, 9, 10, 9, 8, -14, 36, -21, 31, -1, -1, -1, -1, -1, -1, -1, -1, -1, -1, 0, 0, 0, 0, -34, 35, -41, 30, -25, 13, -30, 15, -35, 16, -40, 17, -44, 18, -47, 18, -50, 17, -51, 15, -51, 13, -50, 9, -46, 4, -42, -2, -37, -7, -30, -13, -24, -18, -17, -24, -11, -30, -4, -36, 2, -42, 8, -47, 12, -52, 17, -57, 21, -59, 26, -60, 29, -61, 31, -60]"
rx1,2026-05-02 20:42:14.042,-41,"[97, -112, 5, 0, -17, -27, -14, -22, -12, -16, -11, -11, -9, -4, -8, 2, -9, 9, -10, 14, -11, 19, -13, 23, -15, 26, -17, 27, -20, 27, -21, 26, -22, 23, -22, 20, -20, 16, -18, 12, -14, 8, -9, 5, -4, 3, 1, 3, 5, 3, 9, 4, 12, 7, 0, 0, 0, 0, 0, 0, 0, 0, 0, 0, 0, 0, 0, 0, 0, 0, 0, 0, 0, 0, 0, 0, 7, -1, 11, -4, 14, -8, 19, -10, 23, -12, 28, -13, 31, -13, 34, -12, 35, -10, 36, -9, 33, -8, 30, -6, 26, -6, 21, -6, 15, -6, 9, -8, 2, -10, -4, -13, -9, -16, -15, -19, -19, -23, -22, -26, -25, -29, -26, -31, -26, -32, -24, -33, -1, -1, -22, -28, -19, -28, -16, -27, -12, -25, -9, -23, -6, -19, -4, -16, -2, -13, 0, -10, 1, -6, 2, -3, 3, 0, 4, 2, 4, 4, 4, 6, 5, 7, 4, 8, 5, 8, 5, 9, 6, 9, 6, 9, 7, 10, 8, 11, 8, 12, 7, 13, 6, 14, -3, 21, -9, 19, 0, 0, -1, -1, -1, -1, 0, 0, 0, 0, 0, 0, -1, -1, 24, -4, 25, 1, 16, 3, 17, 3, 18, 4, 19, 4, 20, 5, 21, 6, 20, 8, 20, 9, 18, 10, 16, 11, 13, 12, 9, 13, 5, 12, 0, 11, -5, 9, -9, 7, -14, 5, -18, 1, -21, -2, -24, -6, -27, -9, -29, -13, -30, -16, -31, -20, -30, -23, -28, -26]"
rx1,2026-05-02 20:42:14.257,-41,"[97, -112, 5, 0, 4, -31, 4, -35, 4, -36, 3, -37, 3, -35, 2, -33, 2, -30, 1, -26, 1, -21, 1, -15, 2, -10, 2, -3, 3, 3, 4, 9, 3, 14, 4, 19, 3, 22, 2, 25, 2, 26, 1, 26, -1, 25, -2, 23, -3, 20, -4, 17, -5, 14, 0, 0, 0, 0, 0, 0, 0, 0, 0, 0, 0, 0, 0, 0, 0, 0, 0, 0, 0, 0, 0, 0, 17, -24, 16, -22, 14, -19, 12, -16, 9, -11, 5, -8, 1, -3, -3, 3, -7, 8, -11, 14, -14, 19, -17, 23, -18, 26, -20, 29, -20, 31, -19, 31, -17, 31, -15, 29, -13, 27, -10, 23, -8, 18, -5, 13, -2, 6, -1, -1, 1, -8, 2, -15, -1, -1, 2, -23, 3, -25, 4, -26, 5, -27, 5, -26, 5, -25, 5, -24, 5, -22, 5, -19, 6, -16, 6, -13, 7, -10, 7, -6, 8, -2, 8, 1, 8, 4, 9, 7, 8, 10, 8, 11, 7, 13, 6, 13, 5, 13, 4, 13, 3, 13, 2, 12, 1, 10, 5, 8, 3, 9, -1, -1, -1, -1, -1, -1, -1, -1, -1, -1, 0, 0, 0, 0, -11, 17, -14, 15, 0, -5, -1, -5, -3, -4, -4, -4, -7, -3, -9, -2, -11, -1, -13, 1, -15, 3, -17, 3, -18, 5, -19, 6, -19, 7, -19, 7, -18, 8, -17, 8, -16, 7, -14, 5, -12, 4, -11, 2, -9, -1, -7, -4, -5, -8, -3, -11, -1, -15, 0, -18]"
rx1,2026-05-02 20:42:14.444,-44,"[97, -112, 5, 0, -1, -16, -4, -10, -9, -6, -13, -2, -17, 1, -21, 4, -25, 6, -27, 7, -29, 8, -29, 8, -30, 8, -29, 8, -27, 7, -24, 7, -21, 7, -17, 6, -13, 6, -9, 7, -5, 8, -2, 10, 1, 11, 2, 13, 4, 14, 5, 15, 5, 16, 0, 0, 0, 0, 0, 0, 0, 0, 0, 0, 0, 0, 0, 0, 0, 0, 0, 0, 0, 0, 0, 0, 9, 2, 14, 4, 19, 8, 23, 12, 26, 16, 27, 19, 27, 22, 25, 24, 23, 25, 19, 25, 15, 21, 11, 18, 8, 11, 5, 5, 3, -3, 2, -9, 1, -16, 2, -23, 3, -28, 4, -33, 5, -36, 6, -38, 8, -38, 8, -37, 9, -34, 8, -30, -1, -1, 5, -22, 4, -19, 4, -16, 3, -13, 2, -10, 0, -7, -1, -5, -2, -2, -3, -1, -3, 1, -4, 3, -4, 4, -3, 6, -3, 6, -2, 8, -2, 9, -1, 10, -1, 11, 0, 12, 0, 13, 0, 13, 0, 14, 0, 14, -1, 14, -2, 14, -3, 14, -12, 9, -14, 6, -1, -1, -1, -1, -1, -1, -1, -1, 0, 0, 0, 0, 0, 0, 10, 20, 4, 22, 5, 12, 5, 13, 6, 15, 6, 16, 5, 17, 5, 18, 3, 18, 1, 18, -1, 17, -4, 15, -6, 12, -8, 8, -9, 4, -10, -1, -11, -6, -10, -11, -10, -15, -9, -19, -7, -23, -6, -26, -4, -28, -2, -30, -1, -30, 1, -30, 3, -29, 4, -28]"
rx1,2026-05-02 20:42:14.645,-44,"[97, -112, 5, 0, -33, 10, -28, 9, -22, 9, -16, 5, -11, 3, -6, -2, -1, -6, 2, -11, 4, -17, 6, -22, 6, -26, 6, -29, 6, -31, 4, -33, 3, -32, 2, -30, 1, -27, 1, -23, 0, -18, 0, -13, 0, -8, 1, -3, 1, 2, 2, 6, 3, 10, 0, 0, 0, 0, 0, 0, 0, 0, 0, 0, 0, 0, 0, 0, 0, 0, 0, 0, 0, 0, 0, 0, 9, -10, 8, -4, 8, 2, 8, 8, 9, 14, 10, 19, 11, 25, 13, 29, 14, 32, 16, 34, 17, 33, 17, 31, 16, 29, 15, 25, 12, 20, 9, 16, 4, 11, -1, 7, -7, 4, -13, 3, -20, 1, -26, 1, -31, 2, -35, 4, -37, 6, -38, 8, -1, 0, -35, 10, -34, 10, -31, 8, -29, 6, -26, 4, -22, 1, -20, -1, -17, -5, -16, -8, -14, -12, -13, -15, -13, -17, -12, -20, -12, -22, -12, -24, -12, -24, -11, -24, -10, -23, -9, -22, -8, -20, -7, -18, -6, -16, -4, -13, -2, -11, -1, -8, 1, -6, 3, -22, 6, -20, 0, 0, -1, -1, -1, -1, 0, 0, 0, 0, 0, 0, -1, -1, 16, 25, 13, 28, 9, 10, 7, 13, 6, 16, 5, 19, 4, 23, 3, 25, 2, 28, 2, 30, 2, 32, 1, 33, 1, 32, -1, 31, -2, 29, -3, 27, -5, 24, -8, 21, -10, 18, -14, 16, -16, 14, -20, 13, -24, 12, -28, 11, -31, 11, -33, 11, -35, 11, -36, 11]"
rx1,2026-05-02 20:42:14.846,-48,"[97, -112, 5, 0, 20, -3, 16, 0, 11, 3, 8, 7, 4, 11, 3, 16, 3, 21, 3, 24, 5, 28, 7, 31, 9, 32, 11, 32, 13, 32, 14, 28, 14, 25, 12, 21, 10, 17, 6, 13, 2, 9, -3, 6, -7, 3, -11, 2, -15, 1, -18, 0, -21, 0, 0, 0, 0, 0, 0, 0, 0, 0, 0, 0, 0, 0, 0, 0, 0, 0, 0, 0, 0, 0, 0, 0, 6, -14, 9, -14, 12, -15, 14, -16, 16, -17, 18, -18, 18, -19, 18, -20, 17, -20, 16, -19, 15, -19, 13, -16, 12, -13, 11, -9, 12, -6, 12, -2, 14, 1, 16, 4, 20, 6, 24, 7, 27, 7, 30, 5, 32, 4, 34, 2, 34, 0, 32, -3, -1, -1, 26, -5, 24, -4, 21, -3, 19, -1, 18, 2, 16, 4, 16, 7, 15, 9, 15, 12, 16, 14, 17, 16, 18, 17, 19, 18, 20, 18, 20, 18, 19, 17, 18, 16, 16, 14, 14, 13, 11, 11, 8, 10, 5, 10, 2, 9, -1, 9, -3, 9, -6, 9, 6, 20, 3, 20, 0, 0, -1, -1, -1, -1, 0, 0, 0, 0, 0, 0, -1, -1, 11, -16, 13, -15, 10, -14, 12, -14, 13, -14, 15, -14, 16, -14, 17, -14, 17, -15, 17, -16, 17, -15, 17, -15, 16, -14, 16, -13, 16, -11, 15, -9, 16, -8, 16, -6, 17, -4, 19, -3, 20, -2, 23, -2, 24, -2, 26, -3, 28, -3, 29, -3, 29, -5, 29, -5]"
rx1,2026-05-02 20:42:15.050,-47,"[97, -112, 5, 0, 26, 12, 26, 13, 28, 15, 26, 16, 24, 16, 21, 16, 18, 14, 15, 12, 12, 9, 10, 5, 8, 1, 7, -4, 7, -8, 7, -13, 9, -16, 11, -18, 14, -19, 16, -19, 18, -17, 18, -15, 18, -12, 17, -10, 15, -7, 13, -5, 9, -4, 0, 0, 0, 0, 0, 0, 0, 0, 0, 0, 0, 0, 0, 0, 0, 0, 0, 0, 0, 0, 0, 0, -22, -3, -21, -4, -19, -5, -17, -4, -15, -2, -13, 0, -11, 3, -9, 7, -7, 11, -7, 16, -8, 19, -9, 23, -10, 25, -12, 27, -13, 27, -14, 27, -14, 25, -14, 24, -12, 21, -10, 19, -8, 16, -4, 13, 1, 11, 6, 9, 11, 8, 16, 7, -1, -1, 42, 17, 43, 21, 42, 25, 41, 29, 37, 31, 32, 32, 27, 33, 22, 32, 16, 30, 11, 26, 5, 22, 1, 17, -3, 12, -5, 6, -6, -1, -7, -6, -6, -11, -4, -15, -2, -17, 1, -19, 3, -19, 4, -19, 5, -19, 5, -18, 6, -17, 5, -17, -2, -28, 6, -26, 0, 0, -1, -1, -1, -1, 0, 0, 0, 0, 0, 0, -1, -1, -17, 25, -24, 22, -36, 6, -36, 2, -35, -1, -34, -2, -33, -4, -30, -5, -27, -5, -25, -4, -22, -3, -20, -1, -17, 0, -15, 2, -13, 3, -12, 5, -10, 5, -8, 6, -5, 5, -3, 5, 1, 4, 5, 3, 10, 2, 15, 2, 21, 3, 26, 4, 32, 6, 37, 9]"
rx1,2026-05-02 20:42:15.252,-50,"[97, -112, 5, 0, -23, 13, -18, 11, -13, 9, -9, 5, -4, 1, -2, -5, 1, -10, 1, -14, 2, -19, 1, -23, 0, -27, -1, -29, -3, -30, -5, -30, -6, -28, -7, -26, -7, -22, -7, -18, -6, -14, -5, -10, -3, -5, -1, -1, 1, 3, 4, 6, 6, 8, 0, 0, 0, 0, 0, 0, 0, 0, 0, 0, 0, 0, 0, 0, 0, 0, 0, 0, 0, 0, 0, 0, 12, 1, 12, 6, 13, 11, 14, 15, 15, 19, 16, 22, 17, 25, 18, 26, 19, 26, 17, 26, 17, 24, 15, 22, 12, 19, 9, 16, 4, 12, 1, 9, -5, 7, -10, 5, -15, 5, -21, 5, -25, 6, -29, 8, -32, 9, -33, 11, -34, 13, -33, 15, -1, -1, -22, 19, -22, 19, -19, 16, -18, 15, -16, 12, -14, 9, -14, 6, -12, 3, -12, 0, -13, -3, -13, -6, -14, -8, -15, -10, -15, -12, -17, -12, -17, -12, -18, -13, -17, -12, -16, -11, -15, -10, -14, -9, -12, -8, -11, -7, -8, -6, -6, -5, -4, -4, -12, -18, -7, -18, 0, 0, -1, -1, -1, -1, 0, 0, 0, 0, 0, 0, -1, -1, 20, 11, 19, 14, 14, 8, 13, 11, 14, 15, 13, 16, 14, 20, 14, 21, 14, 24, 13, 25, 13, 26, 12, 27, 10, 26, 8, 25, 6, 23, 4, 22, 1, 20, -2, 19, -5, 17, -8, 17, -10, 16, -14, 17, -16, 17, -19, 19, -22, 19, -23, 20, -25, 20, -24, 20]"
rx1,2026-05-02 20:42:15.322,-47,"[82, -96, 4, 0, -25, 11, -23, 10, -22, 9, -22, 7, -21, 5, -22, 4, -22, 3, -23, 3, -26, 2, -27, 3, -28, 3, -28, 4, -28, 5, -28, 7, -26, 7, -26, 6, -24, 6, -22, 5, -21, 3, -19, 1, -18, 0, -17, -2, -16, -4, -16, -5, -15, -7, 0, 0, 0, 0, 0, 0, 0, 0, 0, 0, 0, 0, 0, 0, 0, 0, 0, 0, 0, 0, 0, 0, -16, 5, -17, 4, -18, 2, -20, 2, -22, 2, -24, 2, -26, 4, -27, 4, -27, 6, -27, 6, -26, 8, -25, 8, -24, 7, -22, 7, -21, 6, -20, 5, -21, 4, -22, 3, -23, 2, -25, 2, -27, 2, -29, 4, -30, 5, -31, 7, -31, 9, -30, 11, -1, -1, -46, 32, -44, 33, -41, 31, -41, 30, -40, 28, -39, 26, -39, 25, -40, 23, -40, 23, -43, 23, -43, 23, -45, 23, -45, 24, -45, 24, -45, 26, -43, 24, -44, 24, -42, 22, -41, 19, -39, 17, -37, 14, -36, 11, -35, 8, -35, 5, -33, 2, -33, -1, -39, 9, -36, 3, -1, -1, -1, -1, -1, -1, -1, -1, 0, 0, 0, 0, 0, 0, -25, 33, -28, 32, -30, 20, -32, 17, -34, 17, -35, 17, -38, 17, -40, 17, -43, 19, -44, 20, -45, 23, -46, 23, -46, 24, -44, 23, -43, 24, -41, 23, -40, 22, -40, 22, -39, 21, -40, 21, -41, 20, -44, 21, -44, 22, -47, 25, -49, 25, -50, 28, -50, 30, -49, 32]"
rx1,2026-05-02 20:42:15.447,-47,"[97, -112, 5, 0, 9, 30, 11, 28, 11, 26, 11, 23, 10, 20, 8, 18, 5, 17, 3, 16, 0, 17, -3, 18, -5, 20, -7, 22, -8, 24, -9, 27, -9, 28, -8, 29, -8, 28, -8, 27, -7, 26, -7, 23, -7, 20, -9, 17, -9, 15, -11, 12, -13, 9, 0, 0, 0, 0, 0, 0, 0, 0, 0, 0, 0, 0, 0, 0, 0, 0, 0, 0, 0, 0, 0, 0, 14, 3, 11, 4, 9, 5, 6, 8, 5, 11, 4, 14, 4, 17, 5, 21, 7, 24, 9, 26, 12, 26, 13, 25, 15, 24, 16, 21, 16, 18, 16, 16, 13, 13, 11, 12, 8, 11, 5, 12, 2, 14, 1, 17, -1, 20, -1, 24, 1, 27, 3, 30, -1, -1, 14, 59, 16, 58, 17, 56, 18, 54, 18, 51, 16, 47, 14, 45, 12, 43, 10, 43, 6, 43, 4, 44, 2, 47, -1, 49, -3, 52, -3, 54, -4, 55, -6, 57, -6, 55, -8, 54, -9, 51, -9, 48, -11, 44, -13, 41, -15, 37, -19, 34, -23, 30, -24, 40, -29, 35, 0, 0, -1, -1, -1, -1, 0, 0, 0, 0, 0, 0, -1, -1, 26, 36, 24, 39, 25, 23, 21, 25, 18, 27, 15, 30, 13, 33, 13, 37, 12, 41, 13, 45, 15, 48, 16, 51, 18, 51, 20, 51, 22, 49, 22, 47, 22, 44, 22, 42, 20, 39, 18, 38, 15, 37, 12, 39, 10, 41, 9, 44, 7, 47, 8, 51, 8, 55, 11, 57]"
rx1,2026-05-02 20:42:15.647,-50,"[97, -112, 5, 0, 20, 20, 18, 17, 15, 13, 12, 11, 8, 9, 4, 9, -1, 9, -5, 10, -8, 13, -10, 15, -12, 19, -13, 21, -13, 24, -12, 25, -11, 26, -10, 25, -8, 24, -7, 21, -6, 18, -5, 15, -5, 11, -5, 7, -6, 4, -7, 1, -8, -2, 0, 0, 0, 0, 0, 0, 0, 0, 0, 0, 0, 0, 0, 0, 0, 0, 0, 0, 0, 0, 0, 0, 8, -6, 9, -3, 11, -1, 14, 1, 17, 2, 19, 3, 22, 4, 24, 3, 26, 3, 27, 2, 27, 0, 26, -1, 24, -1, 21, -1, 18, -1, 14, 1, 11, 3, 10, 7, 8, 10, 7, 15, 8, 18, 10, 22, 11, 25, 14, 27, 17, 28, 20, 27, -1, -1, 44, 42, 42, 41, 40, 37, 37, 36, 32, 33, 27, 32, 22, 31, 17, 32, 13, 33, 9, 36, 5, 39, 3, 42, 1, 44, 0, 47, -1, 50, -1, 50, -2, 50, -2, 48, -2, 46, -3, 41, -4, 38, -6, 33, -7, 28, -9, 25, -12, 20, -15, 16, -18, 34, -21, 29, -1, -1, -1, -1, -1, -1, -1, -1, -1, -1, 0, 0, 0, 0, 35, -7, 36, -3, 26, -6, 28, -3, 30, 0, 33, 3, 37, 5, 41, 6, 44, 8, 46, 8, 49, 8, 50, 9, 51, 9, 50, 8, 48, 9, 45, 10, 41, 11, 39, 12, 36, 16, 35, 19, 32, 23, 32, 28, 33, 32, 35, 37, 37, 41, 39, 44, 41, 45, 44, 45]"
rx1,2026-05-02 20:42:15.848,-46,"[97, -112, 5, 0, -14, -14, -15, -16, -16, -19, -18, -20, -20, -20, -22, -19, -23, -18, -23, -15, -23, -13, -21, -11, -19, -10, -16, -9, -12, -9, -9, -9, -5, -10, -2, -13, 0, -15, 2, -17, 2, -19, 3, -21, 3, -22, 2, -22, 1, -22, 0, -21, 0, -20, 0, 0, 0, 0, 0, 0, 0, 0, 0, 0, 0, 0, 0, 0, 0, 0, 0, 0, 0, 0, 0, 0, -21, 11, -21, 11, -22, 11, -21, 12, -21, 12, -19, 11, -18, 11, -17, 9, -16, 6, -16, 3, -16, 0, -17, -3, -19, -5, -21, -7, -22, -8, -25, -8, -26, -7, -28, -6, -28, -4, -28, -2, -27, -1, -26, 1, -23, 1, -21, 0, -19, -2, -17, -4, -1, -1, -28, -11, -29, -14, -28, -17, -30, -20, -31, -20, -33, -21, -34, -20, -35, -19, -35, -16, -35, -15, -33, -13, -30, -11, -27, -11, -23, -11, -20, -12, -16, -13, -12, -17, -9, -19, -7, -21, -6, -24, -5, -25, -5, -26, -5, -27, -5, -26, -5, -26, -5, -24, -8, -12, -5, -11, -1, -1, -1, -1, -1, -1, -1, -1, 0, 0, 0, 0, 0, 0, -23, 16, -25, 13, -32, 16, -33, 16, -33, 16, -33, 16, -33, 16, -32, 15, -31, 13, -30, 11, -31, 9, -31, 5, -30, 2, -31, -1, -33, -4, -34, -5, -36, -6, -39, -5, -40, -5, -42, -4, -42, -2, -42, 0, -41, 1, -40, 2, -37, 1, -36, 1, -34, -1, -32, -3]"
rx1,2026-05-02 20:42:16.048,-51,"[97, -112, 5, 0, -6, -36, -7, -32, -7, -28, -6, -23, -5, -18, -2, -13, 2, -9, 6, -6, 12, -4, 17, -2, 22, -2, 25, -3, 28, -4, 31, -6, 32, -7, 31, -8, 29, -9, 27, -10, 23, -9, 19, -9, 15, -7, 10, -4, 6, -1, 2, 1, 0, 4, 0, 0, 0, 0, 0, 0, 0, 0, 0, 0, 0, 0, 0, 0, 0, 0, 0, 0, 0, 0, 0, 0, -10, 9, -11, 5, -12, 1, -13, -2, -15, -6, -18, -9, -21, -11, -24, -13, -27, -14, -29, -13, -30, -13, -30, -12, -29, -10, -27, -9, -24, -7, -21, -7, -17, -7, -12, -8, -8, -10, -4, -14, -2, -17, 0, -23, 3, -27, 3, -31, 2, -35, 0, -38, -1, -1, -4, -35, -5, -36, -4, -33, -4, -32, -3, -29, -1, -26, 0, -24, 3, -21, 5, -20, 9, -19, 11, -17, 14, -17, 17, -17, 19, -17, 22, -18, 22, -17, 24, -17, 23, -16, 23, -16, 22, -15, 19, -13, 18, -11, 16, -8, 14, -6, 12, -4, 11, -1, 23, -2, 21, 2, 0, 0, -1, -1, -1, -1, 0, 0, 0, 0, 0, 0, -1, -1, -24, -8, -24, -11, -17, -2, -16, -5, -17, -8, -17, -10, -18, -12, -19, -14, -20, -16, -22, -17, -23, -18, -24, -19, -24, -19, -24, -19, -23, -19, -22, -18, -19, -18, -18, -18, -15, -17, -13, -19, -11, -20, -9, -22, -7, -24, -6, -27, -4, -29, -4, -32, -4, -34, -4, -36]"
rx1,2026-05-02 20:42:16.248,-54,"[97, -112, 5, 0, -25, -11, -26, -11, -28, -12, -29, -13, -30, -12, -31, -10, -31, -9, -31, -6, -31, -4, -29, -3, -26, -2, -23, -1, -20, -3, -17, -3, -14, -6, -12, -9, -10, -12, -9, -15, -9, -17, -10, -19, -11, -20, -12, -21, -13, -21, -14, -20, -14, -18, 0, 0, 0, 0, 0, 0, 0, 0, 0, 0, 0, 0, 0, 0, 0, 0, 0, 0, 0, 0, 0, 0, -18, 7, -17, 7, -18, 5, -18, 4, -18, 4, -18, 3, -19, 2, -20, 1, -21, 0, -24, -2, -25, -2, -26, -3, -27, -4, -28, -4, -28, -3, -30, -2, -29, -1, -30, 0, -29, 1, -29, 1, -28, 2, -27, 1, -26, 1, -26, -1, -24, -2, -24, -3, -1, -1, -47, -9, -47, -12, -47, -12, -47, -14, -48, -14, -48, -13, -48, -12, -48, -11, -47, -8, -47, -5, -44, -3, -42, -3, -38, -2, -34, -4, -32, -4, -28, -7, -25, -11, -23, -13, -22, -17, -20, -19, -20, -21, -21, -22, -22, -23, -21, -22, -22, -21, -22, -20, -16, -6, -15, -7, 0, 0, -1, -1, -1, -1, 0, 0, 0, 0, 0, 0, -1, -1, -36, 10, -38, 8, -36, 10, -36, 8, -36, 8, -37, 7, -38, 6, -38, 4, -40, 3, -41, 1, -42, 0, -45, -1, -47, -2, -48, -3, -50, -3, -51, -3, -51, -3, -53, -2, -52, -2, -52, 0, -52, 0, -52, 2, -51, 1, -50, 1, -49, 0, -49, -1, -48, -3, -48, -5]"
rx1,2026-05-02 20:42:16.452,-49,"[97, -112, 5, 0, 21, -14, 22, -15, 24, -16, 24, -18, 23, -19, 21, -21, 20, -22, 17, -22, 15, -22, 13, -20, 11, -18, 10, -15, 10, -12, 11, -9, 12, -7, 14, -4, 15, -2, 17, -1, 19, 0, 19, 0, 20, -1, 20, -1, 20, -2, 19, -3, 18, -3, 0, 0, 0, 0, 0, 0, 0, 0, 0, 0, 0, 0, 0, 0, 0, 0, 0, 0, 0, 0, 0, 0, 0, -25, 0, -24, 0, -24, 0, -23, 0, -22, 1, -21, 2, -20, 4, -19, 7, -18, 9, -18, 12, -18, 14, -19, 16, -20, 17, -22, 17, -23, 17, -25, 15, -26, 14, -28, 12, -27, 10, -27, 9, -26, 8, -24, 8, -22, 9, -19, 10, -17, 12, -16, -1, -1, 28, -29, 30, -30, 31, -29, 34, -31, 32, -31, 32, -32, 30, -34, 28, -34, 25, -34, 23, -35, 21, -32, 19, -30, 18, -26, 18, -23, 18, -21, 19, -17, 22, -14, 23, -11, 25, -10, 25, -9, 26, -8, 27, -8, 27, -8, 27, -8, 25, -8, 24, -7, 15, -9, 14, -6, -1, -1, -1, -1, -1, -1, -1, -1, 0, 0, 0, 0, 0, 0, 5, -37, 8, -36, 5, -41, 6, -40, 6, -41, 6, -39, 7, -39, 8, -37, 10, -37, 13, -36, 15, -36, 19, -36, 21, -36, 24, -36, 26, -38, 27, -39, 27, -40, 27, -43, 25, -42, 24, -45, 21, -44, 20, -44, 19, -42, 18, -41, 18, -39, 19, -36, 21, -34, 23, -33]"
rx1,2026-05-02 20:42:16.650,-50,"[97, -112, 5, 0, 15, -23, 13, -22, 12, -19, 11, -16, 10, -13, 10, -11, 12, -8, 13, -6, 16, -6, 18, -5, 20, -6, 22, -7, 23, -8, 23, -10, 22, -11, 21, -12, 19, -12, 16, -12, 14, -10, 12, -9, 10, -7, 9, -5, 8, -2, 8, 0, 7, 2, 0, 0, 0, 0, 0, 0, 0, 0, 0, 0, 0, 0, 0, 0, 0, 0, 0, 0, 0, 0, 0, 0, 3, -17, 6, -16, 8, -16, 11, -18, 13, -19, 14, -21, 15, -22, 16, -24, 16, -26, 14, -27, 13, -27, 12, -26, 11, -25, 10, -23, 9, -20, 10, -18, 11, -16, 12, -14, 15, -13, 17, -13, 19, -13, 22, -15, 23, -17, 24, -20, 24, -22, 23, -24, -1, -1, 34, -49, 30, -49, 29, -46, 27, -43, 26, -40, 26, -36, 26, -33, 28, -29, 28, -28, 31, -28, 32, -26, 35, -27, 36, -27, 37, -28, 38, -29, 37, -29, 38, -29, 34, -27, 32, -26, 30, -23, 28, -20, 26, -18, 25, -14, 23, -10, 23, -8, 22, -4, 31, -9, 29, -5, 0, 0, -1, -1, -1, -1, 0, 0, 0, 0, 0, 0, -1, -1, 7, -45, 11, -46, 10, -38, 13, -38, 16, -39, 19, -40, 22, -41, 24, -43, 26, -45, 27, -48, 27, -50, 29, -51, 27, -50, 27, -50, 26, -49, 25, -47, 24, -44, 24, -43, 24, -40, 27, -39, 28, -38, 31, -38, 33, -39, 36, -42, 38, -43, 39, -45, 39, -47, 38, -50]"
rx1,2026-05-02 20:42:16.854,-53,"[97, -112, 5, 0, 26, 18, 24, 16, 21, 12, 18, 11, 13, 9, 9, 8, 4, 7, -1, 7, -4, 9, -8, 11, -11, 13, -14, 15, -16, 16, -16, 18, -16, 18, -16, 18, -16, 17, -14, 15, -12, 13, -11, 10, -10, 7, -9, 5, -8, 2, -7, -2, -7, -5, 0, 0, 0, 0, 0, 0, 0, 0, 0, 0, 0, 0, 0, 0, 0, 0, 0, 0, 0, 0, 0, 0, -7, -6, -2, -6, 3, -8, 9, -10, 13, -12, 17, -15, 21, -18, 23, -21, 24, -24, 24, -26, 23, -27, 21, -27, 18, -27, 15, -24, 12, -21, 9, -17, 7, -11, 7, -6, 7, 0, 8, 6, 9, 11, 13, 16, 15, 19, 20, 22, 23, 23, 26, 23, -1, -1, 55, 35, 53, 34, 49, 32, 46, 31, 41, 29, 35, 27, 29, 27, 23, 26, 18, 27, 13, 30, 7, 31, 2, 34, -1, 36, -4, 37, -3, 39, -7, 38, -9, 39, -9, 38, -10, 36, -10, 33, -11, 30, -10, 26, -11, 23, -12, 19, -12, 14, -13, 10, -17, 27, -20, 23, -1, -1, -1, -1, -1, -1, -1, -1, -1, -1, 0, 0, 0, 0, 23, -52, 29, -50, 11, -29, 17, -28, 24, -29, 30, -29, 38, -31, 43, -32, 48, -34, 51, -35, 54, -37, 56, -37, 56, -35, 54, -33, 53, -31, 49, -26, 46, -22, 44, -18, 40, -11, 42, -4, 40, 2, 42, 9, 42, 15, 46, 21, 48, 27, 51, 31, 54, 35, 57, 36]"
rx1,2026-05-02 20:42:17.056,-49,"[97, -112, 5, 0, 4, 9, -1, 8, -7, 6, -11, 7, -15, 7, -18, 9, -21, 10, -23, 11, -23, 13, -23, 13, -23, 14, -22, 14, -20, 13, -18, 12, -16, 9, -14, 6, -11, 3, -10, 0, -8, -3, -6, -6, -5, -10, -3, -12, -2, -14, -1, -15, 0, -16, 0, 0, 0, 0, 0, 0, 0, 0, 0, 0, 0, 0, 0, 0, 0, 0, 0, 0, 0, 0, 0, 0, 15, -15, 17, -17, 18, -20, 19, -21, 20, -23, 18, -23, 17, -23, 15, -22, 13, -19, 12, -16, 9, -11, 7, -6, 7, 0, 6, 5, 7, 11, 7, 16, 9, 20, 12, 23, 15, 24, 17, 26, 19, 26, 21, 25, 22, 24, 21, 21, 20, 19, 18, 15, -1, -1, 23, 22, 17, 21, 11, 20, 6, 20, 1, 21, -3, 22, -7, 24, -10, 25, -13, 26, -15, 29, -15, 30, -16, 30, -17, 30, -15, 30, -15, 30, -14, 26, -13, 24, -12, 20, -12, 16, -11, 12, -11, 9, -10, 5, -11, 2, -11, -2, -10, -4, -10, -6, -22, 16, -24, 11, 0, 0, -1, -1, -1, -1, 0, 0, 0, 0, 0, 0, -1, -1, 12, -15, 14, -13, 22, -21, 25, -22, 27, -24, 28, -25, 29, -26, 28, -27, 28, -26, 26, -24, 26, -21, 24, -16, 23, -11, 21, -5, 20, 0, 20, 7, 20, 12, 22, 17, 23, 21, 27, 26, 29, 28, 32, 30, 34, 30, 36, 30, 37, 30, 36, 29, 34, 27, 33, 25]"
rx1,2026-05-02 20:42:17.257,-48,"[97, -112, 5, 0, -17, 14, -15, 11, -12, 7, -11, 2, -9, -2, -10, -6, -10, -10, -11, -13, -14, -16, -16, -17, -18, -19, -19, -19, -20, -20, -21, -18, -20, -17, -18, -16, -16, -14, -13, -13, -10, -11, -7, -10, -3, -9, 0, -8, 3, -8, 6, -8, 9, -7, 0, 0, 0, 0, 0, 0, 0, 0, 0, 0, 0, 0, 0, 0, 0, 0, 0, 0, 0, 0, 0, 0, 3, 13, 2, 17, 2, 20, 3, 24, 4, 26, 6, 28, 6, 29, 8, 29, 9, 28, 9, 25, 9, 22, 7, 19, 5, 15, 1, 12, -3, 9, -7, 7, -11, 5, -16, 5, -20, 6, -24, 8, -26, 9, -28, 12, -29, 15, -29, 17, -28, 19, -26, 20, -1, -1, -36, 38, -35, 36, -32, 31, -31, 27, -30, 21, -29, 16, -29, 12, -30, 7, -31, 3, -35, 0, -36, -4, -40, -6, -41, -8, -42, -9, -44, -9, -42, -10, -42, -10, -38, -10, -35, -10, -32, -10, -28, -11, -24, -11, -21, -12, -16, -13, -12, -15, -8, -15, -31, -21, -25, -25, 0, 0, -1, -1, -1, -1, 0, 0, 0, 0, 0, 0, -1, -1, 21, 28, 18, 31, 10, 29, 9, 33, 9, 38, 8, 41, 8, 46, 9, 47, 10, 50, 10, 50, 10, 50, 8, 49, 7, 45, 4, 42, 0, 39, -4, 36, -8, 32, -13, 30, -18, 28, -22, 29, -26, 29, -31, 32, -35, 33, -37, 37, -40, 39, -42, 41, -42, 42, -41, 43]"
rx1,2026-05-02 20:42:17.454,-43,"[97, -112, 5, 0, 18, 11, 17, 13, 14, 14, 15, 16, 14, 17, 15, 18, 16, 19, 16, 18, 17, 18, 18, 18, 18, 17, 18, 17, 17, 16, 16, 16, 15, 15, 13, 15, 12, 16, 10, 16, 8, 16, 7, 16, 5, 16, 4, 16, 3, 16, 2, 17, 1, 17, 0, 0, 0, 0, 0, 0, 0, 0, 0, 0, 0, 0, 0, 0, 0, 0, 0, 0, 0, 0, 0, 0, 22, 7, 25, 8, 27, 9, 30, 8, 30, 7, 32, 5, 30, 3, 29, 2, 28, 2, 25, 2, 22, 3, 20, 5, 18, 8, 16, 11, 16, 14, 16, 16, 18, 18, 20, 19, 23, 20, 26, 19, 27, 18, 29, 16, 29, 14, 29, 14, 28, 12, 27, 10, -1, -1, 22, 8, 20, 9, 19, 9, 18, 10, 18, 11, 17, 12, 18, 12, 18, 12, 18, 12, 19, 12, 19, 12, 19, 12, 18, 11, 18, 12, 18, 11, 16, 11, 15, 12, 14, 12, 13, 13, 11, 13, 10, 13, 9, 13, 8, 13, 7, 14, 6, 14, 5, 14, 8, 14, 6, 14, 0, 0, 0, 0, -1, -1, 0, 0, 0, 0, -1, -1, -1, -1, 17, -3, 17, -2, 20, 3, 21, 4, 22, 4, 23, 4, 24, 4, 25, 3, 25, 3, 24, 2, 24, 2, 22, 3, 21, 4, 20, 5, 19, 6, 19, 8, 18, 9, 19, 10, 19, 11, 21, 12, 22, 12, 23, 12, 24, 11, 25, 10, 25, 10, 25, 9, 25, 8, 25, 8]"
rx1,2026-05-02 20:42:17.652,-43,"[97, -112, 5, 0, -8, 28, -6, 26, -5, 22, -5, 19, -6, 16, -8, 14, -11, 13, -14, 12, -16, 13, -17, 15, -19, 17, -19, 19, -19, 21, -18, 22, -16, 22, -14, 21, -13, 19, -11, 17, -10, 13, -10, 10, -11, 7, -12, 5, -13, 2, -15, 0, -16, -1, 0, 0, 0, 0, 0, 0, 0, 0, 0, 0, 0, 0, 0, 0, 0, 0, 0, 0, 0, 0, 0, 0, 8, 15, 4, 15, 0, 15, -3, 17, -6, 19, -8, 22, -10, 25, -10, 28, -10, 31, -8, 33, -6, 34, -3, 33, -1, 31, 0, 29, 1, 25, 0, 22, -2, 19, -4, 17, -7, 16, -10, 16, -13, 18, -16, 20, -17, 23, -17, 26, -16, 29, -14, 30, -1, -1, -10, 29, -10, 28, -9, 26, -8, 24, -8, 23, -9, 21, -9, 20, -10, 19, -11, 19, -13, 19, -14, 19, -15, 20, -15, 21, -15, 22, -14, 22, -13, 22, -13, 21, -12, 20, -12, 18, -12, 16, -11, 14, -12, 12, -13, 10, -14, 8, -15, 7, -16, 6, -17, 11, -17, 8, 0, 0, 0, -1, 0, -1, 0, 0, 0, 0, 0, 0, -1, -1, 1, 28, -2, 29, 2, 21, 0, 21, -3, 22, -5, 22, -7, 24, -8, 25, -9, 27, -9, 29, -9, 31, -10, 32, -9, 32, -9, 31, -8, 30, -7, 29, -6, 27, -6, 25, -7, 24, -8, 23, -10, 22, -11, 23, -12, 23, -13, 25, -14, 26, -15, 27, -14, 29, -14, 29]"
rx1,2026-05-02 20:42:17.857,-43,"[97, -112, 5, 0, 24, 2, 27, 2, 28, 1, 29, -1, 28, -3, 27, -5, 25, -7, 22, -8, 20, -7, 17, -6, 15, -4, 13, -1, 12, 2, 13, 6, 13, 9, 14, 12, 16, 14, 17, 14, 18, 14, 18, 14, 18, 12, 18, 11, 17, 10, 15, 8, 12, 8, 0, 0, 0, 0, 0, 0, 0, 0, 0, 0, 0, 0, 0, 0, 0, 0, 0, 0, 0, 0, 0, 0, 11, -24, 11, -25, 10, -25, 9, -24, 9, -23, 8, -22, 8, -19, 9, -16, 11, -13, 14, -11, 17, -9, 20, -8, 23, -8, 24, -8, 26, -10, 27, -12, 26, -14, 25, -15, 24, -17, 21, -17, 19, -16, 17, -14, 15, -12, 15, -9, 16, -5, 18, -2, -1, -1, 40, 0, 42, 0, 44, 0, 46, 0, 46, -2, 45, -4, 43, -6, 41, -7, 38, -7, 35, -7, 32, -6, 31, -3, 29, 0, 28, 4, 28, 7, 28, 10, 29, 14, 30, 17, 31, 18, 31, 18, 30, 19, 30, 17, 29, 17, 27, 16, 25, 15, 21, 15, 17, 17, 13, 18, -1, -1, -1, -1, -1, -1, -1, -1, 0, 0, 0, 0, 0, 0, 22, -21, 24, -19, 24, -32, 24, -32, 23, -32, 23, -30, 23, -29, 23, -27, 24, -24, 25, -21, 28, -19, 31, -16, 33, -13, 37, -11, 40, -11, 42, -12, 43, -13, 44, -15, 43, -17, 42, -18, 41, -19, 39, -20, 36, -19, 35, -17, 34, -14, 34, -11, 35, -7, 37, -5]"
rx1,2026-05-02 20:42:18.053,-43,"[97, -112, 5, 0, 19, 8, 20, 9, 21, 11, 23, 11, 23, 10, 24, 9, 24, 7, 24, 5, 23, 4, 21, 3, 20, 3, 18, 4, 16, 5, 15, 6, 14, 8, 13, 11, 13, 12, 12, 13, 13, 15, 13, 15, 13, 15, 13, 14, 12, 14, 12, 13, 11, 13, 0, 0, 0, 0, 0, 0, 0, 0, 0, 0, 0, 0, 0, 0, 0, 0, 0, 0, 0, 0, 0, 0, 25, -4, 25, -4, 26, -5, 26, -6, 26, -7, 25, -8, 23, -7, 22, -7, 21, -5, 20, -2, 19, 0, 19, 3, 20, 6, 21, 7, 22, 8, 24, 8, 26, 7, 27, 6, 28, 5, 28, 3, 28, 1, 27, 0, 24, -1, 23, 0, 21, 1, 21, 3, -1, -1, 37, 5, 37, 7, 38, 8, 39, 10, 40, 9, 40, 9, 40, 8, 40, 7, 39, 4, 39, 4, 37, 3, 35, 3, 33, 3, 31, 5, 31, 6, 29, 8, 29, 12, 28, 14, 27, 16, 27, 17, 26, 18, 26, 18, 25, 19, 24, 19, 23, 18, 20, 18, 20, 14, 17, 16, 0, 0, 0, 0, -1, -1, 0, 0, 0, 0, -1, -1, -1, -1, 28, -14, 29, -11, 39, -8, 40, -8, 41, -9, 41, -9, 41, -10, 40, -10, 40, -10, 38, -9, 38, -7, 37, -3, 36, -1, 36, 2, 37, 5, 39, 6, 40, 7, 42, 6, 43, 6, 45, 5, 45, 3, 46, 1, 45, 0, 45, -2, 44, -1, 42, -1, 40, 0, 40, 2]"
rx1,2026-05-02 20:42:18.254,-43,"[97, -112, 5, 0, 13, -28, 11, -29, 11, -29, 9, -29, 7, -27, 5, -27, 5, -25, 5, -23, 5, -23, 6, -22, 6, -21, 8, -20, 9, -20, 10, -21, 11, -20, 12, -20, 12, -20, 12, -20, 12, -19, 11, -18, 11, -18, 11, -17, 11, -15, 11, -14, 11, -12, 0, 0, 0, 0, 0, 0, 0, 0, 0, 0, 0, 0, 0, 0, 0, 0, 0, 0, 0, 0, 0, 0, -4, -26, -3, -24, -2, -22, -1, -20, 2, -20, 4, -19, 7, -20, 10, -21, 12, -23, 14, -25, 15, -27, 15, -29, 13, -31, 12, -32, 10, -32, 7, -32, 5, -30, 4, -29, 2, -26, 3, -25, 4, -23, 5, -22, 8, -22, 9, -22, 11, -23, 12, -25, -1, -1, 17, -52, 15, -54, 14, -54, 13, -54, 11, -53, 10, -51, 7, -50, 7, -48, 5, -46, 6, -45, 7, -43, 8, -43, 9, -42, 10, -42, 11, -42, 12, -41, 14, -42, 14, -41, 15, -40, 15, -39, 16, -36, 15, -36, 16, -34, 17, -31, 17, -29, 19, -27, 18, -29, 20, -25, 0, 0, -1, -1, -1, -1, 0, 0, 0, 0, 0, 0, -1, -1, -4, -53, 1, -54, -2, -51, -1, -49, 0, -48, 3, -46, 6, -46, 8, -46, 12, -47, 16, -48, 17, -51, 22, -53, 23, -54, 23, -57, 23, -58, 20, -58, 17, -58, 13, -59, 11, -55, 10, -55, 9, -53, 8, -51, 9, -49, 10, -49, 13, -48, 14, -48, 16, -49, 17, -51]"
rx1,2026-05-02 20:42:18.458,-47,"[97, -112, 5, 0, 6, -28, 4, -28, 3, -27, 1, -26, 0, -24, 0, -23, 0, -21, 0, -19, 2, -19, 4, -18, 4, -17, 6, -17, 7, -18, 9, -19, 9, -19, 9, -19, 9, -20, 9, -19, 9, -18, 8, -17, 8, -16, 8, -15, 8, -13, 8, -11, 9, -10, 0, 0, 0, 0, 0, 0, 0, 0, 0, 0, 0, 0, 0, 0, 0, 0, 0, 0, 0, 0, 0, 0, -13, -17, -11, -16, -10, -15, -7, -14, -3, -15, 0, -16, 2, -18, 4, -20, 5, -23, 6, -26, 5, -28, 4, -30, 2, -31, 0, -31, -3, -30, -5, -28, -6, -25, -6, -23, -5, -21, -4, -19, -2, -18, 0, -18, 4, -18, 6, -20, 7, -22, 7, -25, -1, -1, 14, -50, 11, -52, 9, -50, 9, -50, 7, -48, 6, -45, 4, -44, 6, -41, 5, -39, 6, -40, 7, -38, 8, -38, 10, -38, 12, -37, 13, -39, 13, -38, 16, -39, 15, -37, 15, -36, 16, -35, 16, -33, 16, -31, 16, -29, 17, -26, 18, -24, 19, -21, 22, -22, 23, -17, -1, -1, -1, -1, -1, -1, -1, -1, 0, 0, 0, 0, 0, 0, -7, -49, -2, -50, -13, -41, -10, -40, -7, -40, -4, -38, 1, -40, 4, -40, 7, -44, 10, -46, 11, -50, 14, -54, 13, -54, 12, -55, 11, -57, 8, -56, 6, -54, 3, -53, 2, -49, 2, -48, 2, -44, 4, -43, 6, -42, 7, -43, 10, -42, 12, -44, 14, -46, 14, -48]"
rx1,2026-05-02 20:42:18.655,-45,"[97, -112, 5, 0, -17, -19, -17, -18, -16, -17, -14, -16, -13, -14, -12, -15, -11, -15, -11, -15, -10, -17, -11, -18, -12, -18, -12, -19, -14, -19, -15, -19, -14, -18, -15, -17, -14, -15, -13, -14, -11, -14, -9, -13, -8, -13, -6, -13, -4, -13, -3, -14, -2, -15, 0, 0, 0, 0, 0, 0, 0, 0, 0, 0, 0, 0, 0, 0, 0, 0, 0, 0, 0, 0, 0, 0, -16, -13, -14, -13, -12, -13, -11, -15, -9, -16, -9, -18, -9, -20, -9, -22, -10, -23, -12, -25, -12, -25, -13, -24, -15, -23, -15, -22, -15, -20, -15, -18, -14, -17, -13, -17, -12, -16, -11, -17, -10, -18, -11, -20, -11, -21, -12, -22, -14, -23, -15, -22, -1, -1, -36, -34, -37, -32, -37, -30, -35, -29, -34, -28, -32, -26, -32, -25, -29, -26, -29, -25, -30, -27, -30, -27, -31, -28, -31, -28, -32, -29, -34, -28, -33, -27, -32, -28, -31, -26, -29, -25, -26, -25, -24, -24, -22, -23, -19, -24, -17, -25, -15, -25, -12, -27, -20, -27, -16, -28, -1, -1, -1, -1, -1, -1, -1, -1, 0, 0, 0, 0, 0, 0, -41, -23, -40, -27, -34, -26, -32, -27, -30, -28, -28, -30, -27, -32, -27, -34, -27, -37, -27, -39, -29, -40, -30, -43, -30, -43, -31, -43, -32, -42, -33, -40, -33, -38, -33, -35, -33, -34, -31, -33, -30, -33, -30, -33, -29, -33, -31, -34, -30, -35, -33, -37, -33, -37, -36, -37]"
rx1,2026-05-02 20:42:19.063,-45,"[97, -112, 5, 0, -3, -34, -4, -31, -5, -28, -5, -24, -4, -19, -2, -15, 1, -11, 4, -7, 8, -5, 12, -3, 16, -2, 20, -1, 23, -1, 26, -1, 26, -2, 26, -2, 26, -2, 24, -2, 21, -2, 18, 0, 15, 1, 11, 2, 8, 4, 4, 6, 1, 8, 0, 0, 0, 0, 0, 0, 0, 0, 0, 0, 0, 0, 0, 0, 0, 0, 0, 0, 0, 0, 0, 0, 1, 14, -1, 10, -3, 5, -7, 1, -10, -3, -15, -6, -19, -8, -24, -10, -28, -9, -32, -9, -34, -8, -34, -6, -33, -4, -31, -2, -28, 0, -25, 1, -19, 1, -14, 0, -9, -3, -5, -6, -1, -10, 1, -16, 4, -20, 4, -25, 3, -30, 3, -32, -1, -1, -5, -32, -5, -32, -5, -31, -5, -29, -4, -27, -3, -24, -2, -22, 0, -20, 2, -18, 4, -17, 7, -15, 10, -15, 12, -14, 14, -14, 16, -14, 17, -13, 18, -12, 18, -12, 17, -11, 16, -10, 15, -9, 15, -7, 13, -6, 12, -4, 11, -2, 9, 0, 18, -5, 18, -2, -1, -1, -1, -1, -1, -1, -1, -1, 0, 0, 0, 0, 0, 0, -27, 4, -29, 0, -14, 5, -15, 2, -16, -1, -18, -4, -19, -6, -21, -9, -24, -10, -26, -12, -28, -13, -29, -14, -29, -14, -29, -14, -28, -14, -26, -13, -24, -13, -22, -13, -20, -12, -17, -13, -14, -15, -11, -17, -10, -19, -8, -22, -6, -24, -5, -27, -5, -30, -4, -32]"
rx1,2026-05-02 20:42:19.260,-42,"[97, -112, 5, 0, 16, 31, 17, 28, 17, 25, 15, 21, 13, 17, 10, 14, 5, 11, 1, 8, -5, 7, -10, 6, -15, 7, -19, 8, -23, 9, -25, 11, -26, 11, -27, 12, -26, 12, -24, 12, -21, 11, -18, 9, -16, 7, -13, 4, -9, 0, -7, -3, -4, -6, 0, 0, 0, 0, 0, 0, 0, 0, 0, 0, 0, 0, 0, 0, 0, 0, 0, 0, 0, 0, 0, 0, -12, -16, -8, -14, -4, -11, 0, -8, 6, -6, 11, -4, 16, -4, 22, -4, 26, -5, 31, -7, 33, -8, 33, -10, 33, -12, 31, -13, 27, -14, 23, -14, 19, -12, 15, -10, 11, -5, 8, 0, 6, 5, 6, 11, 5, 17, 6, 22, 8, 27, 11, 30, -1, -1, 16, 28, 16, 29, 15, 27, 15, 26, 13, 24, 11, 22, 9, 20, 7, 19, 4, 18, 1, 17, -2, 17, -5, 17, -8, 17, -11, 18, -12, 19, -14, 18, -15, 19, -16, 18, -16, 17, -16, 16, -15, 14, -14, 12, -13, 11, -12, 8, -11, 6, -10, 3, -18, 9, -18, 6, 0, 0, -1, -1, -1, -1, 0, 0, 0, 0, 0, 0, -1, -1, 23, -14, 25, -11, 8, -13, 9, -10, 12, -8, 14, -5, 17, -4, 20, -2, 23, -1, 26, 0, 28, 1, 30, 1, 31, 1, 31, 1, 30, 1, 29, 1, 27, 1, 25, 1, 22, 2, 21, 4, 18, 6, 16, 9, 15, 12, 15, 16, 14, 19, 14, 22, 14, 25, 15, 27]"
rx1,2026-05-02 20:42:19.461,-42,"[97, -112, 5, 0, -37, 11, -37, 10, -33, 8, -31, 6, -25, 4, -20, 4, -13, 4, -8, 5, -1, 6, 5, 8, 9, 12, 13, 15, 16, 19, 17, 22, 17, 26, 15, 27, 13, 29, 9, 28, 6, 26, 3, 23, 1, 18, 0, 14, 1, 9, 1, 5, 3, 1, 0, 0, 0, 0, 0, 0, 0, 0, 0, 0, 0, 0, 0, 0, 0, 0, 0, 0, 0, 0, 0, 0, 15, 2, 12, 0, 8, -3, 5, -6, 2, -10, 0, -16, -1, -20, -2, -25, -2, -29, -2, -32, -2, -35, 0, -36, 1, -35, 1, -34, 2, -32, 1, -27, 0, -24, -2, -19, -4, -14, -7, -9, -11, -4, -15, 1, -19, 6, -23, 10, -28, 12, -32, 13, -1, -1, -34, 14, -35, 11, -34, 8, -34, 4, -31, 2, -29, -2, -25, -4, -21, -6, -17, -7, -13, -8, -9, -8, -5, -8, -1, -7, 3, -6, 6, -5, 8, -3, 10, -2, 11, 0, 11, 1, 11, 2, 11, 2, 11, 2, 12, 2, 12, 2, 12, 2, 12, 2, 20, 9, 16, 13, 0, 0, -1, -1, -1, -1, 0, 0, 0, 0, 0, 0, -1, -1, 3, -27, 8, -26, 14, -11, 14, -10, 14, -11, 14, -11, 14, -11, 14, -12, 14, -11, 14, -11, 15, -11, 15, -10, 14, -9, 13, -8, 13, -6, 11, -4, 9, -2, 8, 2, 5, 4, 2, 8, -1, 9, -5, 12, -8, 15, -12, 17, -17, 19, -20, 19, -25, 19, -29, 18]"
rx1,2026-05-02 20:42:19.662,-42,"[97, -112, 5, 0, -37, -17, -35, -17, -33, -18, -29, -17, -25, -15, -20, -13, -16, -9, -12, -4, -9, 0, -6, 6, -4, 11, -4, 17, -4, 21, -5, 26, -7, 27, -10, 29, -11, 28, -14, 26, -15, 23, -15, 19, -14, 15, -12, 11, -9, 8, -6, 5, -2, 3, 0, 0, 0, 0, 0, 0, 0, 0, 0, 0, 0, 0, 0, 0, 0, 0, 0, 0, 0, 0, 0, 0, 16, 14, 13, 11, 11, 8, 9, 3, 9, -2, 8, -8, 9, -13, 11, -18, 13, -23, 16, -27, 19, -29, 21, -30, 23, -30, 23, -29, 22, -27, 21, -25, 17, -21, 14, -19, 9, -16, 4, -13, -2, -11, -8, -9, -15, -8, -21, -8, -27, -9, -30, -10, -1, -1, -34, -10, -34, -14, -31, -16, -30, -19, -26, -20, -22, -20, -18, -20, -15, -19, -10, -17, -6, -15, -3, -12, 0, -9, 3, -6, 4, -3, 6, 0, 6, 3, 6, 5, 6, 7, 5, 8, 5, 9, 4, 9, 4, 9, 4, 9, 4, 10, 4, 10, 4, 9, 7, 18, 1, 18, 0, 0, -1, -1, -1, -1, 0, 0, 0, 0, 0, 0, -1, -1, 17, -21, 22, -17, 20, 1, 19, 1, 19, 2, 18, 1, 18, 1, 18, 1, 18, 1, 18, 0, 17, 0, 17, 0, 15, 1, 14, 1, 13, 2, 11, 2, 9, 3, 6, 4, 2, 4, -1, 6, -5, 6, -9, 6, -13, 6, -18, 5, -23, 3, -27, 1, -30, -2, -33, -5]"
rx1,2026-05-02 20:42:19.862,-41,"[97, -112, 5, 0, -31, -24, -32, -23, -31, -23, -30, -21, -27, -19, -23, -16, -19, -13, -14, -9, -8, -7, -2, -4, 4, -2, 10, 1, 16, 3, 21, 5, 24, 7, 27, 9, 28, 10, 28, 11, 26, 11, 23, 11, 20, 10, 17, 10, 13, 8, 8, 7, 4, 5, 0, 0, 0, 0, 0, 0, 0, 0, 0, 0, 0, 0, 0, 0, 0, 0, 0, 0, 0, 0, 0, 0, -6, -23, -5, -19, -4, -16, -3, -10, -1, -5, 0, 0, 2, 7, 5, 13, 7, 18, 9, 24, 11, 28, 12, 30, 14, 32, 15, 32, 16, 31, 16, 29, 15, 26, 14, 22, 11, 17, 8, 12, 4, 6, -1, 1, -6, -4, -11, -9, -16, -14, -21, -17, -1, -1, -27, -19, -28, -21, -27, -21, -26, -22, -24, -21, -21, -21, -19, -20, -15, -19, -12, -18, -8, -16, -4, -15, 0, -14, 4, -13, 8, -11, 11, -11, 14, -9, 17, -7, 18, -6, 19, -5, 19, -3, 19, -2, 18, -1, 16, 0, 15, 0, 13, 1, 11, 1, 18, 1, 16, 4, -1, -1, -1, -1, -1, -1, -1, -1, -1, -1, 0, 0, 0, 0, 11, 21, 7, 23, -1, 1, -2, 3, -3, 5, -3, 7, -4, 10, -4, 12, -5, 15, -5, 18, -5, 20, -5, 22, -6, 23, -6, 23, -6, 23, -6, 22, -6, 20, -7, 19, -7, 17, -8, 13, -9, 10, -11, 7, -13, 3, -16, 0, -18, -5, -21, -8, -23, -12, -25, -15]"
rx1,2026-05-02 20:42:20.063,-42,"[97, -112, 5, 0, 38, 8, 37, 8, 36, 6, 33, 5, 29, 4, 23, 3, 18, 2, 11, 1, 4, 0, -3, 0, -10, 0, -16, -1, -22, -1, -27, -1, -30, -2, -33, -3, -34, -4, -33, -5, -31, -6, -28, -6, -24, -6, -19, -6, -14, -5, -10, -5, -4, -4, 0, 0, 0, 0, 0, 0, 0, 0, 0, 0, 0, 0, 0, 0, 0, 0, 0, 0, 0, 0, 0, 0, 13, 12, 9, 9, 5, 6, 1, 3, -4, -1, -9, -4, -14, -8, -18, -12, -22, -15, -26, -18, -28, -19, -30, -20, -30, -20, -30, -19, -29, -17, -27, -15, -23, -12, -19, -9, -14, -6, -7, -3, -2, 0, 5, 2, 12, 4, 19, 6, 25, 7, 30, 6, -1, -1, 34, 6, 34, 8, 33, 9, 32, 10, 30, 10, 27, 10, 23, 11, 19, 11, 15, 12, 11, 12, 6, 12, 2, 13, -3, 13, -6, 14, -11, 14, -14, 13, -17, 13, -19, 12, -20, 10, -20, 9, -20, 7, -19, 6, -18, 5, -16, 4, -15, 3, -13, 2, -22, 3, -21, -2, -1, -1, -1, -1, -1, -1, -1, -1, -1, -1, 0, 0, 0, 0, -23, -14, -21, -18, -2, -5, -3, -8, -4, -10, -5, -12, -6, -15, -7, -17, -7, -19, -8, -21, -9, -23, -9, -24, -9, -25, -8, -25, -7, -24, -6, -23, -4, -21, -2, -19, 1, -16, 4, -14, 7, -12, 10, -10, 14, -7, 18, -5, 22, -3, 25, -1, 29, 1, 31, 3]"
rx1,2026-05-02 20:42:20.263,-44,"[97, -112, 5, 0, -4, 1, 2, -2, 8, -4, 13, -7, 17, -9, 20, -12, 23, -14, 24, -15, 25, -16, 24, -17, 23, -17, 21, -15, 19, -13, 15, -11, 12, -9, 8, -5, 4, -3, -1, 0, -5, 3, -8, 5, -12, 6, -14, 7, -17, 8, -18, 8, -19, 7, 0, 0, 0, 0, 0, 0, 0, 0, 0, 0, 0, 0, 0, 0, 0, 0, 0, 0, 0, 0, 0, 0, 19, -5, 24, -4, 27, -4, 30, -3, 32, -2, 32, -2, 31, -1, 29, -1, 25, 0, 21, 0, 15, 1, 8, 1, 2, 2, -5, 2, -12, 2, -18, 3, -23, 4, -28, 5, -30, 7, -33, 8, -34, 8, -34, 10, -33, 10, -30, 9, -26, 9, -22, 8, -1, -1, -13, 5, -10, 3, -7, 1, -4, -1, -2, -3, 0, -5, 2, -6, 3, -8, 4, -9, 4, -11, 5, -11, 4, -12, 4, -12, 3, -11, 2, -11, 1, -10, 0, -9, -1, -8, -2, -7, -4, -5, -5, -4, -5, -3, -6, -2, -6, -2, -6, -1, -6, -1, 7, -7, 8, -5, -1, -1, -1, -1, -1, -1, -1, -1, -1, -1, 0, 0, 0, 0, 12, 1, 12, 3, 15, 0, 16, 1, 18, 2, 19, 2, 19, 3, 19, 4, 18, 5, 17, 5, 15, 6, 12, 7, 8, 7, 4, 8, 1, 8, -3, 8, -7, 8, -10, 9, -13, 9, -16, 9, -18, 10, -20, 10, -21, 10, -21, 11, -21, 10, -21, 10, -19, 9, -18, 8]"
rx1,2026-05-02 20:42:20.466,-44,"[97, -112, 5, 0, -4, 13, 1, 8, 6, 4, 12, 1, 17, -1, 21, -4, 26, -5, 29, -5, 31, -6, 32, -5, 33, -4, 32, -3, 30, -1, 26, 0, 22, 0, 17, 0, 12, -1, 7, -2, 2, -5, -1, -8, -4, -11, -6, -14, -6, -17, -6, -20, -5, -22, 0, 0, 0, 0, 0, 0, 0, 0, 0, 0, 0, 0, 0, 0, 0, 0, 0, 0, 0, 0, 0, 0, -14, -11, -16, -16, -19, -19, -20, -23, -20, -26, -19, -28, -18, -29, -16, -29, -14, -28, -12, -24, -10, -20, -8, -15, -7, -8, -7, -1, -7, 6, -8, 11, -9, 17, -10, 22, -12, 27, -14, 31, -15, 32, -16, 34, -17, 34, -17, 33, -16, 30, -15, 28, -1, -1, -9, 19, -8, 17, -7, 13, -6, 10, -4, 8, -2, 5, -1, 3, 1, 1, 2, -1, 4, -3, 4, -4, 4, -5, 4, -6, 4, -6, 3, -7, 3, -8, 1, -9, 1, -10, 0, -11, 0, -12, -1, -13, -1, -15, 0, -15, 1, -16, 2, -16, 4, -16, 14, -8, 14, -4, -1, -1, -1, -1, -1, -1, -1, -1, 0, 0, 0, 0, 0, 0, -4, -16, 0, -17, -6, -14, -6, -16, -6, -17, -5, -18, -4, -19, -3, -20, -1, -20, 1, -19, 2, -17, 4, -14, 5, -10, 6, -7, 7, -2, 6, 2, 6, 7, 5, 10, 4, 14, 3, 18, 1, 21, -1, 24, -2, 25, -4, 27, -5, 27, -7, 27, -8, 26, -9, 25]"
rx1,2026-05-02 20:42:20.668,-44,"[97, -112, 5, 0, -7, -4, -2, -8, 2, -13, 5, -18, 7, -22, 8, -26, 8, -29, 7, -31, 6, -33, 5, -33, 4, -32, 2, -29, 2, -26, 2, -21, 2, -16, 4, -10, 4, -5, 6, 1, 7, 5, 8, 10, 9, 14, 10, 16, 11, 19, 11, 20, 10, 21, 0, 0, 0, 0, 0, 0, 0, 0, 0, 0, 0, 0, 0, 0, 0, 0, 0, 0, 0, 0, 0, 0, 9, 18, 9, 22, 10, 25, 12, 27, 12, 28, 13, 28, 13, 26, 12, 25, 11, 22, 8, 18, 5, 14, 1, 10, -4, 5, -9, 2, -15, -1, -19, -2, -24, -2, -29, -2, -32, -1, -34, 1, -35, 2, -35, 4, -33, 5, -31, 6, -27, 6, -24, 5, -1, -1, -13, 3, -11, 2, -9, -1, -7, -4, -5, -7, -4, -9, -4, -11, -4, -13, -4, -14, -6, -16, -6, -16, -6, -16, -7, -15, -7, -14, -7, -12, -6, -11, -6, -9, -5, -7, -4, -4, -2, -2, -1, 0, 0, 1, 1, 2, 2, 3, 3, 3, 3, 4, -1, -12, 1, -11, -1, -1, -1, -1, -1, -1, -1, -1, -1, -1, 0, 0, 0, 0, 7, 9, 6, 10, 6, 14, 6, 16, 6, 18, 7, 19, 7, 20, 6, 19, 6, 19, 5, 18, 4, 17, 2, 15, 0, 13, -2, 11, -5, 9, -8, 8, -11, 6, -13, 5, -16, 5, -18, 5, -20, 5, -22, 6, -22, 7, -22, 8, -22, 8, -21, 8, -20, 8, -18, 7]"
rx1,2026-05-02 20:42:20.865,-45,"[97, -112, 5, 0, 26, -24, 25, -24, 24, -24, 21, -22, 18, -19, 14, -16, 11, -13, 6, -9, 2, -5, -2, 0, -6, 4, -10, 8, -13, 12, -17, 15, -19, 17, -22, 18, -23, 18, -23, 17, -22, 15, -21, 13, -19, 10, -16, 8, -12, 5, -8, 2, -4, 1, 0, 0, 0, 0, 0, 0, 0, 0, 0, 0, 0, 0, 0, 0, 0, 0, 0, 0, 0, 0, 0, 0, 14, -17, 12, -13, 9, -9, 4, -4, -1, 0, -6, 4, -11, 8, -16, 12, -21, 15, -25, 18, -28, 19, -30, 20, -31, 21, -30, 20, -28, 20, -25, 18, -21, 16, -17, 13, -11, 10, -7, 7, -1, 2, 4, -2, 9, -7, 14, -11, 18, -15, 21, -19, -1, -1, 42, -46, 45, -47, 44, -44, 45, -41, 43, -36, 41, -32, 38, -27, 35, -20, 32, -15, 28, -9, 23, -2, 20, 5, 16, 11, 12, 18, 8, 23, 3, 27, 1, 31, -4, 32, -6, 33, -8, 33, -10, 32, -11, 31, -11, 28, -10, 25, -10, 22, -9, 19, -17, 35, -22, 27, 0, 0, 0, 0, -1, -1, 0, 0, 0, 0, -1, -1, -1, -1, -40, 40, -48, 33, -12, -4, -15, -4, -21, -3, -25, -2, -31, -1, -36, 0, -41, 0, -45, 0, -48, 0, -52, -2, -52, -2, -51, -4, -49, -6, -46, -7, -41, -9, -37, -12, -30, -14, -23, -18, -16, -21, -8, -25, 0, -29, 7, -34, 15, -38, 21, -41, 29, -44, 35, -46]"
rx1,2026-05-02 20:42:21.068,-45,"[97, -112, 5, 0, -15, -33, -15, -35, -13, -35, -11, -34, -9, -32, -7, -28, -7, -25, -6, -20, -6, -16, -8, -11, -10, -6, -13, -2, -17, 2, -21, 4, -24, 4, -27, 4, -29, 2, -30, 0, -29, -3, -28, -6, -25, -7, -21, -8, -17, -8, -14, -7, -11, -5, 0, 0, 0, 0, 0, 0, 0, 0, 0, 0, 0, 0, 0, 0, 0, 0, 0, 0, 0, 0, 0, 0, 19, 17, 15, 16, 13, 13, 11, 9, 10, 4, 10, 0, 11, -5, 14, -10, 17, -15, 21, -18, 25, -19, 28, -20, 30, -19, 32, -18, 32, -18, 31, -16, 28, -14, 25, -13, 21, -12, 16, -12, 11, -12, 6, -13, 1, -15, -4, -17, -9, -20, -11, -24, -1, -1, -14, -28, -13, -30, -10, -30, -7, -31, -4, -30, -2, -28, 1, -26, 3, -24, 4, -20, 5, -16, 6, -12, 6, -8, 5, -5, 4, -1, 1, 2, -1, 4, -3, 6, -5, 6, -7, 6, -8, 6, -9, 6, -9, 5, -10, 5, -10, 5, -10, 5, -10, 5, -13, 12, -15, 7, 0, 0, -1, -1, -1, -1, 0, 0, 0, 0, 0, 0, -1, -1, 23, -11, 25, -6, 22, 8, 20, 10, 18, 11, 17, 11, 15, 11, 14, 10, 13, 10, 12, 9, 11, 7, 10, 6, 9, 5, 8, 5, 7, 4, 6, 3, 4, 2, 3, 1, 0, 0, -2, -1, -4, -3, -7, -4, -10, -6, -12, -9, -14, -12, -15, -16, -16, -19, -16, -22]"
rx1,2026-05-02 20:42:21.465,-49,"[97, -112, 5, 0, -31, -8, -31, -6, -30, -3, -29, -2, -25, 0, -23, 0, -19, 0, -17, -1, -15, -3, -13, -6, -13, -8, -13, -11, -13, -13, -14, -15, -16, -16, -17, -16, -18, -16, -18, -15, -18, -13, -16, -12, -15, -10, -13, -9, -11, -8, -9, -7, -6, -7, 0, 0, 0, 0, 0, 0, 0, 0, 0, 0, 0, 0, 0, 0, 0, 0, 0, 0, 0, 0, 0, 0, -14, 12, -14, 11, -14, 8, -14, 7, -15, 5, -16, 3, -18, 1, -21, 0, -23, -1, -26, -2, -27, 0, -29, 0, -29, 2, -29, 3, -28, 5, -26, 6, -24, 7, -21, 7, -20, 5, -18, 3, -17, 0, -18, -3, -18, -5, -20, -8, -23, -10, -26, -10, -1, -1, -56, -14, -57, -12, -56, -10, -56, -9, -52, -7, -49, -6, -46, -6, -42, -6, -39, -6, -37, -9, -35, -12, -34, -14, -33, -17, -33, -19, -35, -21, -34, -22, -36, -24, -35, -23, -34, -22, -33, -21, -30, -20, -29, -18, -26, -18, -23, -17, -19, -16, -16, -17, -19, -22, -15, -22, -1, -1, -1, -1, -1, -1, -1, -1, 0, 0, 0, 0, 0, 0, -37, 13, -39, 10, -34, 15, -33, 13, -34, 11, -35, 8, -37, 6, -38, 4, -42, 2, -44, 0, -47, -1, -50, -3, -52, -3, -54, -3, -55, -2, -54, 0, -52, 2, -52, 3, -49, 4, -48, 3, -46, 2, -45, 1, -43, -3, -44, -5, -46, -9, -48, -12, -50, -14, -53, -14]"
rx1,2026-05-02 20:42:21.666,-51,"[97, -112, 5, 0, 14, 28, 17, 29, 18, 28, 19, 27, 19, 24, 20, 22, 19, 20, 17, 18, 15, 17, 12, 16, 10, 17, 7, 18, 5, 20, 3, 22, 2, 23, 1, 25, 1, 26, 1, 25, 1, 25, 1, 23, 1, 22, 0, 20, 0, 18, -1, 16, -2, 14, 0, 0, 0, 0, 0, 0, 0, 0, 0, 0, 0, 0, 0, 0, 0, 0, 0, 0, 0, 0, 0, 0, 17, 5, 16, 5, 14, 4, 13, 5, 11, 6, 10, 8, 9, 10, 8, 13, 9, 16, 10, 19, 12, 21, 14, 22, 17, 22, 19, 22, 21, 21, 22, 18, 23, 16, 22, 14, 21, 12, 19, 11, 17, 11, 15, 12, 12, 13, 11, 16, 11, 20, 11, 22, -1, -1, 26, 48, 29, 50, 30, 48, 32, 50, 32, 47, 32, 45, 33, 42, 31, 40, 30, 37, 28, 37, 24, 36, 21, 38, 17, 38, 15, 40, 14, 42, 11, 42, 9, 46, 8, 46, 7, 45, 7, 43, 5, 41, 3, 39, 2, 37, 0, 34, -1, 31, -4, 28, -6, 30, -9, 27, 0, 0, -1, -1, -1, -1, 0, 0, 0, 0, 0, 0, -1, -1, 27, 27, 25, 29, 29, 20, 27, 19, 25, 20, 24, 21, 22, 23, 21, 25, 21, 28, 20, 31, 21, 34, 22, 39, 23, 41, 25, 42, 28, 43, 30, 42, 31, 40, 34, 39, 35, 35, 36, 34, 33, 32, 34, 32, 30, 31, 29, 32, 27, 35, 25, 38, 25, 41, 26, 44]"
rx1,2026-05-02 20:42:21.867,-51,"[97, -112, 5, 0, 7, -27, 7, -29, 8, -30, 6, -31, 5, -31, 3, -31, 2, -30, 1, -28, 0, -27, 0, -24, 1, -22, 2, -21, 3, -19, 6, -19, 7, -17, 9, -17, 10, -16, 11, -17, 12, -17, 11, -16, 11, -16, 10, -15, 9, -14, 8, -13, 8, -12, 0, 0, 0, 0, 0, 0, 0, 0, 0, 0, 0, 0, 0, 0, 0, 0, 0, 0, 0, 0, 0, 0, -9, -22, -10, -21, -10, -21, -10, -19, -10, -19, -8, -18, -7, -18, -4, -18, -2, -19, 0, -20, 2, -22, 3, -25, 4, -27, 3, -29, 2, -31, 0, -32, -2, -32, -4, -33, -6, -31, -7, -30, -8, -28, -7, -26, -6, -25, -4, -24, -2, -23, 1, -23, -1, -1, 3, -24, 3, -25, 4, -25, 4, -26, 3, -26, 3, -26, 2, -25, 2, -25, 1, -23, 0, -23, 0, -22, 1, -21, 1, -20, 2, -19, 4, -18, 4, -18, 6, -17, 7, -17, 7, -16, 8, -16, 7, -15, 7, -14, 7, -14, 7, -13, 7, -12, 7, -11, 6, -9, 7, -8, -1, -1, -1, -1, -1, -1, -1, 0, 0, 0, 0, 0, 0, 0, -3, -17, -2, -18, -5, -20, -5, -19, -5, -19, -5, -19, -5, -18, -4, -18, -3, -18, -2, -19, -1, -19, 0, -21, 1, -21, 2, -23, 2, -24, 2, -25, 2, -26, 0, -27, -1, -26, -2, -27, -2, -27, -3, -26, -3, -25, -3, -25, -3, -23, -2, -23, -1, -23, 1, -24]"
rx1,2026-05-02 20:42:22.269,-49,"[97, -112, 5, 0, 22, -22, 20, -20, 17, -18, 14, -16, 10, -15, 5, -15, 2, -16, -2, -17, -5, -18, -7, -19, -9, -21, -10, -23, -11, -24, -10, -25, -10, -26, -7, -24, -6, -25, -5, -23, -3, -20, -3, -18, -3, -15, -3, -12, -4, -10, -5, -8, -7, -7, 0, 0, 0, 0, 0, 0, 0, 0, 0, 0, 0, 0, 0, 0, 0, 0, 0, 0, 0, 0, 0, 0, 3, 10, 5, 6, 7, 2, 12, -1, 17, -2, 22, -3, 27, -1, 31, 0, 34, 4, 34, 6, 34, 9, 32, 12, 29, 13, 25, 12, 21, 10, 17, 7, 15, 3, 12, -3, 11, -8, 11, -13, 12, -18, 13, -23, 16, -26, 18, -29, 21, -30, 23, -29, -1, 0, 24, -24, 24, -21, 24, -18, 23, -14, 22, -11, 20, -7, 17, -5, 15, -4, 12, -2, 9, -1, 6, 0, 4, 0, 1, 1, -1, 1, -4, 1, -5, 0, -7, 0, -8, -1, -9, -2, -10, -2, -10, -3, -11, -3, -11, -4, -12, -5, -12, -6, -12, -7, -15, -11, -11, -14, 0, 0, -1, -1, -1, -1, 0, 0, 0, 0, 0, 0, -1, -1, 23, 15, 19, 20, 9, 16, 7, 16, 6, 15, 5, 14, 4, 14, 4, 13, 4, 12, 3, 12, 2, 11, 1, 11, 0, 10, -2, 8, -4, 6, -5, 2, -7, -1, -7, -5, -7, -10, -6, -14, -5, -18, -3, -22, 0, -26, 3, -29, 7, -30, 11, -32, 15, -32, 19, -30]"
rx1,2026-05-02 20:42:22.471,-45,"[97, -112, 5, 0, 30, -18, 27, -16, 23, -14, 19, -12, 14, -10, 8, -9, 3, -7, -3, -7, -8, -6, -14, -6, -19, -6, -22, -7, -25, -8, -27, -10, -27, -11, -26, -13, -25, -13, -22, -14, -18, -13, -15, -11, -11, -9, -7, -7, -5, -3, -3, 0, -2, 4, 0, 0, 0, 0, 0, 0, 0, 0, 0, 0, 0, 0, 0, 0, 0, 0, 0, 0, 0, 0, 0, 0, -8, -8, -5, -4, -3, 1, -1, 7, 0, 13, 0, 19, 0, 24, -1, 29, -3, 32, -4, 34, -6, 35, -7, 34, -8, 32, -7, 29, -6, 25, -5, 20, -3, 15, 1, 9, 4, 4, 8, -1, 12, -7, 16, -12, 20, -15, 24, -18, 27, -20, 29, -21, -1, -1, 29, -19, 29, -17, 28, -14, 27, -11, 25, -8, 23, -5, 20, -2, 16, 0, 13, 2, 9, 4, 5, 5, 2, 7, -2, 8, -4, 8, -7, 8, -10, 7, -11, 7, -12, 6, -13, 6, -13, 5, -13, 4, -12, 5, -12, 4, -11, 4, -11, 4, -11, 4, -20, 0, -18, -5, 0, 0, -1, -1, -1, -1, 0, 0, 0, 0, 0, 0, -1, -1, -9, 26, -15, 25, -14, 6, -14, 7, -14, 9, -14, 9, -16, 11, -16, 11, -17, 11, -17, 11, -18, 11, -18, 9, -18, 7, -17, 5, -16, 2, -14, 0, -12, -4, -10, -7, -7, -9, -3, -13, 0, -16, 4, -18, 8, -21, 12, -23, 16, -24, 19, -25, 23, -25, 26, -24]"
rx1,2026-05-02 20:42:22.672,-45,"[97, -112, 5, 0, 18, 25, 15, 20, 13, 15, 9, 9, 6, 3, 2, -2, -1, -8, -3, -13, -6, -18, -8, -22, -10, -25, -10, -27, -11, -29, -11, -29, -10, -27, -9, -26, -7, -22, -6, -19, -5, -15, -4, -10, -3, -6, -3, -2, -3, 3, -4, 6, -5, 9, 0, 0, 0, 0, 0, 0, 0, 0, 0, 0, 0, 0, 0, 0, 0, 0, 0, 0, 0, 0, 0, 0, 1, 3, -5, 0, -10, -4, -15, -8, -20, -12, -24, -16, -27, -19, -29, -22, -30, -24, -30, -26, -28, -26, -24, -24, -21, -22, -18, -18, -14, -13, -9, -8, -4, -2, 0, 3, 5, 9, 10, 14, 13, 18, 18, 23, 20, 27, 22, 30, 23, 32, 24, 31, -1, -1, 24, 25, 21, 24, 18, 23, 15, 21, 12, 19, 9, 17, 5, 14, 2, 11, 0, 9, -4, 6, -7, 4, -9, 2, -11, 0, -12, -1, -13, -2, -14, -3, -15, -3, -14, -4, -14, -3, -14, -4, -13, -3, -13, -2, -12, -2, -12, -1, -11, -1, -11, -1, -15, -12, -12, -14, 0, 0, -1, -1, -1, -1, 0, 0, 0, 0, 0, 0, -1, -1, -24, -18, -20, -22, -8, -12, -9, -14, -11, -17, -11, -19, -12, -22, -12, -24, -11, -26, -10, -27, -9, -29, -6, -28, -4, -27, -1, -26, 2, -23, 5, -20, 8, -16, 11, -13, 14, -8, 17, -5, 19, 0, 22, 4, 24, 8, 27, 12, 27, 16, 28, 20, 28, 22, 28, 24]"
rx1,2026-05-02 20:42:22.875,-45,"[97, -112, 5, 0, -22, -9, -20, -7, -19, -3, -18, -1, -18, 2, -18, 5, -18, 7, -19, 9, -20, 9, -21, 10, -22, 10, -23, 10, -22, 9, -22, 9, -21, 8, -20, 7, -18, 6, -16, 6, -15, 6, -13, 6, -12, 6, -11, 7, -10, 7, -10, 8, -10, 8, 0, 0, 0, 0, 0, 0, 0, 0, 0, 0, 0, 0, 0, 0, 0, 0, 0, 0, 0, 0, 0, 0, -8, -8, -12, -10, -14, -13, -16, -16, -17, -20, -17, -23, -16, -26, -14, -28, -11, -29, -9, -29, -7, -26, -6, -23, -5, -20, -7, -16, -9, -13, -12, -10, -15, -7, -19, -6, -22, -6, -25, -5, -28, -6, -30, -7, -31, -9, -32, -11, -30, -12, -28, -12, -1, -1, -46, -26, -43, -28, -35, -27, -31, -27, -25, -24, -21, -22, -17, -20, -14, -17, -11, -14, -8, -12, -7, -8, -5, -6, -3, -3, -2, 0, 0, 3, 1, 7, 2, 9, 1, 12, 1, 15, -1, 18, -2, 20, -4, 21, -7, 23, -9, 23, -12, 24, -15, 22, -19, 26, -24, 18, 0, 0, -1, -1, -1, -1, 0, 0, 0, 0, 0, 0, -1, -1, 9, -41, 18, -38, 6, -25, 5, -23, 6, -23, 4, -22, 6, -22, 6, -22, 8, -19, 9, -17, 9, -13, 10, -10, 8, -4, 6, 1, 2, 5, -3, 10, -10, 13, -17, 17, -24, 17, -31, 18, -36, 15, -44, 12, -49, 9, -53, 4, -58, -1, -57, -7, -57, -13, -53, -19]"
rx1,2026-05-02 20:42:23.476,-44,"[97, -112, 5, 0, -23, -26, -20, -24, -18, -21, -16, -18, -13, -13, -12, -8, -11, -3, -11, 2, -10, 6, -11, 11, -13, 15, -15, 18, -16, 20, -18, 21, -20, 20, -21, 19, -21, 17, -21, 14, -19, 11, -17, 8, -14, 6, -10, 5, -7, 4, -3, 4, 0, 5, 0, 0, 0, 0, 0, 0, 0, 0, 0, 0, 0, 0, 0, 0, 0, 0, 0, 0, 0, 0, 0, 0, 4, 4, 4, 0, 5, -5, 7, -10, 9, -14, 12, -18, 16, -21, 20, -22, 23, -23, 26, -22, 27, -21, 27, -19, 26, -16, 23, -15, 20, -12, 15, -11, 10, -10, 4, -10, -2, -11, -7, -12, -13, -13, -18, -15, -22, -18, -25, -20, -27, -23, -27, -25, -1, -1, -53, -45, -49, -47, -42, -48, -36, -49, -29, -46, -22, -44, -16, -39, -11, -34, -6, -29, -2, -23, 0, -17, 3, -10, 5, -5, 6, 0, 6, 4, 6, 9, 6, 11, 5, 14, 5, 16, 5, 17, 5, 17, 5, 19, 6, 20, 6, 21, 6, 23, 5, 24, 0, 39, -10, 36, -1, -1, -1, -1, -1, -1, -1, -1, 0, 0, 0, 0, 0, 0, 40, -31, 48, -22, 30, -2, 31, -2, 32, -3, 33, -3, 35, -2, 37, -2, 37, 0, 38, 2, 38, 5, 36, 9, 32, 12, 28, 15, 21, 17, 14, 18, 7, 19, -2, 19, -11, 17, -20, 16, -28, 11, -36, 7, -44, 1, -50, -4, -57, -12, -59, -19, -61, -27, -61, -34]"
rx1,2026-05-02 20:42:23.676,-45,"[97, -112, 5, 0, -29, -10, -26, -9, -23, -7, -21, -5, -19, -1, -18, 1, -18, 5, -19, 8, -19, 9, -20, 12, -22, 13, -23, 13, -24, 12, -25, 12, -25, 10, -24, 8, -23, 6, -22, 5, -19, 4, -17, 3, -15, 3, -12, 3, -11, 4, -10, 5, -10, 7, 0, 0, 0, 0, 0, 0, 0, 0, 0, 0, 0, 0, 0, 0, 0, 0, 0, 0, 0, 0, 0, 0, -6, -9, -8, -9, -12, -9, -15, -10, -18, -12, -21, -14, -22, -18, -22, -21, -22, -24, -20, -26, -17, -26, -15, -26, -13, -24, -11, -21, -11, -18, -12, -14, -14, -10, -16, -7, -19, -4, -22, -2, -26, -1, -29, -1, -33, -1, -34, -3, -35, -6, -35, -8, -1, -1, -32, -7, -30, -10, -27, -12, -24, -13, -21, -14, -18, -14, -15, -13, -12, -12, -10, -11, -8, -10, -6, -8, -5, -7, -3, -5, -2, -4, -1, -2, 0, -1, 0, 1, 0, 3, 1, 4, 1, 6, 0, 7, 0, 9, -1, 10, -2, 11, -4, 12, -6, 12, -7, 17, -11, 13, 0, 0, -1, -1, -1, -1, 0, 0, 0, 0, 0, 0, -1, -1, -8, -21, -3, -24, -1, -16, 0, -16, 0, -15, 1, -15, 1, -14, 1, -13, 2, -13, 3, -12, 4, -11, 5, -9, 5, -7, 5, -4, 4, -1, 3, 2, 1, 5, -2, 8, -5, 10, -9, 12, -12, 13, -16, 14, -20, 13, -24, 12, -28, 10, -30, 7, -33, 3, -34, -1]"
rx1,2026-05-02 20:42:23.874,-49,"[97, -112, 5, 0, 26, 22, 26, 22, 26, 21, 24, 19, 21, 17, 17, 13, 13, 10, 9, 6, 4, 2, -1, -2, -6, -5, -10, -9, -15, -13, -17, -16, -19, -18, -20, -21, -20, -22, -19, -23, -17, -22, -15, -20, -12, -18, -10, -15, -7, -12, -5, -8, -2, -4, 0, 0, 0, 0, 0, 0, 0, 0, 0, 0, 0, 0, 0, 0, 0, 0, 0, 0, 0, 0, 0, 0, 18, 10, 14, 9, 10, 7, 7, 4, 2, 0, -2, -3, -7, -7, -11, -11, -16, -14, -19, -18, -22, -21, -24, -23, -25, -24, -25, -24, -24, -23, -23, -21, -20, -18, -17, -15, -14, -11, -9, -7, -4, -2, 1, 2, 6, 6, 12, 10, 17, 14, 21, 16, -1, -1, 49, 38, 48, 41, 45, 42, 43, 42, 38, 42, 32, 40, 27, 38, 20, 35, 14, 33, 6, 28, -1, 24, -8, 20, -15, 16, -22, 12, -27, 8, -31, 3, -35, -1, -36, -5, -37, -8, -37, -10, -34, -12, -33, -12, -30, -12, -27, -12, -24, -12, -20, -11, -33, -19, -27, -25, -1, -1, -1, -1, -1, -1, -1, -1, 0, 0, 0, 0, 0, 0, -33, -32, -28, -38, 6, -12, 5, -15, 4, -17, 3, -21, 1, -25, 0, -29, -1, -33, -2, -37, -4, -40, -4, -42, -4, -43, -3, -43, -2, -42, -1, -40, 1, -36, 4, -33, 6, -28, 11, -22, 15, -17, 19, -9, 25, -3, 30, 3, 35, 11, 39, 17, 44, 23, 47, 29]"
rx1,2026-05-02 20:42:24.075,-43,"[97, -112, 5, 0, 33, 11, 31, 8, 25, 6, 21, 5, 15, 4, 10, 6, 4, 8, 0, 11, -2, 15, -5, 19, -6, 24, -7, 27, -6, 31, -5, 32, -3, 33, -2, 32, -1, 29, 0, 26, 0, 21, 0, 17, -2, 12, -4, 8, -6, 4, -8, 0, -11, -3, 0, 0, 0, 0, 0, 0, 0, 0, 0, 0, 0, 0, 0, 0, 0, 0, 0, 0, 0, 0, 0, 0, -7, -13, -3, -11, 1, -10, 6, -9, 10, -9, 15, -10, 19, -11, 22, -14, 25, -16, 26, -18, 26, -21, 26, -21, 24, -22, 20, -21, 18, -19, 14, -16, 12, -12, 11, -7, 11, -2, 12, 4, 14, 9, 18, 12, 22, 16, 26, 18, 30, 18, 33, 17, -1, -1, 33, 12, 32, 11, 31, 11, 28, 10, 26, 10, 22, 10, 19, 11, 16, 12, 14, 14, 12, 16, 10, 19, 10, 21, 9, 24, 9, 26, 9, 27, 9, 28, 8, 27, 8, 27, 7, 25, 6, 23, 5, 21, 3, 18, 1, 16, -1, 14, -4, 12, -6, 10, -4, 23, -8, 22, 0, 0, -1, -1, -1, -1, 0, 0, 0, 0, 0, 0, 0, -1, 17, -17, 19, -16, 7, -13, 10, -12, 12, -11, 15, -10, 17, -10, 21, -10, 23, -10, 25, -11, 27, -11, 28, -12, 28, -12, 28, -12, 27, -11, 26, -11, 25, -9, 23, -8, 22, -5, 21, -3, 22, 0, 22, 3, 24, 6, 26, 8, 27, 10, 30, 12, 32, 13, 34, 13]"
rx1,2026-05-02 20:42:24.282,-43,"[97, -112, 5, 0, 39, -2, 40, -3, 40, -5, 38, -6, 34, -7, 30, -7, 25, -7, 19, -5, 14, -3, 7, 0, 2, 5, -4, 9, -8, 14, -11, 19, -15, 22, -17, 25, -18, 27, -19, 28, -19, 27, -17, 26, -16, 23, -14, 21, -12, 17, -10, 13, -9, 8, 0, 0, 0, 0, 0, 0, 0, 0, 0, 0, 0, 0, 0, 0, 0, 0, 0, 0, 0, 0, 0, 0, -13, 22, -12, 19, -11, 14, -9, 10, -8, 5, -8, -1, -7, -7, -8, -14, -8, -20, -9, -25, -11, -29, -13, -33, -14, -34, -16, -35, -17, -33, -18, -32, -18, -28, -17, -25, -14, -19, -10, -15, -6, -11, 1, -8, 7, -4, 14, -2, 21, 0, 27, 0, -1, -1, 32, -3, 34, -3, 34, -2, 34, -2, 33, -2, 30, -2, 28, -1, 25, 0, 22, 1, 19, 3, 15, 5, 12, 8, 9, 11, 7, 14, 4, 17, 2, 19, -1, 21, -2, 23, -4, 23, -5, 23, -5, 22, -6, 21, -6, 20, -6, 18, -7, 15, -7, 12, -8, 17, -10, 14, -1, -1, -1, -1, -1, -1, -1, -1, 0, 0, 0, 0, 0, 0, -14, -21, -11, -23, -10, -2, -8, -4, -7, -6, -6, -9, -4, -12, -2, -15, -2, -18, 0, -21, 0, -24, 1, -26, 1, -27, 2, -29, 2, -29, 1, -29, 1, -28, 1, -27, 2, -24, 3, -22, 5, -19, 7, -17, 9, -14, 13, -12, 17, -9, 20, -7, 24, -5, 28, -4]"
rx1,2026-05-02 20:42:24.483,-47,"[97, -112, 5, 0, 3, 25, 4, 27, 6, 29, 7, 29, 8, 28, 9, 26, 10, 22, 9, 19, 8, 15, 5, 10, 2, 6, -1, 2, -5, -2, -9, -5, -13, -8, -16, -10, -18, -11, -21, -11, -22, -11, -22, -10, -21, -9, -20, -8, -17, -6, -15, -5, -12, -3, 0, 0, 0, 0, 0, 0, 0, 0, 0, 0, 0, 0, 0, 0, 0, 0, 0, 0, 0, 0, 0, 0, -23, -8, -23, -8, -22, -9, -20, -9, -18, -9, -14, -8, -11, -8, -6, -8, 0, -9, 5, -10, 10, -11, 15, -12, 19, -14, 21, -16, 23, -17, 23, -18, 22, -19, 22, -20, 19, -19, 17, -17, 14, -15, 11, -11, 8, -6, 6, -1, 4, 5, 4, 10, -1, -1, 9, 34, 8, 40, 8, 41, 9, 43, 8, 43, 9, 42, 9, 40, 8, 36, 7, 33, 5, 28, 1, 23, -2, 19, -7, 15, -11, 11, -16, 7, -21, 3, -25, 1, -27, -1, -30, -3, -31, -4, -31, -5, -31, -5, -30, -5, -27, -4, -25, -4, -21, -4, -20, -6, -17, -9, -1, -1, -1, -1, -1, -1, -1, -1, 0, 0, 0, 0, 0, 0, 12, -17, 15, -16, -14, -15, -13, -14, -11, -15, -9, -13, -6, -12, -2, -11, 2, -10, 8, -10, 13, -10, 19, -9, 24, -9, 28, -9, 32, -9, 34, -10, 35, -10, 36, -11, 34, -11, 34, -11, 30, -9, 28, -7, 24, -4, 22, 0, 18, 6, 15, 12, 13, 18, 11, 24]"
rx1,2026-05-02 20:42:24.880,-46,"[97, -112, 5, 0, 29, -16, 24, -14, 19, -12, 14, -8, 8, -5, 4, 0, -1, 5, -5, 10, -7, 15, -9, 20, -11, 24, -12, 28, -11, 30, -11, 32, -11, 31, -10, 29, -9, 27, -8, 23, -6, 18, -5, 12, -4, 6, -3, 1, -1, -4, 0, -9, 1, -13, 0, 0, 0, 0, 0, 0, 0, 0, 0, 0, 0, 0, 0, 0, 0, 0, 0, 0, 0, 0, 0, 0, 5, 9, 1, 5, -5, 1, -10, -3, -15, -7, -20, -11, -25, -13, -30, -16, -33, -17, -35, -18, -35, -18, -34, -17, -31, -15, -28, -13, -23, -11, -18, -8, -11, -7, -4, -6, 4, -5, 11, -6, 17, -7, 23, -9, 29, -10, 33, -13, 35, -14, 35, -17, -1, -1, 31, -17, 30, -17, 27, -14, 26, -12, 23, -9, 20, -6, 18, -3, 16, 1, 14, 4, 13, 8, 11, 11, 11, 14, 10, 17, 10, 19, 9, 21, 8, 22, 8, 23, 7, 22, 6, 21, 6, 20, 4, 17, 4, 16, 3, 13, 2, 11, 1, 8, 0, 6, -5, 24, -10, 21, -1, -1, -1, -1, -1, -1, -1, -1, -1, -1, 0, 0, 0, 0, -29, -12, -28, -17, -10, -6, -11, -9, -14, -12, -14, -15, -16, -19, -18, -21, -19, -23, -19, -25, -20, -26, -19, -28, -18, -27, -15, -27, -13, -26, -10, -25, -7, -23, -3, -22, 1, -20, 6, -20, 10, -19, 14, -19, 18, -19, 22, -20, 26, -19, 28, -20, 31, -20, 33, -20]"
rx1,2026-05-02 20:42:25.080,-46,"[97, -112, 5, 0, 26, -17, 22, -15, 17, -13, 12, -9, 7, -5, 1, -1, -3, 3, -8, 8, -11, 13, -14, 17, -17, 20, -19, 23, -20, 25, -20, 27, -20, 26, -20, 24, -18, 22, -15, 18, -13, 14, -9, 10, -6, 6, -3, 2, 1, -2, 5, -5, 8, -8, 0, 0, 0, 0, 0, 0, 0, 0, 0, 0, 0, 0, 0, 0, 0, 0, 0, 0, 0, 0, 0, 0, 9, 1, 3, 2, -4, 2, -10, 1, -16, 1, -23, 1, -28, 1, -33, 0, -36, 0, -38, 0, -38, 1, -36, 0, -33, 0, -29, 0, -23, 0, -18, 0, -11, -1, -4, -3, 3, -4, 10, -7, 16, -9, 21, -12, 26, -14, 30, -16, 31, -18, 32, -20, -1, -1, 28, -20, 27, -18, 25, -16, 23, -14, 21, -11, 19, -7, 17, -4, 14, -1, 12, 2, 10, 6, 9, 9, 7, 12, 6, 15, 6, 17, 4, 19, 4, 20, 3, 21, 2, 21, 2, 20, 1, 19, 1, 18, 1, 16, 1, 14, 1, 12, 1, 10, 1, 8, -10, 22, -15, 19, 0, 0, -1, -1, -1, -1, 0, 0, 0, 0, 0, 0, -1, -1, -30, 4, -31, -1, -11, -2, -14, -4, -16, -5, -19, -7, -22, -9, -24, -11, -25, -12, -26, -14, -27, -14, -27, -16, -25, -17, -23, -17, -20, -18, -16, -18, -12, -18, -9, -18, -4, -18, 1, -18, 5, -20, 10, -20, 14, -21, 18, -22, 21, -22, 24, -23, 26, -23, 28, -23]"
rx1,2026-05-02 20:42:25.283,-45,"[97, -112, 5, 0, -12, 29, -10, 25, -7, 21, -6, 15, -4, 9, -3, 2, -2, -4, -2, -10, -3, -16, -4, -21, -5, -25, -6, -29, -8, -30, -9, -32, -9, -31, -9, -29, -8, -27, -7, -23, -6, -19, -4, -14, -3, -9, -1, -4, 0, 1, 1, 6, 3, 10, 0, 0, 0, 0, 0, 0, 0, 0, 0, 0, 0, 0, 0, 0, 0, 0, 0, 0, 0, 0, 0, 0, -12, -1, -6, -2, 0, -4, 6, -5, 13, -7, 19, -9, 24, -11, 29, -12, 32, -14, 34, -15, 35, -15, 33, -15, 31, -14, 27, -13, 22, -11, 17, -9, 11, -5, 6, -1, 1, 4, -4, 10, -8, 14, -11, 21, -15, 25, -16, 29, -16, 32, -16, 34, -1, -1, -7, 33, -8, 32, -8, 29, -8, 26, -8, 23, -8, 19, -8, 16, -9, 12, -9, 8, -11, 5, -13, 1, -14, -1, -16, -4, -17, -6, -18, -7, -18, -8, -19, -9, -18, -9, -18, -8, -17, -8, -16, -8, -15, -6, -13, -6, -11, -5, -10, -4, -8, -3, -17, -18, -11, -21, 0, 0, -1, -1, -1, -1, 0, 0, 0, 0, 0, 0, -1, -1, 22, -21, 26, -18, 8, -8, 11, -7, 15, -6, 19, -6, 22, -5, 25, -5, 28, -4, 30, -4, 32, -3, 33, -1, 32, 1, 31, 2, 28, 4, 26, 5, 23, 7, 20, 8, 15, 11, 13, 14, 9, 16, 6, 20, 3, 22, 2, 26, -2, 29, -4, 32, -6, 33, -7, 34]"
rx1,2026-05-02 20:42:25.480,-45,"[97, -112, 5, 0, 25, -18, 22, -16, 18, -14, 13, -11, 8, -8, 3, -4, -2, 0, -6, 4, -10, 8, -14, 12, -17, 15, -19, 18, -21, 19, -22, 22, -22, 21, -22, 20, -20, 18, -18, 15, -15, 12, -11, 9, -8, 6, -4, 3, 0, 0, 4, -2, 8, -4, 0, 0, 0, 0, 0, 0, 0, 0, 0, 0, 0, 0, 0, 0, 0, 0, 0, 0, 0, 0, 0, 0, 11, -5, 5, -2, 0, 0, -6, 3, -12, 5, -18, 7, -23, 9, -28, 10, -32, 11, -34, 12, -35, 12, -34, 11, -32, 10, -29, 8, -24, 7, -19, 6, -13, 4, -6, 1, 0, -2, 6, -6, 12, -8, 17, -12, 23, -14, 26, -17, 28, -19, 29, -21, -1, -1, 26, -21, 26, -19, 24, -17, 23, -14, 21, -12, 18, -8, 16, -5, 14, -2, 12, 1, 10, 4, 8, 7, 6, 10, 4, 13, 3, 15, 2, 17, 1, 18, 0, 19, -1, 19, -1, 18, -2, 18, -2, 16, -2, 15, -1, 13, -1, 11, 0, 10, 0, 9, -12, 19, -15, 15, 0, 0, 0, 0, -1, -1, 0, 0, 0, 0, -1, -1, -1, -1, -27, 13, -30, 8, -10, -1, -13, -2, -16, -2, -19, -3, -21, -3, -23, -4, -25, -5, -27, -6, -28, -7, -28, -8, -27, -9, -25, -10, -23, -12, -19, -13, -16, -14, -11, -15, -7, -15, -3, -17, 1, -18, 6, -20, 10, -21, 14, -22, 18, -23, 20, -24, 23, -24, 25, -24]"
rx1,2026-05-02 20:42:25.679,-46,"[97, -112, 5, 0, -16, 30, -14, 27, -11, 23, -8, 18, -6, 12, -3, 6, 0, -1, 2, -6, 3, -13, 4, -18, 5, -23, 6, -26, 7, -29, 8, -32, 8, -31, 8, -30, 8, -28, 8, -24, 6, -20, 5, -16, 3, -11, 1, -6, -1, -1, -3, 3, -6, 7, 0, 0, 0, 0, 0, 0, 0, 0, 0, 0, 0, 0, 0, 0, 0, 0, 0, 0, 0, 0, 0, 0, -9, 12, -6, 6, -2, 1, 2, -4, 7, -10, 11, -15, 16, -19, 19, -24, 23, -27, 24, -29, 26, -30, 26, -29, 24, -28, 22, -25, 18, -21, 15, -18, 10, -12, 6, -7, 1, -1, -3, 6, -7, 11, -10, 18, -14, 23, -15, 28, -17, 31, -17, 34, -1, -1, -17, 31, -19, 29, -18, 26, -18, 23, -17, 19, -16, 15, -16, 11, -15, 7, -14, 3, -14, -2, -13, -5, -13, -9, -13, -12, -13, -15, -12, -18, -11, -19, -11, -21, -9, -21, -8, -20, -8, -19, -7, -18, -6, -16, -6, -15, -5, -13, -4, -11, -4, -9, 3, -24, 8, -21, 0, 0, 0, -1, 0, -1, 0, 0, 0, 0, 0, 0, -1, -1, 24, -21, 27, -17, 10, -1, 12, -2, 15, -2, 17, -3, 20, -4, 22, -5, 24, -5, 26, -5, 27, -4, 27, -3, 27, -3, 25, -1, 23, 1, 21, 3, 17, 5, 14, 8, 10, 10, 8, 14, 4, 17, 0, 20, -3, 23, -6, 27, -9, 29, -11, 31, -14, 32, -16, 33]"
rx1,2026-05-02 20:42:26.081,-48,"[97, -112, 5, 0, -19, 27, -17, 24, -14, 21, -10, 16, -7, 11, -3, 6, 0, 1, 3, -4, 6, -9, 8, -14, 10, -18, 12, -22, 12, -24, 14, -26, 13, -26, 14, -25, 13, -23, 11, -21, 10, -18, 7, -14, 5, -11, 2, -7, -1, -3, -5, 0, -8, 2, 0, 0, 0, 0, 0, 0, 0, 0, 0, 0, 0, 0, 0, 0, 0, 0, 0, 0, 0, 0, 0, 0, -9, 16, -6, 9, -3, 3, 1, -3, 5, -9, 9, -15, 13, -20, 18, -25, 21, -28, 24, -31, 25, -31, 26, -31, 24, -29, 23, -26, 19, -22, 16, -19, 11, -13, 7, -8, 2, -2, -3, 4, -7, 9, -11, 15, -15, 20, -17, 24, -20, 27, -20, 30, -1, -1, -37, 58, -38, 55, -37, 49, -36, 42, -34, 36, -32, 28, -29, 22, -27, 14, -25, 7, -23, -1, -20, -7, -19, -14, -18, -19, -17, -25, -15, -30, -14, -32, -13, -35, -11, -36, -11, -36, -10, -35, -9, -33, -9, -31, -9, -28, -8, -25, -9, -23, -8, -20, 9, -44, 16, -40, 0, 0, -1, -1, -1, -1, 0, 0, 0, 0, 0, 0, -1, -1, 39, -55, 50, -47, 20, -4, 25, -7, 31, -8, 36, -11, 40, -12, 45, -14, 48, -15, 54, -16, 56, -14, 57, -13, 56, -10, 54, -6, 50, -1, 46, 4, 40, 9, 33, 14, 25, 20, 18, 26, 10, 32, 4, 38, -3, 45, -11, 51, -16, 55, -22, 58, -28, 61, -33, 62]"
rx1,2026-05-02 20:42:26.283,-49,"[97, -112, 5, 0, 31, 3, 30, 2, 26, 0, 22, 0, 17, 0, 11, 0, 6, 2, 1, 3, -3, 6, -7, 9, -10, 12, -13, 15, -15, 18, -15, 20, -15, 21, -15, 21, -14, 21, -12, 19, -11, 16, -9, 13, -7, 10, -6, 6, -4, 2, -3, -2, -1, -6, 0, 0, 0, 0, 0, 0, 0, 0, 0, 0, 0, 0, 0, 0, 0, 0, 0, 0, 0, 0, 0, 0, -7, 22, -7, 16, -6, 10, -5, 3, -5, -4, -5, -11, -5, -18, -7, -25, -8, -30, -9, -34, -11, -37, -12, -38, -12, -37, -13, -35, -13, -31, -12, -27, -10, -21, -7, -16, -3, -11, 2, -6, 7, -2, 13, 2, 18, 4, 23, 6, 28, 7, 31, 6, -1, -1, 31, 4, 30, 5, 28, 5, 26, 5, 24, 5, 21, 5, 18, 6, 14, 7, 12, 8, 9, 10, 6, 12, 5, 14, 2, 16, 1, 18, 0, 20, -1, 20, -1, 21, -2, 21, -3, 20, -3, 19, -3, 17, -3, 15, -4, 13, -4, 11, -4, 9, -5, 6, -11, 17, -14, 13, -1, -1, -1, -1, -1, -1, -1, -1, 0, 0, 0, 0, 0, 0, -13, -30, -9, -32, -6, -6, -4, -9, -2, -12, 0, -15, 1, -19, 3, -22, 4, -25, 4, -28, 5, -30, 6, -32, 7, -32, 7, -31, 8, -29, 8, -27, 8, -25, 9, -22, 10, -18, 12, -15, 14, -11, 16, -8, 19, -6, 22, -4, 25, -1, 27, 1, 30, 3, 31, 4]"
rx1,2026-05-02 20:42:26.484,-52,"[97, -112, 5, 0, 20, 25, 20, 23, 19, 21, 18, 17, 15, 14, 12, 10, 8, 7, 4, 5, 0, 3, -5, 2, -9, 1, -13, 1, -16, 2, -19, 3, -20, 3, -21, 4, -21, 5, -20, 5, -17, 5, -15, 5, -13, 4, -10, 4, -7, 2, -4, 1, -2, -1, 0, 0, 0, 0, 0, 0, 0, 0, 0, 0, 0, 0, 0, 0, 0, 0, 0, 0, 0, 0, 0, 0, -28, 18, -24, 14, -19, 10, -14, 6, -9, 0, -4, -6, 1, -12, 7, -19, 10, -25, 14, -31, 15, -35, 16, -38, 16, -40, 15, -40, 13, -38, 10, -35, 8, -30, 6, -25, 5, -18, 5, -12, 5, -5, 6, 3, 8, 9, 11, 15, 13, 20, 16, 23, -1, -1, 19, 23, 18, 23, 17, 22, 16, 21, 14, 19, 13, 17, 10, 15, 8, 14, 5, 13, 2, 12, -1, 11, -3, 11, -6, 11, -8, 10, -9, 11, -11, 11, -12, 11, -12, 11, -13, 11, -12, 10, -11, 9, -11, 9, -10, 8, -9, 6, -8, 5, -7, 3, -13, 6, -13, 3, -1, -1, -1, -1, -1, -1, -1, -1, -1, -1, 0, 0, 0, 0, 7, -32, 12, -31, -5, -6, -2, -7, 1, -9, 4, -9, 9, -12, 12, -13, 16, -15, 19, -17, 22, -19, 24, -20, 25, -21, 26, -21, 26, -20, 25, -19, 24, -17, 22, -15, 20, -12, 19, -8, 18, -5, 17, 0, 17, 4, 17, 8, 18, 13, 18, 16, 18, 19, 19, 21]"
rx1,2026-05-02 20:42:26.684,-52,"[97, -112, 5, 0, -23, -7, -17, -5, -10, -3, -4, -3, 2, -3, 8, -4, 14, -6, 18, -8, 21, -11, 23, -13, 25, -16, 25, -18, 23, -19, 21, -20, 18, -19, 16, -18, 12, -16, 8, -13, 4, -9, 1, -6, -2, -1, -4, 2, -6, 6, -8, 9, -8, 12, 0, 0, 0, 0, 0, 0, 0, 0, 0, 0, 0, 0, 0, 0, 0, 0, 0, 0, 0, 0, 0, 0, 9, 7, 8, 12, 6, 16, 4, 20, 3, 24, 2, 27, 1, 30, 0, 32, 0, 33, -1, 33, -2, 30, -2, 27, -3, 22, -4, 17, -5, 11, -7, 5, -10, 0, -13, -5, -17, -9, -21, -13, -24, -15, -29, -16, -31, -18, -33, -18, -34, -17, -33, -14, -1, -1, -29, -6, -27, -5, -23, -5, -20, -5, -16, -6, -12, -7, -10, -8, -6, -10, -4, -11, -2, -13, -1, -14, 1, -17, 1, -18, 2, -19, 1, -20, 1, -20, 0, -20, 0, -19, -1, -18, -1, -16, -2, -14, -2, -12, -2, -10, -2, -8, -2, -6, -1, -4, 9, -18, 12, -15, -1, -1, -1, -1, -1, -1, -1, -1, -1, -1, 0, 0, 0, 0, 6, 21, 3, 22, 4, 15, 3, 17, 1, 19, -1, 21, -2, 24, -4, 25, -6, 27, -7, 27, -8, 28, -10, 27, -11, 25, -12, 23, -13, 20, -14, 17, -15, 13, -17, 10, -18, 7, -20, 4, -22, 1, -24, -1, -26, -3, -29, -4, -31, -5, -31, -6, -33, -6, -33, -7]"
rx1,2026-05-02 20:42:27.091,-49,"[97, -112, 5, 0, 5, -21, 7, -21, 9, -22, 9, -25, 9, -25, 8, -28, 7, -28, 5, -29, 3, -29, 1, -27, 0, -25, 0, -23, 1, -21, 3, -19, 5, -16, 8, -15, 11, -14, 14, -14, 16, -13, 18, -14, 19, -15, 19, -15, 19, -16, 18, -15, 17, -15, 0, 0, 0, 0, 0, 0, 0, 0, 0, 0, 0, 0, 0, 0, 0, 0, 0, 0, 0, 0, 0, 0, -4, -19, -4, -21, -4, -22, -5, -22, -6, -23, -6, -24, -7, -23, -7, -22, -6, -22, -5, -21, -3, -20, -1, -20, 1, -20, 2, -20, 4, -22, 4, -23, 4, -25, 4, -27, 2, -28, 0, -29, -1, -28, -3, -28, -3, -27, -4, -26, -3, -24, -2, -22, -1, -1, -3, -38, -2, -39, 1, -39, 3, -40, 4, -41, 4, -42, 3, -44, 2, -44, -1, -44, -2, -45, -3, -43, -4, -41, -4, -38, -2, -36, -1, -35, 2, -31, 6, -31, 9, -29, 13, -28, 15, -28, 17, -28, 19, -28, 20, -28, 20, -28, 20, -28, 21, -26, 10, -24, 12, -20, 0, 0, 0, 0, -1, -1, 0, 0, 0, 0, -1, -1, -1, -1, -20, -27, -18, -29, -13, -33, -12, -35, -12, -37, -12, -37, -12, -38, -13, -38, -14, -39, -13, -38, -12, -38, -11, -39, -9, -37, -7, -37, -5, -38, -3, -38, -2, -39, -2, -41, -2, -41, -3, -44, -4, -44, -6, -46, -7, -45, -9, -45, -10, -45, -10, -43, -9, -42, -8, -41]"
rx1,2026-05-02 20:42:27.289,-43,"[97, -112, 5, 0, -13, -10, -15, -6, -18, -4, -21, -2, -24, -1, -26, 0, -28, -1, -29, -1, -30, -1, -29, -2, -29, -3, -27, -3, -24, -4, -22, -4, -18, -3, -15, -1, -12, 1, -10, 3, -9, 6, -8, 9, -9, 11, -10, 13, -11, 14, -13, 14, -15, 13, 0, 0, 0, 0, 0, 0, 0, 0, 0, 0, 0, 0, 0, 0, 0, 0, 0, 0, 0, 0, 0, 0, 11, -22, 15, -22, 19, -23, 21, -21, 24, -20, 23, -17, 23, -15, 21, -13, 19, -10, 15, -10, 9, -10, 4, -11, 0, -13, -4, -17, -7, -19, -10, -23, -11, -25, -12, -30, -12, -31, -11, -33, -10, -34, -9, -33, -8, -32, -7, -29, -7, -26, -7, -22, -1, -1, -9, -15, -9, -14, -9, -12, -9, -11, -9, -10, -9, -9, -9, -8, -9, -8, -8, -7, -8, -6, -7, -5, -6, -4, -4, -3, -3, -2, -2, 0, -1, 2, -1, 3, 0, 6, -1, 8, -2, 10, -3, 11, -4, 13, -6, 13, -8, 13, -10, 12, -12, 11, -12, 6, -13, 2, 0, 0, -1, -1, -1, -1, 0, 0, 0, 0, 0, 0, -1, -1, 7, -3, 8, -1, 9, -11, 11, -10, 13, -9, 14, -8, 15, -7, 14, -5, 14, -3, 12, -1, 10, 1, 7, 1, 3, 2, 0, 1, -4, 0, -7, -2, -9, -4, -11, -7, -12, -9, -13, -11, -14, -13, -14, -15, -13, -16, -13, -18, -12, -18, -11, -18, -11, -18, -10, -17]"
rx1,2026-05-02 20:42:27.493,-45,"[97, -112, 5, 0, 26, -21, 22, -19, 18, -16, 14, -12, 11, -8, 9, -3, 7, 3, 6, 8, 7, 13, 8, 18, 10, 22, 12, 25, 13, 27, 15, 28, 16, 27, 15, 26, 14, 24, 12, 22, 10, 18, 7, 15, 4, 12, 0, 9, -3, 6, -7, 4, -11, 2, 0, 0, 0, 0, 0, 0, 0, 0, 0, 0, 0, 0, 0, 0, 0, 0, 0, 0, 0, 0, 0, 0, -10, 1, -8, -4, -8, -11, -8, -16, -8, -22, -10, -27, -11, -31, -13, -34, -14, -36, -17, -35, -18, -34, -18, -31, -17, -28, -16, -24, -12, -19, -8, -15, -4, -11, 3, -8, 9, -6, 15, -6, 20, -7, 26, -8, 30, -11, 33, -14, 34, -17, 35, -20, -1, -1, 29, -22, 28, -21, 26, -19, 24, -17, 22, -14, 20, -11, 19, -8, 18, -5, 18, -2, 18, 1, 19, 4, 20, 7, 21, 9, 22, 11, 22, 13, 22, 13, 22, 14, 21, 14, 19, 14, 17, 13, 15, 12, 13, 12, 10, 11, 7, 10, 4, 10, 2, 9, 11, 19, 7, 19, -1, -1, -1, -1, -1, -1, -1, -1, 0, 0, 0, 0, 0, 0, -19, -24, -16, -27, -11, -13, -10, -17, -8, -21, -7, -24, -7, -27, -7, -30, -6, -32, -6, -34, -6, -35, -6, -36, -5, -35, -4, -33, -3, -31, -1, -29, 1, -26, 4, -24, 6, -22, 10, -20, 13, -19, 17, -18, 20, -19, 23, -19, 26, -19, 28, -21, 30, -22, 31, -23]"
rx1,2026-05-02 20:42:27.688,-45,"[97, -112, 5, 0, -4, -35, -5, -31, -5, -26, -5, -21, -3, -15, 0, -10, 3, -6, 7, -2, 12, 0, 16, 2, 20, 2, 24, 3, 26, 2, 29, 0, 29, -1, 28, -2, 26, -2, 23, -3, 20, -3, 15, -3, 12, -2, 8, 0, 4, 1, 1, 3, -2, 6, 0, 0, 0, 0, 0, 0, 0, 0, 0, 0, 0, 0, 0, 0, 0, 0, 0, 0, 0, 0, 0, 0, -3, 13, -7, 9, -12, 5, -17, 2, -22, -1, -27, -4, -31, -5, -35, -5, -38, -4, -40, -4, -40, -3, -39, -2, -35, -1, -32, 1, -26, 0, -21, 0, -15, -2, -10, -5, -5, -9, 0, -14, 2, -19, 4, -25, 6, -29, 5, -34, 3, -37, 1, -40, -1, -1, -3, -37, -3, -36, -3, -33, -2, -31, -1, -27, 0, -24, 2, -21, 5, -19, 7, -17, 10, -15, 12, -13, 15, -13, 17, -13, 19, -12, 20, -13, 21, -12, 22, -12, 21, -11, 20, -11, 18, -10, 17, -8, 15, -7, 13, -5, 11, -4, 10, -2, 8, 0, 19, -2, 18, 1, -1, -1, -1, -1, -1, -1, -1, -1, 0, 0, 0, 0, 0, 0, -32, 3, -33, -1, -18, 4, -20, 1, -22, -2, -24, -5, -27, -8, -29, -10, -31, -12, -33, -13, -34, -14, -34, -15, -33, -15, -32, -16, -29, -16, -27, -16, -23, -16, -21, -16, -17, -17, -14, -19, -11, -21, -8, -24, -6, -27, -5, -30, -3, -32, -3, -35, -3, -37, -3, -39]"
rx1,2026-05-02 20:42:27.886,-45,"[97, -112, 5, 0, -6, -22, -3, -20, 1, -18, 4, -19, 7, -18, 9, -20, 11, -22, 12, -25, 11, -27, 10, -29, 8, -30, 7, -30, 5, -29, 4, -27, 4, -24, 3, -21, 4, -17, 6, -14, 8, -11, 9, -8, 12, -7, 14, -5, 16, -5, 17, -4, 19, -4, 0, 0, 0, 0, 0, 0, 0, 0, 0, 0, 0, 0, 0, 0, 0, 0, 0, 0, 0, 0, 0, 0, -11, -15, -10, -18, -11, -21, -11, -23, -13, -25, -15, -26, -16, -26, -17, -26, -18, -25, -18, -23, -16, -21, -15, -20, -12, -18, -9, -17, -6, -18, -3, -19, -1, -21, 1, -23, 1, -26, 0, -29, -1, -31, -3, -33, -5, -34, -8, -34, -9, -32, -10, -30, -1, -1, -11, -24, -10, -22, -8, -21, -6, -21, -4, -21, -2, -21, -1, -21, 0, -22, 0, -22, 0, -24, -1, -25, -1, -26, -1, -25, -2, -25, -3, -24, -2, -23, -1, -21, -1, -20, 1, -18, 2, -16, 3, -14, 5, -13, 6, -12, 8, -12, 9, -12, 10, -11, 5, -17, 6, -16, 0, 0, 0, 0, -1, -1, 0, 0, 0, 0, -1, -1, -1, -1, -19, -11, -18, -13, -14, -14, -13, -16, -13, -18, -14, -19, -14, -20, -15, -21, -16, -22, -16, -22, -17, -22, -16, -22, -16, -21, -14, -20, -13, -20, -11, -19, -10, -20, -9, -20, -8, -21, -7, -22, -7, -24, -7, -25, -8, -26, -9, -27, -10, -28, -11, -28, -12, -27, -12, -27]"
rx1,2026-05-02 20:42:28.289,-46,"[97, -112, 5, 0, -18, -22, -13, -16, -8, -8, -3, -2, 2, 5, 7, 11, 12, 17, 16, 23, 20, 27, 22, 30, 24, 33, 25, 34, 24, 34, 23, 33, 20, 29, 16, 26, 12, 21, 8, 15, 5, 8, 1, 2, -1, -5, -3, -11, -3, -17, -4, -22, -3, -27, 0, 0, 0, 0, 0, 0, 0, 0, 0, 0, 0, 0, 0, 0, 0, 0, 0, 0, 0, 0, 0, 0, 3, 5, 7, 10, 10, 14, 13, 19, 17, 23, 19, 26, 20, 29, 21, 31, 22, 31, 20, 31, 18, 28, 15, 24, 12, 20, 9, 14, 5, 7, 1, 0, -4, -7, -9, -13, -13, -19, -17, -24, -21, -29, -25, -32, -26, -35, -28, -37, -28, -37, -26, -35, -1, -1, -25, -26, -22, -25, -18, -22, -14, -21, -9, -18, -5, -15, -1, -12, 3, -9, 6, -8, 10, -6, 13, -4, 16, -2, 17, -1, 19, 0, 20, 0, 20, 0, 20, 0, 19, -1, 18, -2, 17, -3, 15, -4, 15, -5, 13, -5, 12, -6, 11, -6, 11, -7, 22, 16, 17, 20, -1, -1, -1, -1, -1, -1, -1, -1, 0, 0, 0, 0, 0, 0, 12, 21, 9, 23, 4, 15, 5, 17, 5, 19, 5, 22, 5, 25, 5, 26, 4, 28, 2, 27, 1, 28, -2, 26, -4, 24, -6, 21, -9, 17, -11, 13, -13, 8, -16, 5, -19, 0, -22, -4, -23, -9, -26, -13, -27, -16, -30, -19, -31, -22, -31, -25, -30, -27, -30, -28]"
rx1,2026-05-02 20:42:28.693,-45,"[97, -112, 5, 0, 34, -11, 33, -11, 31, -10, 29, -9, 24, -8, 20, -7, 15, -6, 9, -4, 3, -3, -3, -2, -8, -1, -14, 0, -18, 1, -23, 1, -26, 0, -27, -1, -28, -1, -27, -2, -26, -3, -23, -4, -19, -4, -16, -4, -12, -3, -8, -2, -4, -1, 0, 0, 0, 0, 0, 0, 0, 0, 0, 0, 0, 0, 0, 0, 0, 0, 0, 0, 0, 0, 0, 0, 12, -17, 10, -14, 7, -10, 4, -6, 0, -3, -5, 1, -10, 5, -16, 9, -20, 11, -25, 13, -28, 15, -30, 16, -32, 16, -32, 16, -30, 15, -28, 13, -24, 12, -20, 10, -15, 8, -9, 5, -3, 2, 4, -1, 10, -4, 16, -6, 21, -8, 27, -10, -1, -1, 29, -12, 31, -11, 30, -9, 30, -7, 28, -5, 26, -3, 23, -1, 20, 0, 16, 2, 13, 4, 9, 6, 6, 7, 2, 9, -1, 10, -5, 11, -8, 10, -10, 11, -12, 10, -13, 10, -14, 9, -13, 8, -13, 7, -13, 6, -12, 6, -11, 5, -9, 4, -16, 6, -16, 2, 0, 0, -1, -1, -1, -1, 0, 0, 0, 0, 0, 0, -1, -1, -22, 13, -25, 8, -7, -7, -8, -7, -10, -6, -12, -6, -14, -6, -15, -5, -17, -6, -19, -5, -21, -5, -22, -6, -22, -6, -21, -6, -20, -7, -19, -8, -17, -8, -14, -9, -11, -9, -8, -11, -4, -11, 0, -12, 4, -13, 9, -14, 14, -15, 18, -15, 22, -15, 25, -14]"
rx1,2026-05-02 20:42:28.890,-45,"[97, -112, 5, 0, -9, 25, -7, 21, -7, 14, -7, 8, -7, 2, -9, -3, -11, -10, -14, -14, -17, -17, -20, -20, -23, -22, -24, -23, -25, -23, -25, -23, -23, -21, -20, -19, -16, -17, -11, -15, -6, -12, -1, -9, 4, -7, 9, -5, 13, -3, 17, -2, 20, 0, 0, 0, 0, 0, 0, 0, 0, 0, 0, 0, 0, 0, 0, 0, 0, 0, 0, 0, 0, 0, 0, 0, -3, -1, 1, 1, 4, 3, 8, 5, 13, 6, 17, 6, 21, 6, 24, 5, 27, 4, 27, 2, 27, 0, 26, -1, 23, -2, 19, -3, 14, -2, 9, -1, 4, 1, -1, 4, -5, 8, -9, 13, -12, 17, -14, 22, -15, 26, -15, 30, -14, 32, -12, 33, -1, -1, -7, 30, -8, 29, -8, 25, -8, 22, -9, 18, -10, 15, -12, 12, -13, 8, -15, 6, -18, 4, -20, 2, -22, 0, -23, -1, -24, -2, -24, -2, -24, -3, -23, -3, -21, -4, -19, -3, -16, -3, -14, -3, -11, -3, -9, -4, -6, -4, -3, -5, -1, -5, -19, -13, -16, -15, -1, -1, -1, -1, -1, -1, -1, -1, 0, 0, 0, 0, 0, 0, 17, -3, 18, 0, 8, 0, 9, 2, 12, 4, 13, 5, 16, 7, 18, 7, 20, 8, 21, 9, 22, 9, 22, 10, 22, 9, 20, 10, 18, 10, 16, 11, 13, 11, 11, 12, 7, 13, 5, 15, 2, 17, 0, 20, -2, 22, -4, 26, -6, 28, -6, 30, -7, 32, -7, 32]"
rx1,2026-05-02 20:42:29.089,-44,"[97, -112, 5, 0, 32, 8, 28, 6, 23, 5, 18, 5, 13, 7, 9, 10, 4, 14, 1, 17, 1, 22, 0, 25, 0, 29, 1, 32, 1, 33, 3, 34, 3, 32, 3, 30, 3, 27, 1, 22, -1, 19, -4, 14, -7, 10, -10, 7, -13, 4, -17, 2, -19, 0, 0, 0, 0, 0, 0, 0, 0, 0, 0, 0, 0, 0, 0, 0, 0, 0, 0, 0, 0, 0, 0, 0, -3, -7, 1, -5, 5, -5, 10, -4, 14, -5, 18, -6, 22, -8, 25, -11, 26, -15, 27, -18, 24, -21, 22, -22, 19, -21, 16, -20, 13, -17, 10, -14, 8, -9, 8, -4, 9, 1, 12, 7, 15, 11, 20, 14, 24, 16, 29, 16, 33, 15, 35, 13, -1, -1, 33, 10, 32, 9, 30, 9, 27, 9, 24, 9, 21, 11, 19, 12, 16, 14, 15, 16, 14, 19, 13, 21, 13, 23, 13, 25, 13, 26, 13, 27, 12, 27, 11, 26, 10, 25, 8, 23, 6, 21, 4, 19, 1, 17, -1, 16, -4, 14, -6, 13, -9, 12, -2, 24, -6, 22, 0, 0, -1, -1, -1, -1, 0, 0, 0, 0, 0, 0, -1, -1, 16, -15, 18, -14, 8, -9, 11, -8, 13, -8, 16, -7, 19, -7, 21, -7, 24, -8, 25, -9, 27, -10, 27, -12, 27, -12, 26, -12, 25, -11, 23, -10, 22, -9, 21, -7, 20, -4, 20, -1, 21, 2, 22, 4, 24, 7, 26, 9, 28, 10, 31, 11, 33, 11, 34, 11]"
rx1,2026-05-02 20:42:29.291,-43,"[97, -112, 5, 0, -31, -9, -35, -9, -38, -9, -40, -6, -40, -4, -39, -2, -36, 1, -33, 2, -29, 2, -24, 1, -18, -2, -13, -5, -9, -10, -6, -15, -3, -20, -1, -25, -1, -29, -1, -32, -1, -33, -2, -34, -3, -32, -3, -31, -4, -28, -3, -24, -2, -20, 0, 0, 0, 0, 0, 0, 0, 0, 0, 0, 0, 0, 0, 0, 0, 0, 0, 0, 0, 0, 0, 0, 17, 21, 17, 21, 17, 20, 17, 18, 16, 16, 14, 15, 11, 13, 6, 12, 1, 12, -5, 13, -10, 14, -15, 16, -19, 19, -22, 22, -23, 26, -23, 29, -21, 31, -19, 33, -16, 31, -14, 31, -11, 27, -10, 23, -10, 18, -11, 12, -14, 6, -18, 1, -1, -1, -23, -1, -26, -2, -27, -3, -29, -3, -30, -2, -29, -2, -29, 0, -28, 0, -26, 0, -24, 0, -21, -1, -19, -2, -16, -5, -14, -7, -13, -10, -11, -13, -10, -16, -9, -19, -9, -20, -8, -22, -8, -22, -8, -22, -7, -21, -7, -20, -6, -18, -4, -17, -5, -15, -2, -15, 0, 0, 0, 0, -1, -1, 0, 0, 0, 0, -1, -1, -1, -1, -4, 11, -5, 12, 5, 15, 5, 15, 5, 15, 4, 14, 3, 13, 2, 12, 0, 12, -3, 11, -5, 11, -9, 11, -12, 12, -15, 13, -17, 14, -18, 15, -19, 17, -19, 18, -18, 19, -18, 19, -16, 19, -15, 19, -14, 17, -14, 15, -15, 12, -15, 9, -17, 6, -19, 3]"
rx1,2026-05-02 20:42:29.491,-44,"[97, -112, 5, 0, -22, 10, -18, 5, -14, 0, -12, -6, -11, -11, -12, -17, -13, -22, -16, -25, -20, -28, -23, -28, -26, -28, -27, -26, -28, -23, -28, -21, -24, -16, -20, -14, -15, -11, -10, -9, -4, -8, 1, -7, 7, -8, 11, -9, 15, -10, 18, -12, 20, -13, 0, 0, 0, 0, 0, 0, 0, 0, 0, 0, 0, 0, 0, 0, 0, 0, 0, 0, 0, 0, 0, 0, 3, 12, -1, 14, -4, 18, -7, 21, -9, 25, -9, 28, -10, 31, -9, 33, -8, 34, -8, 33, -7, 31, -6, 28, -6, 24, -7, 19, -9, 14, -12, 10, -15, 6, -21, 4, -25, 3, -31, 3, -34, 4, -38, 6, -39, 9, -40, 12, -38, 13, -35, 15, -1, -1, -25, 17, -23, 16, -21, 13, -20, 10, -19, 7, -18, 3, -19, 0, -19, -3, -20, -4, -23, -6, -24, -6, -26, -6, -26, -6, -27, -6, -27, -4, -25, -4, -24, -3, -21, -3, -18, -3, -15, -3, -12, -4, -9, -5, -6, -6, -4, -7, -2, -8, 0, -10, -19, -10, -17, -12, -1, -1, -1, -1, -1, -1, -1, -1, 0, 0, 0, 0, 0, 0, 5, 23, 3, 24, 2, 18, -1, 19, -3, 21, -5, 23, -7, 25, -8, 26, -9, 28, -9, 29, -9, 30, -10, 30, -9, 29, -10, 27, -10, 25, -11, 23, -13, 20, -14, 18, -16, 16, -19, 15, -21, 14, -25, 14, -27, 14, -28, 16, -29, 17, -30, 18, -30, 19, -29, 19]"
esp_id,timestamp,rssi,csi
rx1,2026-05-02 22:31:26.462,-75,"[97, -112, 5, 0, -4, 15, -1, 9, -5, 4, -5, -6, -4, -10, -5, -15, -7, -19, -11, -24, -12, -27, -12, -30, -12, -29, -13, -27, -13, -27, -9, -23, -9, -19, -8, -13, 0, -9, 2, -4, 3, 1, 4, 7, 5, 13, 6, 15, 5, 18, 5, 18, 6, 18, 0, 0, 0, 0, 0, 0, 0, 0, 0, 0, 0, 0, 0, 0, 0, 0, 0, 0, 0, 0, 0, 0, 4, -8, 10, -8, 15, -14, 17, -18, 18, -18, 20, -22, 23, -24, 21, -27, 21, -25, 21, -24, 19, -21, 15, -20, 12, -14, 9, -10, 5, -4, 2, 3, -1, 7, -3, 12, -6, 19, -9, 22, -9, 30, -5, 33, -9, 33, -6, 37, -5, 36, -5, 33, -1, -1, -3, 24, -6, 20, -4, 18, -7, 13, -8, 8, -9, 3, -9, 2, -12, -1, -11, -3, -14, -6, -13, -8, -16, -7, -16, -8, -15, -9, -15, -7, -13, -6, -11, -6, -12, -3, -8, -2, -8, -1, -4, 0, -4, 3, -4, 2, -3, 4, -3, 4, 0, 5, -2, -12, -2, -12, -1, -1, -1, -1, -1, -1, -1, -1, -1, -1, 0, 0, 0, 0, 9, -16, 11, -16, 11, -9, 14, -10, 16, -12, 19, -10, 19, -11, 22, -12, 24, -11, 22, -10, 23, -10, 24, -8, 22, -7, 19, -6, 18, 0, 16, 2, 14, 7, 11, 10, 8, 13, 7, 17, 5, 20, 1, 24, 1, 28, 0, 30, -1, 28, -3, 31, -1, 30, -3, 27]"
rx1,2026-05-02 22:31:26.500,-76,"[82, -96, 4, 0, -7, -18, -2, -12, 4, -4, 3, -2, 7, 3, 13, 12, 15, 14, 18, 16, 21, 19, 22, 21, 25, 17, 22, 19, 24, 17, 19, 13, 16, 12, 12, 9, 5, 4, -2, 2, -8, -2, -7, -5, -9, -6, -11, -11, -16, -12, -16, -16, -15, -15, 0, 0, 0, 0, 0, 0, 0, 0, 0, 0, 0, 0, 0, 0, 0, 0, 0, 0, 0, 0, 0, 0, -3, 8, -6, 12, -7, 16, -7, 20, -9, 24, -11, 28, -12, 30, -11, 32, -10, 34, -11, 31, -7, 28, -6, 25, -5, 15, -5, 11, -2, 6, -2, -3, -2, -10, -5, -15, -4, -19, -3, -22, -7, -30, -12, -33, -8, -35, -13, -37, -12, -35, -9, -32, -1, -1, -11, -22, -8, -19, -5, -17, -3, -14, -2, -11, 3, -10, 5, -7, 5, -5, 9, -5, 11, -3, 10, -1, 15, -1, 15, -1, 16, -2, 14, -3, 11, -4, 13, -1, 7, -4, 6, -6, 4, -7, 5, -4, 2, -6, 1, -7, -1, -6, -1, -7, -1, -7, 8, 5, 9, 9, 0, 0, 0, 0, -1, -1, 0, 0, 0, 0, -1, -1, -1, -1, -2, 19, -8, 19, -6, 13, -9, 15, -10, 16, -11, 18, -13, 19, -15, 19, -17, 22, -16, 22, -18, 21, -18, 17, -19, 16, -19, 15, -17, 6, -16, 3, -17, 0, -14, -3, -15, -9, -17, -13, -15, -16, -14, -19, -15, -21, -17, -25, -15, -23, -15, -28, -14, -27, -13, -27]"
rx1,2026-05-02 22:31:26.602,-75,"[97, -112, 5, 0, 14, -5, 6, -2, 2, 0, -2, 6, -4, 10, -7, 15, -13, 17, -11, 19, -12, 23, -15, 24, -14, 25, -13, 24, -13, 22, -12, 21, -10, 17, -7, 10, -6, 9, -2, 3, -1, -2, 1, -7, 3, -11, 5, -15, 7, -16, 10, -17, 10, -17, 0, 0, 0, 0, 0, 0, 0, 0, 0, 0, 0, 0, 0, 0, 0, 0, 0, 0, 0, 0, 0, 0, -9, -5, -12, -3, -16, -3, -23, -6, -24, -8, -27, -5, -30, -6, -33, -6, -31, -6, -30, -6, -28, -4, -23, -3, -17, -2, -11, -2, -4, -5, -1, -2, 6, -4, 13, -5, 19, -7, 22, -9, 26, -10, 30, -14, 29, -15, 30, -15, 29, -15, 27, -16, -1, -1, 18, -10, 18, -8, 14, -7, 11, -3, 11, 1, 9, 2, 7, 6, 6, 9, 3, 10, 4, 12, 2, 13, 4, 15, 4, 15, 3, 15, 2, 16, 1, 13, 3, 11, 1, 10, 2, 7, 3, 6, 2, 2, 2, 1, 2, -1, 1, -3, 3, -3, 3, -5, -3, 10, -7, 7, 0, 0, -1, -1, -1, -1, 0, 0, 0, 0, 0, 0, -1, -1, -19, -3, -19, -7, -12, -8, -13, -7, -16, -9, -19, -10, -19, -13, -19, -14, -20, -13, -21, -14, -18, -15, -18, -17, -14, -15, -9, -15, -8, -14, -6, -14, 1, -16, 3, -13, 7, -14, 12, -14, 16, -16, 17, -15, 21, -17, 22, -17, 23, -16, 23, -16, 24, -17, 23, -14]"
rx1,2026-05-02 22:31:26.798,-76,"[97, -112, 5, 0, -9, 10, -7, 4, -4, 1, -1, -5, 2, -13, 2, -16, 3, -19, 3, -25, 3, -27, 2, -29, 2, -29, 0, -26, 1, -27, 0, -25, 2, -20, 2, -11, 1, -8, 2, -3, 0, 2, 1, 9, -2, 12, -2, 15, -4, 21, -4, 19, -6, 19, 0, 0, 0, 0, 0, 0, 0, 0, 0, 0, 0, 0, 0, 0, 0, 0, 0, 0, 0, 0, 0, 0, 9, -3, 13, -4, 18, -5, 22, -7, 25, -9, 27, -11, 29, -10, 30, -10, 31, -13, 26, -13, 25, -11, 21, -8, 17, -7, 11, -7, 5, -2, 1, 1, -4, 5, -10, 10, -14, 15, -17, 19, -19, 22, -19, 22, -21, 26, -22, 27, -18, 25, -19, 24, -1, -1, -31, 31, -30, 24, -27, 20, -23, 12, -19, 0, -19, -7, -21, -10, -21, -16, -15, -21, -17, -24, -18, -26, -18, -31, -22, -28, -21, -27, -16, -29, -17, -26, -13, -23, -12, -17, -11, -14, -10, -7, -10, -8, -6, -1, -5, 3, -4, 3, -3, 7, -3, 10, 5, -15, 9, -16, -1, -1, -1, -1, -1, -1, -1, -1, 0, 0, 0, 0, 0, 0, 33, -5, 37, -1, 28, -1, 31, 2, 36, 4, 42, 4, 43, 6, 43, 3, 46, 6, 44, 8, 43, 9, 37, 13, 37, 11, 30, 16, 20, 22, 17, 20, 8, 29, 2, 26, -10, 32, -11, 37, -21, 41, -25, 42, -28, 45, -31, 47, -31, 46, -35, 49, -34, 44, -34, 40]"
rx1,2026-05-02 22:31:26.837,-76,"[82, -96, 4, 0, 8, 13, 3, 8, -2, 2, -5, 1, -11, -6, -15, -11, -16, -14, -25, -13, -26, -14, -28, -12, -28, -14, -27, -14, -27, -13, -23, -10, -16, -10, -13, -7, -6, -5, 0, -3, 4, -1, 8, 3, 12, 4, 13, 6, 17, 9, 16, 10, 16, 13, 0, 0, 0, 0, 0, 0, 0, 0, 0, 0, 0, 0, 0, 0, 0, 0, 0, 0, 0, 0, 0, 0, 2, -11, 1, -16, 3, -19, 2, -23, 2, -26, 2, -29, 2, -33, 0, -35, -1, -34, 1, -35, -1, -29, -1, -23, -1, -21, -2, -16, 2, -7, 1, 1, 3, 7, 7, 14, 7, 18, 12, 22, 12, 28, 15, 28, 16, 31, 17, 30, 17, 30, 15, 27, -1, -1, 13, 21, 9, 19, 6, 14, 4, 12, -1, 10, -3, 9, -4, 4, -8, 4, -12, 5, -15, 6, -16, 4, -15, 3, -15, 1, -18, 1, -16, 4, -13, 3, -13, 2, -10, 3, -9, 2, -6, 3, -3, 4, 0, 4, 1, 3, 2, 3, 0, 2, 2, 5, -10, -7, -4, -6, -1, -1, -1, -1, -1, -1, -1, -1, -1, -1, -1, 0, 0, 0, 0, -21, 3, -21, 3, -15, 3, -18, 6, -19, 8, -19, 8, -21, 9, -23, 11, -23, 11, -23, 12, -23, 11, -22, 14, -19, 12, -16, 12, -13, 12, -7, 14, -3, 15, 3, 15, 5, 18, 10, 15, 13, 17, 17, 17, 18, 19, 21, 20, 23, 17, 22, 16, 24, 16, 22]"
rx1,2026-05-02 22:31:27.605,-77,"[97, -112, 5, 0, 18, 0, 11, 1, 3, 1, -3, 4, -11, 6, -16, 10, -20, 12, -24, 12, -27, 14, -30, 14, -28, 16, -29, 16, -27, 13, -21, 14, -18, 10, -13, 5, -10, 4, -2, 2, 3, -3, 6, -6, 10, -8, 15, -11, 18, -10, 19, -11, 22, -7, 0, 0, 0, 0, 0, 0, 0, 0, 0, 0, 0, 0, 0, 0, 0, 0, 0, 0, 0, 0, 0, 0, -8, -7, -11, -9, -17, -13, -20, -15, -23, -18, -25, -20, -29, -19, -29, -18, -32, -20, -29, -17, -27, -14, -26, -13, -19, -12, -13, -11, -7, -8, 1, 0, 9, -3, 13, 3, 22, 2, 29, 0, 31, -1, 34, -1, 36, 0, 39, -4, 36, 0, 34, -5, -1, 0, 28, -1, 21, 0, 17, 1, 14, 4, 12, 4, 7, 8, 2, 8, -1, 11, -3, 14, -3, 13, -6, 17, -7, 16, -7, 15, -8, 17, -7, 17, -4, 15, -5, 10, -5, 11, -3, 9, -1, 6, 2, 4, 3, 3, 3, 1, 5, 1, 4, 0, 4, -1, -8, 4, -9, 0, -1, -1, -1, -1, -1, -1, -1, -1, 0, 0, 0, 0, 0, 0, -16, -10, -18, -12, -11, -12, -12, -15, -13, -16, -15, -19, -15, -20, -14, -22, -14, -22, -13, -21, -13, -25, -11, -22, -8, -20, -4, -20, -3, -18, 1, -19, 6, -16, 11, -13, 16, -10, 19, -8, 24, -10, 24, -9, 27, -9, 29, -7, 32, -4, 33, -6, 32, -5, 30, -2]"
rx1,2026-05-02 22:31:27.790,-76,"[97, -112, 5, 0, -5, 14, -3, 6, -4, 4, -4, -4, -3, -12, -4, -14, -6, -22, -8, -25, -10, -26, -10, -30, -10, -27, -10, -26, -10, -27, -9, -23, -7, -22, -8, -12, 0, -8, 0, -4, 3, 1, 3, 6, 3, 10, 5, 14, 5, 17, 7, 20, 7, 20, 0, 0, 0, 0, 0, 0, 0, 0, 0, 0, 0, 0, 0, 0, 0, 0, 0, 0, 0, 0, 0, 0, 6, -5, 12, -5, 15, -6, 20, -10, 21, -10, 25, -14, 29, -13, 27, -16, 28, -16, 24, -18, 24, -18, 21, -12, 17, -10, 12, -9, 4, -5, 0, 2, -3, 9, -7, 14, -8, 17, -10, 23, -10, 26, -14, 29, -13, 31, -13, 32, -11, 29, -12, 28, -1, -1, -10, 19, -10, 18, -9, 14, -8, 10, -11, 6, -11, 1, -12, 0, -11, -4, -12, -5, -14, -9, -15, -10, -14, -12, -15, -11, -16, -12, -14, -11, -12, -12, -13, -9, -9, -6, -7, -5, -4, -3, -3, -1, -3, -1, -2, 1, 1, 3, 0, 3, 2, 6, -1, -12, -1, -10, -1, -1, -1, -1, -1, -1, -1, -1, 0, 0, 0, 0, 0, 0, 14, -10, 18, -8, 12, -5, 15, -3, 18, -3, 20, -6, 22, -4, 22, -4, 23, -5, 24, -4, 25, -2, 21, -1, 21, 1, 20, 3, 17, 5, 12, 7, 8, 10, 5, 12, 3, 16, 1, 19, -2, 21, -4, 24, -5, 24, -6, 28, -7, 28, -9, 27, -9, 26, -7, 26]"
rx1,2026-05-02 22:31:27.971,-76,"[97, -112, 5, 0, 6, 16, 5, 7, -3, 4, -4, 0, -9, -6, -14, -10, -16, -11, -21, -15, -24, -17, -25, -15, -26, -16, -26, -16, -24, -15, -22, -15, -15, -13, -15, -10, -5, -7, 0, -3, 4, 0, 7, 3, 10, 7, 12, 7, 12, 13, 16, 13, 14, 15, 0, 0, 0, 0, 0, 0, 0, 0, 0, 0, 0, 0, 0, 0, 0, 0, 0, 0, 0, 0, 0, 0, 0, -12, -1, -14, 4, -17, 2, -22, 3, -25, 2, -31, 1, -30, 0, -33, 2, -35, -1, -33, -1, -29, 1, -25, 0, -20, 1, -14, 2, -7, 2, 1, 3, 5, 6, 13, 8, 19, 11, 23, 12, 27, 12, 30, 15, 31, 16, 32, 17, 28, 17, 25, -1, -1, 9, 19, 7, 19, 3, 15, 1, 14, -2, 11, -6, 7, -8, 6, -10, 4, -12, 4, -16, 3, -17, 3, -17, 2, -16, 1, -18, 0, -19, 2, -13, 1, -15, 1, -11, 1, -9, 2, -8, 1, -6, 3, -2, 2, 0, 3, -1, 4, 1, 3, 2, 5, -8, -9, -6, -8, 0, 0, 0, 0, -1, -1, 0, 0, 0, 0, -1, -1, -1, -1, 2, -18, 6, -20, 3, -15, 4, -17, 10, -19, 9, -19, 9, -20, 10, -22, 10, -21, 12, -22, 12, -22, 12, -19, 11, -16, 14, -13, 14, -9, 13, -4, 10, 1, 14, 4, 14, 7, 16, 13, 15, 15, 17, 19, 16, 19, 17, 23, 17, 23, 15, 26, 16, 23, 16, 23]"
rx1,2026-05-02 22:31:28.506,-77,"[97, -112, 5, 0, -13, 2, -11, 1, -5, 0, 3, -5, 10, -8, 12, -11, 16, -14, 16, -17, 18, -21, 20, -21, 20, -23, 20, -22, 16, -20, 14, -18, 13, -16, 8, -10, 8, -5, 3, -5, -2, 0, -4, 7, -10, 9, -14, 11, -16, 13, -15, 12, -18, 10, 0, 0, 0, 0, 0, 0, 0, 0, 0, 0, 0, 0, 0, 0, 0, 0, 0, 0, 0, 0, 0, 0, 10, 3, 12, 4, 17, 4, 20, 6, 25, 6, 28, 7, 32, 6, 31, 7, 32, 7, 28, 7, 26, 6, 23, 6, 17, 3, 10, 3, 4, 3, -1, 2, -9, 2, -14, 3, -19, 5, -25, 6, -29, 6, -32, 7, -33, 10, -34, 9, -29, 11, -31, 11, -1, -1, -23, 5, -20, 3, -18, 2, -14, -1, -10, -6, -7, -6, -4, -8, -4, -11, -1, -14, -1, -16, 1, -16, 2, -15, 0, -16, -1, -16, 2, -16, 2, -16, 2, -13, 1, -10, -1, -11, -1, -7, -1, -6, -4, -2, -6, -2, -5, 1, -5, 0, -5, 2, 8, -8, 8, -4, -1, -1, -1, -1, -1, -1, -1, -1, 0, 0, 0, 0, 0, 0, 15, 10, 15, 14, 11, 9, 11, 10, 14, 12, 15, 12, 16, 13, 17, 14, 17, 15, 17, 14, 15, 16, 13, 16, 10, 14, 9, 15, 3, 15, -1, 13, -5, 12, -9, 10, -12, 12, -16, 10, -19, 11, -22, 12, -26, 10, -26, 12, -28, 11, -29, 13, -28, 10, -28, 7]"
rx1,2026-05-02 22:31:28.612,-76,"[97, -112, 5, 0, -13, 4, -11, 0, -5, 1, 3, -6, 4, -8, 10, -14, 13, -17, 14, -19, 18, -22, 18, -24, 18, -24, 15, -25, 15, -22, 12, -20, 10, -17, 8, -9, 7, -8, 1, -3, -1, 1, -6, 7, -9, 11, -8, 11, -13, 16, -14, 14, -15, 15, 0, 0, 0, 0, 0, 0, 0, 0, 0, 0, 0, 0, 0, 0, 0, 0, 0, 0, 0, 0, 0, 0, 7, 4, 12, 5, 17, 7, 20, 9, 24, 8, 25, 10, 28, 14, 30, 13, 29, 11, 29, 10, 25, 9, 21, 8, 15, 7, 10, 6, 7, 5, 2, 4, -7, 1, -14, -1, -21, 3, -27, 7, -27, 3, -32, 3, -35, 8, -33, 10, -31, 6, -28, 8, -1, -1, -21, 6, -20, 5, -15, 4, -15, 0, -11, 0, -8, -3, -6, -7, -5, -10, -3, -13, -3, -13, 0, -15, 0, -15, -2, -15, -1, -16, -1, -15, -3, -15, -3, -11, -1, -11, -4, -8, -4, -8, -4, -3, -5, -1, -3, -1, -5, 2, -4, 3, -6, 2, 6, -11, 4, -6, -1, -1, -1, -1, -1, -1, -1, -1, 0, 0, 0, 0, 0, 0, 18, 0, 19, 6, 11, 6, 15, 7, 15, 10, 16, 12, 18, 13, 18, 16, 19, 16, 18, 15, 16, 17, 17, 17, 12, 18, 9, 17, 6, 15, 2, 14, -1, 13, -4, 13, -8, 14, -12, 11, -15, 13, -20, 13, -22, 12, -24, 11, -26, 12, -26, 15, -26, 11, -26, 10]"
rx1,2026-05-02 22:31:28.781,-76,"[97, -112, 5, 0, 10, 13, 5, 7, -2, 5, -7, 0, -10, -7, -17, -8, -21, -12, -22, -11, -27, -12, -29, -13, -31, -15, -29, -13, -28, -13, -23, -13, -19, -8, -16, -6, -9, -4, -3, -3, 4, 0, 9, 3, 11, 7, 15, 6, 14, 10, 19, 10, 18, 10, 0, 0, 0, 0, 0, 0, 0, 0, 0, 0, 0, 0, 0, 0, 0, 0, 0, 0, 0, 0, 0, 0, 0, -10, 0, -15, 3, -18, 1, -25, -1, -28, 0, -33, 0, -33, -2, -37, 0, -35, -3, -39, -2, -30, -1, -24, -2, -23, 2, -15, -1, -8, 5, 0, 6, 8, 10, 14, 8, 19, 12, 23, 14, 28, 18, 31, 20, 32, 21, 33, 18, 31, 19, 27, -1, -1, 11, 22, 7, 19, 3, 16, 3, 15, -4, 11, -6, 8, -9, 7, -11, 7, -14, 6, -15, 6, -19, 6, -20, 3, -20, 3, -19, 2, -19, 2, -17, 4, -15, 2, -12, 2, -10, 2, -7, 0, -3, 3, -2, 2, 1, 2, 1, 1, 1, 2, 2, 2, -7, -8, -4, -7, 0, 0, 0, 0, -1, -1, 0, 0, 0, 0, -1, -1, -1, -1, -1, -22, 4, -18, 4, -15, 6, -17, 8, -18, 8, -20, 8, -20, 9, -24, 12, -23, 11, -25, 13, -22, 13, -19, 16, -16, 13, -13, 12, -8, 14, -3, 12, 0, 16, 4, 17, 9, 16, 15, 15, 16, 18, 19, 16, 21, 18, 25, 20, 26, 19, 26, 16, 26, 19, 26]"
rx1,2026-05-02 22:31:29.118,-76,"[97, -112, 5, 0, -14, 5, -9, 2, -4, -1, 2, -5, 5, -10, 8, -16, 10, -21, 11, -23, 12, -26, 12, -28, 12, -27, 14, -27, 10, -27, 10, -23, 7, -18, 6, -9, 4, -9, 1, -2, -1, 0, -3, 7, -6, 14, -9, 15, -11, 18, -12, 16, -12, 17, 0, 0, 0, 0, 0, 0, 0, 0, 0, 0, 0, 0, 0, 0, 0, 0, 0, 0, 0, 0, 0, 0, 7, 1, 14, 4, 19, 4, 24, 3, 28, 4, 29, 3, 31, 5, 32, 0, 33, 3, 30, 2, 29, 2, 26, 2, 17, 1, 12, 4, 5, 3, -2, 1, -7, 3, -13, 5, -18, 8, -25, 12, -30, 13, -31, 15, -33, 15, -32, 18, -30, 17, -29, 15, -1, -1, -21, 12, -21, 8, -16, 6, -14, 0, -11, 3, -9, -3, -9, -5, -6, -9, -7, -12, -6, -15, -4, -15, -7, -16, -5, -15, -4, -17, -4, -15, -4, -14, -6, -13, -3, -11, -4, -10, -3, -6, -4, -3, -5, -1, -4, 1, -6, 1, -5, 3, -5, 4, 4, -8, 6, -6, 0, 0, 0, 0, -1, -1, 0, 0, 0, 0, -1, -1, -1, -1, 19, -3, 19, 2, 13, 4, 14, 5, 19, 7, 19, 6, 22, 10, 23, 9, 21, 10, 22, 11, 22, 12, 20, 13, 18, 13, 15, 14, 10, 14, 6, 15, 1, 15, -5, 14, -7, 15, -11, 15, -13, 16, -18, 19, -21, 20, -23, 20, -22, 16, -24, 20, -25, 19, -24, 16]"
rx1,2026-05-02 22:31:29.410,-76,"[97, -112, 5, 0, 3, 13, 1, 8, -2, 2, -5, -1, -6, -6, -10, -9, -14, -12, -16, -13, -19, -14, -20, -15, -21, -14, -21, -14, -20, -13, -14, -12, -13, -9, -9, -6, -6, -5, 0, -4, 3, 0, 7, 2, 7, 6, 10, 8, 10, 8, 13, 10, 13, 10, 0, 0, 0, 0, 0, 0, 0, 0, 0, 0, 0, 0, 0, 0, 0, 0, 0, 0, 0, 0, 0, 0, 2, -8, 5, -10, 5, -14, 5, -18, 6, -19, 6, -24, 5, -25, 6, -26, 6, -26, 4, -25, 3, -22, 2, -20, 0, -15, 2, -9, 1, -5, 4, 2, 3, 4, 4, 13, 4, 16, 4, 18, 6, 22, 8, 25, 9, 26, 9, 26, 9, 25, 8, 21, -1, -1, 11, 34, 8, 31, 0, 28, -2, 21, -7, 19, -14, 11, -17, 10, -22, 4, -22, 4, -25, 0, -27, 3, -31, 1, -29, -2, -31, -2, -23, -1, -24, 0, -20, -1, -20, 0, -13, -2, -9, 2, -6, -1, -3, 3, 2, 3, 2, 4, 5, 5, 4, 6, -9, -14, 0, -15, -1, -1, -1, -1, -1, -1, -1, -1, -1, -1, 0, 0, 0, 0, 12, -28, 21, -28, 13, -18, 16, -19, 18, -22, 21, -25, 23, -27, 23, -26, 21, -29, 26, -29, 25, -24, 23, -23, 26, -19, 21, -13, 23, -7, 21, -1, 20, 7, 19, 11, 21, 15, 18, 24, 19, 29, 15, 35, 17, 39, 22, 40, 22, 43, 20, 44, 15, 44, 14, 38]"
rx1,2026-05-02 22:31:30.030,-76,"[97, -112, 5, 0, -11, 10, -9, 3, -6, 0, 1, -8, 2, -14, 4, -18, 5, -22, 6, -24, 5, -29, 5, -32, 2, -29, 5, -29, 2, -29, 3, -25, 1, -21, 3, -15, 3, -8, 3, -4, 3, 1, -2, 8, -3, 14, -1, 19, -3, 21, -5, 20, -7, 20, 0, 0, 0, 0, 0, 0, 0, 0, 0, 0, 0, 0, 0, 0, 0, 0, 0, 0, 0, 0, 0, 0, 6, -2, 12, -1, 20, -2, 25, -5, 26, -4, 29, -6, 31, -6, 32, -6, 32, -8, 30, -8, 28, -7, 23, -7, 19, -7, 11, -2, 4, -3, 1, 1, -5, 7, -11, 11, -14, 13, -21, 19, -24, 22, -26, 22, -24, 25, -25, 26, -24, 25, -20, 24, -1, -1, -17, 16, -16, 12, -14, 10, -11, 5, -10, 3, -10, -2, -10, -4, -9, -7, -7, -9, -8, -13, -7, -13, -9, -14, -10, -14, -9, -15, -6, -17, -7, -15, -7, -11, -6, -8, -6, -9, -4, -7, -4, -3, -6, 1, -3, 3, -4, 2, -3, 4, -3, 5, 2, -11, 6, -10, -1, -1, -1, -1, -1, -1, -1, -1, -1, -1, 0, 0, 0, 0, 17, -6, 20, -4, 13, -2, 15, 1, 19, -1, 21, 0, 23, 2, 23, 3, 24, 5, 23, 4, 23, 6, 23, 6, 21, 7, 17, 9, 14, 9, 11, 12, 6, 12, 1, 14, -3, 16, -4, 17, -8, 20, -14, 22, -14, 25, -17, 24, -16, 24, -19, 27, -18, 26, -16, 21]"
rx1,2026-05-02 22:31:30.189,-76,"[97, -112, 5, 0, 16, 5, 6, 5, 2, 0, -7, 7, -13, 4, -17, 7, -22, 9, -24, 11, -26, 9, -28, 14, -29, 12, -28, 11, -27, 11, -23, 12, -19, 7, -14, 4, -9, 5, -4, 0, 3, 0, 7, -4, 10, -9, 14, -9, 16, -8, 19, -9, 20, -6, 0, 0, 0, 0, 0, 0, 0, 0, 0, 0, 0, 0, 0, 0, 0, 0, 0, 0, 0, 0, 0, 0, -5, -10, -8, -14, -11, -17, -13, -18, -16, -21, -17, -27, -19, -28, -21, -25, -23, -27, -21, -24, -19, -23, -19, -18, -13, -14, -6, -11, -3, -5, 1, -1, 5, 4, 11, 4, 20, 4, 26, 6, 28, 8, 33, 9, 35, 9, 35, 8, 34, 8, 30, 8, -1, -1, 25, 2, 19, 0, 14, 1, 14, 2, 7, 4, 4, 4, 3, 4, 1, 7, -2, 10, -5, 9, -5, 12, -4, 11, -7, 10, -5, 12, -4, 15, -5, 12, -3, 10, -2, 9, 1, 7, 1, 8, 2, 3, 4, 3, 4, 2, 5, 1, 4, 0, 5, 0, -10, 4, -7, 4, 0, 0, -1, -1, -1, -1, 0, 0, 0, 0, 0, 0, -1, -1, -17, -11, -15, -15, -10, -13, -8, -16, -9, -18, -10, -19, -10, -21, -11, -24, -11, -26, -10, -26, -8, -25, -7, -25, -5, -23, -2, -22, -2, -18, 3, -15, 5, -15, 10, -10, 12, -10, 17, -7, 19, -7, 22, -5, 24, -5, 28, -4, 30, -1, 28, -1, 27, -2, 27, 1]"
rx1,2026-05-02 22:31:30.534,-75,"[97, -112, 5, 0, -18, 0, -12, -2, -1, -3, 2, -7, 10, -8, 11, -11, 18, -13, 19, -16, 23, -17, 22, -18, 22, -20, 22, -18, 19, -16, 17, -16, 18, -14, 13, -6, 6, -7, 0, -1, -1, 3, -6, 7, -10, 9, -14, 12, -17, 11, -19, 11, -19, 11, 0, 0, 0, 0, 0, 0, 0, 0, 0, 0, 0, 0, 0, 0, 0, 0, 0, 0, 0, 0, 0, 0, 6, 5, 11, 7, 15, 8, 20, 12, 21, 13, 24, 14, 27, 15, 29, 16, 29, 15, 24, 17, 28, 13, 24, 12, 17, 8, 11, 7, 5, 4, -3, 1, -8, -2, -15, -1, -23, -2, -28, -1, -30, 1, -36, 0, -36, 0, -37, 3, -35, 4, -32, 6, -1, -1, -22, -1, -22, -1, -19, -6, -12, -7, -10, -8, -6, -9, -5, -11, -1, -13, 2, -15, 3, -16, 3, -18, 6, -18, 5, -18, 5, -17, 5, -19, 6, -15, 4, -13, 4, -12, 0, -8, 0, -7, -1, -5, -4, -4, -4, 0, -4, 1, -4, 1, -6, 3, 9, -6, 9, -3, -1, -1, -1, -1, -1, -1, -1, -1, 0, 0, 0, 0, 0, 0, 13, 13, 12, 14, 7, 11, 9, 13, 9, 14, 11, 16, 10, 17, 10, 18, 11, 18, 11, 19, 8, 18, 8, 20, 5, 18, 4, 17, 0, 15, -4, 14, -7, 11, -12, 9, -16, 8, -20, 3, -22, 6, -26, 5, -28, 4, -29, 3, -31, 0, -30, 3, -31, 3, -30, 0]"
rx1,2026-05-02 22:31:30.576,-75,"[97, -112, 5, 0, -12, -12, -7, -5, 1, -3, 5, -1, 10, 0, 15, 3, 23, 7, 26, 5, 29, 4, 28, 4, 30, 5, 30, 5, 28, 4, 21, 5, 20, 3, 14, 3, 5, 0, 1, 2, -6, -1, -11, -2, -14, -2, -19, -2, -18, -4, -21, -6, -20, -8, 0, 0, 0, 0, 0, 0, 0, 0, 0, 0, 0, 0, 0, 0, 0, 0, 0, 0, 0, 0, 0, 0, 1, 10, 3, 15, 3, 17, 4, 21, 4, 27, 9, 29, 6, 31, 8, 32, 7, 33, 7, 31, 9, 28, 8, 21, 4, 19, 3, 12, -1, 9, -4, -4, -8, -6, -9, -12, -15, -16, -18, -19, -22, -22, -24, -24, -26, -25, -27, -24, -27, -22, -25, -20, -1, -1, -17, -19, -14, -17, -9, -12, -7, -13, -3, -12, 0, -11, 5, -9, 8, -9, 10, -9, 10, -9, 13, -9, 15, -8, 16, -9, 15, -7, 13, -9, 14, -8, 11, -7, 9, -7, 9, -6, 3, -4, 1, -4, 0, -5, -3, -3, -3, -2, -4, -2, -5, -2, 9, 3, 5, 5, 0, 0, -1, -1, -1, -1, 0, 0, 0, 0, 0, 0, -1, -1, 3, 19, 1, 18, 0, 15, -2, 17, -3, 17, -4, 19, -4, 22, -4, 23, -7, 23, -7, 24, -7, 23, -9, 22, -7, 19, -12, 14, -12, 14, -12, 9, -14, 4, -17, 0, -18, -4, -20, -9, -19, -11, -22, -12, -23, -15, -25, -17, -26, -18, -25, -17, -22, -19, -24, -19]"
rx1,2026-05-02 22:31:32.387,-76,"[97, -112, 5, 0, 12, 9, 7, 6, -2, 2, -6, 3, -12, 0, -19, 0, -24, -2, -29, 0, -30, -1, -32, -2, -31, -3, -32, 0, -31, -1, -25, 1, -20, -1, -15, -1, -8, -1, -2, -2, 3, -3, 8, -2, 11, -1, 17, -2, 19, 0, 22, 0, 22, 3, 0, 0, 0, 0, 0, 0, 0, 0, 0, 0, 0, 0, 0, 0, 0, 0, 0, 0, 0, 0, 0, 0, -3, -12, -4, -16, -4, -20, -4, -24, -8, -26, -9, -30, -11, -31, -11, -32, -12, -31, -11, -31, -10, -27, -11, -22, -6, -20, -6, -12, -1, -6, 3, 2, 7, 5, 10, 13, 17, 14, 21, 15, 21, 19, 24, 20, 29, 23, 30, 23, 29, 17, 21, 17, -1, -1, 38, 30, 31, 26, 23, 21, 15, 23, 7, 20, -3, 20, -10, 18, -12, 18, -21, 23, -22, 26, -29, 22, -31, 18, -30, 20, -26, 21, -28, 22, -25, 19, -19, 19, -18, 12, -14, 11, -11, 10, -5, 5, 0, 3, 5, 3, 9, 2, 10, -1, 8, 2, -21, -4, -18, -9, 0, 0, -1, -1, -1, -1, 0, 0, 0, 0, 0, 0, -1, -1, -12, -35, -9, -35, -3, -32, -3, -36, 1, -39, 2, -44, 1, -47, 0, -47, 2, -50, 5, -52, 5, -51, 8, -45, 12, -41, 14, -29, 19, -29, 17, -18, 26, -11, 33, -5, 34, 1, 39, 13, 44, 10, 47, 19, 46, 21, 52, 24, 58, 29, 52, 29, 55, 29, 47, 31]"
rx1,2026-05-02 22:31:32.387,-75,"[97, -112, 5, 0, 11, 12, 7, 7, 0, 0, -6, 2, -12, -2, -19, -3, -24, -6, -28, -5, -31, -7, -31, -9, -32, -9, -32, -6, -30, -5, -24, -6, -21, -5, -15, -4, -9, -5, 0, -2, 6, -1, 10, -1, 13, 2, 16, 1, 18, 4, 21, 5, 22, 9, 0, 0, 0, 0, 0, 0, 0, 0, 0, 0, 0, 0, 0, 0, 0, 0, 0, 0, 0, 0, 0, 0, -2, -12, -2, -16, -3, -21, -2, -23, -4, -28, -6, -31, -7, -34, -6, -35, -8, -32, -6, -33, -7, -28, -7, -24, -5, -21, -7, -12, -1, -6, 3, 2, 7, 7, 10, 12, 13, 15, 19, 19, 20, 21, 24, 28, 25, 26, 25, 26, 24, 24, 24, 20, -1, -1, 18, 16, 12, 14, 13, 12, 7, 11, 1, 9, 0, 8, -5, 9, -7, 9, -9, 9, -13, 7, -14, 6, -15, 7, -16, 8, -16, 7, -15, 7, -13, 6, -11, 4, -10, 5, -6, 6, -3, 5, -3, 5, 0, 4, 1, 2, 2, 3, 3, 3, 4, 4, -10, -5, -8, -6, 0, 0, -1, -1, -1, -1, 0, 0, 0, 0, 0, 0, -1, -1, -5, -18, -2, -19, -1, -18, 1, -18, 2, -22, 2, -22, 3, -24, 5, -26, 4, -26, 6, -28, 6, -26, 8, -24, 8, -21, 9, -17, 10, -14, 9, -11, 14, -5, 16, -3, 16, 3, 20, 6, 18, 9, 23, 12, 22, 14, 25, 17, 24, 19, 24, 18, 24, 17, 24, 17]"
rx1,2026-05-02 22:31:32.454,-76,"[97, -112, 5, 0, 1, 15, 0, 9, -4, 0, -3, -5, -6, -10, -7, -16, -10, -23, -13, -23, -12, -29, -13, -28, -14, -29, -14, -27, -12, -24, -12, -23, -8, -21, -5, -15, -1, -7, 0, -2, 4, 2, 4, 7, 4, 13, 5, 13, 6, 21, 8, 21, 6, 22, 0, 0, 0, 0, 0, 0, 0, 0, 0, 0, 0, 0, 0, 0, 0, 0, 0, 0, 0, 0, 0, 0, 3, -9, 7, -13, 9, -17, 13, -20, 15, -23, 15, -27, 17, -28, 18, -29, 16, -29, 16, -27, 13, -27, 12, -21, 10, -16, 5, -12, 3, -4, 2, 1, 0, 8, -2, 16, -3, 22, -3, 25, -6, 30, -1, 31, -2, 34, -3, 34, -2, 36, 1, 33, -1, -1, -2, 22, -3, 17, -3, 14, -6, 10, -5, 8, -8, 5, -9, 1, -11, -2, -11, -2, -12, -4, -13, -6, -16, -6, -16, -8, -16, -5, -14, -6, -13, -7, -12, -5, -10, -4, -8, 0, -8, -1, -6, 2, -4, 4, -3, 4, -2, 4, 0, 6, -2, 5, -2, -11, -2, -9, -1, -1, -1, -1, -1, -1, -1, -1, -1, -1, 0, 0, 0, 0, 11, -16, 13, -17, 9, -12, 13, -12, 14, -13, 16, -14, 18, -12, 19, -15, 18, -17, 23, -14, 21, -13, 21, -11, 20, -8, 18, -6, 15, -2, 14, 1, 13, 6, 11, 8, 9, 14, 9, 18, 3, 22, 4, 24, 3, 27, 2, 30, 3, 28, 0, 28, 1, 29, 0, 27]"
rx1,2026-05-02 22:31:32.836,-76,"[97, -112, 5, 0, -17, 1, -9, -1, -2, -3, 4, -6, 8, -9, 15, -12, 20, -16, 20, -17, 22, -20, 23, -19, 23, -22, 22, -22, 19, -17, 17, -17, 13, -14, 12, -8, 8, -7, 3, 0, -2, 5, -5, 7, -11, 9, -14, 14, -16, 13, -18, 13, -19, 12, 0, 0, 0, 0, 0, 0, 0, 0, 0, 0, 0, 0, 0, 0, 0, 0, 0, 0, 0, 0, 0, 0, 6, 5, 11, 10, 15, 12, 17, 13, 20, 18, 24, 19, 25, 19, 26, 19, 29, 18, 25, 15, 25, 14, 20, 11, 17, 11, 9, 7, 3, 4, -2, 2, -9, 0, -14, 0, -23, -3, -28, -2, -31, 0, -37, 1, -35, 0, -37, 2, -34, 1, -30, 2, -1, -1, -24, 2, -20, 1, -18, -1, -13, -1, -10, -4, -7, -6, -4, -10, -1, -9, 0, -13, 2, -14, 2, -16, 0, -16, 2, -16, 0, -16, 2, -17, 1, -13, -1, -11, 1, -10, 0, -9, -2, -4, -3, -5, -5, -2, -5, -1, -6, 0, -5, 1, -5, 2, 7, -5, 7, -4, -1, -1, -1, -1, -1, -1, -1, -1, 0, 0, 0, 0, 0, 0, 17, 4, 17, 11, 10, 9, 12, 13, 13, 13, 14, 14, 16, 19, 14, 20, 14, 21, 14, 21, 13, 21, 11, 21, 10, 19, 7, 17, 3, 17, 0, 16, -5, 14, -10, 11, -13, 11, -16, 8, -21, 8, -24, 9, -26, 8, -29, 8, -29, 6, -30, 6, -28, 5, -29, 5]"
rx1,2026-05-02 22:31:32.992,-76,"[97, -112, 5, 0, 2, 15, 1, 7, -5, 4, -4, -4, -10, -8, -11, -10, -17, -16, -21, -19, -21, -19, -26, -16, -23, -21, -24, -20, -22, -19, -19, -18, -12, -13, -11, -11, -4, -7, 0, -4, 5, -1, 7, 4, 11, 9, 13, 10, 15, 12, 16, 14, 15, 16, 0, 0, 0, 0, 0, 0, 0, 0, 0, 0, 0, 0, 0, 0, 0, 0, 0, 0, 0, 0, 0, 0, 5, -7, 9, -13, 12, -16, 14, -20, 14, -22, 14, -25, 15, -29, 14, -29, 15, -30, 13, -28, 9, -25, 8, -20, 7, -15, 3, -12, 2, -4, 3, 3, 2, 9, 2, 15, -2, 20, 4, 27, 3, 31, 5, 33, 3, 34, 7, 35, 9, 33, 6, 31, -1, -1, 4, 21, 1, 19, -1, 15, -3, 12, -6, 9, -8, 6, -10, 6, -11, 2, -15, 1, -16, 0, -17, 0, -19, -1, -18, -2, -18, -4, -16, -3, -15, -1, -13, -1, -10, -1, -8, -1, -7, -1, -3, 2, -2, 3, 0, 3, 1, 3, 2, 3, 3, 4, -5, -7, -5, -8, 0, 0, -1, -1, -1, -1, 0, 0, 0, 0, 0, 0, -1, -1, 7, -17, 12, -14, 11, -12, 11, -12, 16, -14, 16, -13, 16, -13, 18, -15, 19, -17, 20, -16, 18, -14, 17, -10, 17, -10, 16, -6, 15, -3, 16, 1, 13, 5, 11, 9, 11, 12, 12, 16, 10, 20, 9, 25, 7, 26, 10, 27, 9, 28, 7, 29, 8, 29, 6, 29]"
rx1,2026-05-02 22:31:33.010,-76,"[97, -112, 5, 0, 10, 11, 5, 6, -3, 3, -8, -1, -12, -4, -16, -7, -23, -8, -26, -11, -28, -10, -30, -10, -30, -10, -28, -9, -26, -7, -25, -9, -17, -8, -15, -7, -6, -3, 0, -1, 4, -2, 9, 0, 11, 1, 16, 3, 18, 5, 21, 7, 20, 9, 0, 0, 0, 0, 0, 0, 0, 0, 0, 0, 0, 0, 0, 0, 0, 0, 0, 0, 0, 0, 0, 0, -4, -10, 0, -17, 0, -18, 1, -24, -1, -27, -1, -31, -1, -33, -4, -33, -4, -34, -7, -34, -4, -28, -4, -22, -3, -18, -3, -12, 0, -8, 4, 1, 5, 7, 10, 12, 11, 15, 14, 22, 20, 25, 21, 27, 21, 29, 21, 25, 22, 26, 20, 21, -1, -1, 13, 19, 10, 16, 8, 14, 3, 11, 2, 9, -3, 9, -6, 6, -9, 5, -13, 7, -14, 7, -15, 4, -16, 4, -15, 4, -18, 5, -16, 5, -13, 3, -12, 2, -10, 4, -7, 3, -4, 5, -3, 3, -1, 1, 2, 3, 2, 3, 4, 3, 3, 1, -8, -8, -7, -7, 0, 0, -1, -1, -1, -1, 0, 0, 0, 0, 0, 0, -1, -1, -3, -19, -1, -19, 0, -17, 2, -18, 4, -18, 6, -20, 7, -22, 7, -24, 8, -25, 7, -25, 9, -24, 8, -21, 10, -20, 12, -14, 11, -10, 11, -7, 12, -5, 15, 1, 17, 4, 18, 9, 18, 9, 19, 15, 20, 16, 21, 18, 22, 22, 21, 18, 20, 22, 19, 19]"
rx1,2026-05-02 22:31:33.653,-76,"[97, -112, 5, 0, 18, 6, 8, 2, -2, 4, -6, 4, -11, 0, -17, 7, -21, 9, -25, 3, -30, 8, -31, 7, -29, 9, -30, 8, -31, 8, -23, 5, -19, 6, -14, 0, -11, 3, -4, -3, 3, -3, 8, -6, 11, -5, 15, -7, 19, -6, 22, -7, 23, -3, 0, 0, 0, 0, 0, 0, 0, 0, 0, 0, 0, 0, 0, 0, 0, 0, 0, 0, 0, 0, 0, 0, -2, -10, -9, -14, -10, -16, -14, -19, -17, -21, -18, -24, -19, -27, -21, -28, -20, -28, -21, -26, -18, -23, -15, -18, -14, -15, -8, -10, -2, -6, 2, 1, 6, 4, 12, 9, 22, 9, 24, 11, 28, 12, 33, 11, 34, 11, 34, 11, 34, 11, 30, 10, -1, -1, 21, 11, 17, 8, 11, 8, 8, 12, 6, 11, 1, 10, -4, 11, -3, 12, -8, 11, -10, 15, -13, 14, -15, 15, -14, 13, -14, 14, -12, 13, -13, 13, -10, 9, -10, 9, -6, 6, -4, 4, -3, 2, -1, 1, 2, 0, 3, 0, 2, -3, 3, -2, -8, -1, -7, -4, 0, 0, -1, -1, -1, -1, 0, 0, 0, 0, 0, 0, -1, -1, -11, -18, -6, -21, -3, -16, -5, -17, -5, -19, -4, -21, -4, -21, -2, -23, -3, -24, -2, -24, -1, -23, 0, -22, 3, -19, 5, -16, 5, -14, 7, -10, 11, -8, 13, -4, 17, -1, 19, 2, 23, 2, 25, 4, 26, 6, 29, 7, 29, 8, 30, 8, 29, 9, 27, 11]"
rx1,2026-05-02 22:31:33.682,-76,"[97, -112, 5, 0, 1, 16, -1, 8, -7, 1, -1, -3, -7, -9, -8, -15, -13, -20, -16, -20, -20, -22, -19, -24, -22, -25, -21, -23, -19, -21, -15, -20, -13, -15, -9, -10, -3, -10, 1, -3, 5, 2, 6, 5, 8, 8, 10, 13, 12, 17, 11, 17, 13, 19, 0, 0, 0, 0, 0, 0, 0, 0, 0, 0, 0, 0, 0, 0, 0, 0, 0, 0, 0, 0, 0, 0, 4, -7, 5, -12, 11, -17, 12, -19, 14, -21, 15, -27, 15, -29, 15, -30, 15, -29, 13, -28, 13, -24, 9, -20, 7, -17, 6, -11, 3, -5, 0, 1, 1, 9, 0, 16, -2, 20, -2, 26, -1, 33, -2, 34, -1, 34, 5, 34, 5, 33, 1, 31, -1, -1, 1, 24, -2, 21, -4, 16, -4, 13, -5, 8, -8, 6, -11, 3, -12, -1, -13, -1, -17, -4, -17, -4, -18, -6, -19, -5, -20, -7, -17, -5, -13, -5, -13, -4, -11, -1, -9, -1, -6, 0, -4, 1, -3, 2, -1, 2, -1, 3, 1, 4, 0, 5, -4, -11, -4, -7, 0, 0, -1, -1, -1, -1, 0, 0, 0, 0, 0, 0, -1, -1, 12, -16, 13, -14, 10, -11, 11, -12, 15, -13, 16, -13, 18, -12, 19, -15, 19, -16, 19, -16, 20, -14, 19, -10, 18, -8, 17, -4, 16, -2, 13, 2, 10, 7, 8, 10, 10, 13, 9, 16, 8, 19, 6, 24, 4, 28, 4, 29, 4, 29, 4, 31, 4, 29, 3, 28]"
rx1,2026-05-02 22:31:33.825,-75,"[97, -112, 5, 0, -14, -10, -7, -7, -1, -3, 4, -5, 12, -1, 15, 1, 19, 3, 23, 3, 28, 5, 29, 2, 29, 3, 30, 1, 27, 2, 21, 3, 17, 1, 15, 3, 6, 2, 1, 2, -7, 1, -11, -1, -15, -1, -18, -2, -19, -3, -20, -3, -22, -7, 0, 0, 0, 0, 0, 0, 0, 0, 0, 0, 0, 0, 0, 0, 0, 0, 0, 0, 0, 0, 0, 0, 3, 8, 4, 14, 4, 15, 6, 22, 8, 23, 9, 27, 14, 28, 10, 29, 14, 29, 13, 26, 12, 23, 11, 17, 7, 16, 4, 10, 0, 4, -4, -3, -7, -7, -11, -12, -14, -15, -21, -18, -24, -19, -25, -19, -27, -21, -29, -22, -29, -18, -25, -18, -1, -1, -34, -33, -25, -23, -20, -25, -15, -21, -5, -21, 2, -20, 8, -17, 14, -17, 19, -19, 27, -15, 25, -22, 28, -14, 31, -17, 29, -15, 26, -15, 23, -15, 24, -12, 16, -12, 13, -11, 5, -7, 3, -8, -4, -6, -6, -8, -8, -6, -9, -4, -10, -5, 20, 4, 12, 11, -1, -1, -1, -1, -1, -1, -1, -1, -1, -1, 0, 0, 0, 0, 11, 33, 5, 37, 1, 29, 1, 29, -2, 33, -2, 40, -3, 41, -1, 43, -2, 46, -7, 46, -8, 43, -7, 37, -12, 32, -14, 28, -17, 23, -21, 13, -26, 9, -30, 0, -33, -7, -37, -14, -40, -19, -42, -20, -47, -25, -47, -28, -51, -32, -48, -31, -48, -34, -46, -34]"
rx1,2026-05-02 22:31:34.219,-75,"[97, -112, 5, 0, 16, 4, 11, 3, 3, 1, -8, 5, -11, 6, -18, 8, -23, 9, -28, 10, -29, 11, -30, 14, -30, 14, -29, 11, -26, 11, -24, 8, -19, 9, -13, 3, -9, 2, -2, -3, 4, -4, 9, -4, 11, -7, 15, -7, 20, -7, 23, -8, 22, -5, 0, 0, 0, 0, 0, 0, 0, 0, 0, 0, 0, 0, 0, 0, 0, 0, 0, 0, 0, 0, 0, 0, -9, -8, -13, -13, -14, -12, -17, -18, -22, -19, -24, -21, -26, -22, -28, -20, -29, -20, -27, -21, -24, -17, -22, -15, -15, -12, -11, -8, -6, -5, 2, 1, 7, 1, 12, 4, 21, 5, 27, 7, 33, 4, 35, 5, 37, 3, 39, 3, 35, 3, 32, 2, -1, -1, 24, 4, 18, 5, 14, 7, 11, 8, 8, 7, 3, 8, 0, 10, -2, 11, -7, 12, -7, 15, -9, 14, -9, 15, -10, 14, -10, 13, -12, 14, -9, 14, -5, 11, -6, 9, -4, 7, -2, 5, 0, 4, 2, 1, 1, 0, 4, -1, 6, 0, 4, -2, -10, -1, -11, -4, -1, -1, -1, -1, -1, -1, -1, -1, 0, 0, 0, 0, 0, 0, -14, -17, -9, -18, -9, -15, -10, -17, -9, -17, -10, -19, -11, -21, -12, -22, -11, -23, -10, -23, -9, -23, -8, -23, -4, -20, -1, -18, 3, -15, 4, -12, 8, -11, 12, -8, 16, -7, 20, -5, 23, -2, 27, -1, 29, -3, 30, 0, 32, 1, 31, 1, 29, 1, 30, 3]"
rx1,2026-05-02 22:31:34.270,-75,"[97, -112, 5, 0, -8, 13, -8, 6, -5, 0, -1, -7, 2, -14, 1, -21, 3, -24, 3, -30, 2, -32, 1, -32, 2, -33, 0, -31, 1, -27, 0, -24, 3, -21, 1, -13, 1, -7, 2, -5, 3, 4, 0, 10, -3, 16, -3, 19, -5, 22, -6, 23, -7, 22, 0, 0, 0, 0, 0, 0, 0, 0, 0, 0, 0, 0, 0, 0, 0, 0, 0, 0, 0, 0, 0, 0, 9, -6, 12, -9, 18, -9, 20, -13, 23, -15, 24, -16, 28, -19, 28, -19, 29, -18, 26, -19, 23, -18, 20, -13, 15, -11, 9, -8, 3, -3, -1, 2, -3, 6, -9, 15, -13, 18, -16, 24, -17, 26, -21, 30, -19, 31, -21, 33, -16, 33, -13, 30, -1, -1, -11, 20, -12, 17, -12, 11, -10, 7, -12, 5, -10, 0, -11, -4, -9, -7, -8, -9, -10, -11, -10, -13, -10, -15, -10, -14, -10, -14, -9, -13, -8, -13, -8, -10, -7, -7, -7, -6, -7, -2, -5, -1, -5, 1, -4, 2, -3, 4, -4, 5, -4, 5, -1, -9, 4, -11, 0, 0, 0, 0, 0, -1, 0, 0, 0, 0, -1, -1, -1, -1, 17, -12, 18, -8, 15, -6, 15, -5, 20, -5, 21, -6, 23, -5, 24, -5, 25, -4, 25, -5, 24, -3, 23, -1, 21, 1, 19, 2, 14, 6, 11, 9, 7, 11, 5, 15, 2, 16, 0, 21, -7, 21, -7, 25, -8, 27, -11, 29, -11, 28, -14, 29, -14, 27, -12, 25]"
rx1,2026-05-02 22:31:34.395,-76,"[97, -112, 5, 0, 14, 6, 9, 6, 0, 1, -8, 6, -13, 4, -18, 4, -22, 6, -26, 6, -30, 7, -32, 10, -31, 8, -29, 7, -29, 9, -21, 7, -19, 4, -15, 2, -6, 2, 0, 0, 5, -2, 9, -6, 11, -7, 17, -8, 20, -8, 20, -5, 22, -3, 0, 0, 0, 0, 0, 0, 0, 0, 0, 0, 0, 0, 0, 0, 0, 0, 0, 0, 0, 0, 0, 0, -7, -10, -8, -12, -9, -16, -13, -21, -15, -24, -19, -25, -20, -26, -21, -27, -21, -26, -22, -25, -19, -23, -16, -17, -12, -16, -9, -10, -3, -4, 3, 1, 7, 5, 12, 7, 20, 6, 25, 9, 30, 10, 30, 11, 35, 12, 33, 11, 32, 11, 31, 8, -1, -1, 24, 7, 18, 6, 15, 7, 11, 6, 7, 8, 4, 9, 1, 9, -2, 10, -7, 11, -9, 12, -10, 12, -10, 14, -11, 12, -12, 13, -9, 12, -9, 12, -7, 9, -5, 8, -3, 7, -2, 6, 1, 2, 2, 2, 3, 2, 4, 0, 4, -1, 5, 0, -9, 0, -8, -3, 0, 0, -1, -1, -1, -1, 0, 0, 0, 0, 0, 0, -1, -1, -14, -16, -11, -19, -8, -16, -8, -17, -6, -20, -7, -21, -8, -25, -8, -25, -7, -24, -6, -25, -5, -25, -5, -24, -1, -23, 1, -20, 3, -16, 6, -12, 7, -10, 14, -7, 16, -4, 19, -2, 21, -2, 24, 0, 27, 2, 27, 2, 32, 4, 29, 5, 27, 5, 29, 6]"
rx1,2026-05-02 22:31:34.606,-75,"[97, -112, 5, 0, -1, 11, -1, 7, -5, 0, -2, -6, -4, -13, -3, -15, -5, -21, -8, -25, -9, -26, -10, -28, -12, -29, -10, -29, -9, -26, -6, -23, -4, -20, -3, -11, -1, -8, 1, -3, 6, 4, 3, 10, 3, 14, 3, 17, 3, 20, 4, 20, 1, 22, 0, 0, 0, 0, 0, 0, 0, 0, 0, 0, 0, 0, 0, 0, 0, 0, 0, 0, 0, 0, 0, 0, 6, -7, 9, -11, 13, -14, 15, -18, 17, -19, 19, -23, 19, -26, 20, -25, 20, -26, 17, -25, 18, -23, 13, -18, 10, -17, 6, -9, 2, -5, 1, 3, 0, 7, -5, 14, -7, 18, -8, 25, -7, 29, -10, 33, -5, 35, -7, 33, -5, 31, -5, 31, -1, -1, -5, 21, -6, 18, -5, 15, -6, 11, -8, 6, -9, 2, -10, 1, -10, -3, -12, -5, -13, -7, -14, -9, -14, -10, -13, -11, -13, -10, -13, -10, -10, -9, -10, -8, -9, -5, -8, -4, -5, 0, -4, 1, -3, 1, -3, 2, -2, 5, -1, 4, -1, 6, 1, -11, 3, -10, -1, -1, -1, -1, -1, -1, -1, -1, 0, 0, 0, 0, 0, 0, 13, -16, 14, -12, 10, -9, 13, -11, 16, -11, 16, -12, 20, -11, 20, -12, 21, -12, 20, -12, 21, -11, 19, -6, 19, -5, 17, -4, 13, 0, 14, 4, 9, 6, 8, 11, 6, 13, 6, 18, 0, 21, 0, 24, 0, 27, -3, 30, 0, 28, -4, 29, -4, 28, -4, 28]"
rx1,2026-05-02 22:31:34.919,-76,"[97, -112, 5, 0, 4, -16, 4, -8, 5, -1, 1, 6, -2, 10, 1, 16, 3, 21, 4, 26, 4, 30, 6, 30, 5, 28, 6, 29, 7, 26, 2, 24, 2, 19, 2, 12, -1, 6, -2, -1, -4, -3, -5, -10, -2, -15, -5, -20, -3, -20, -2, -23, 1, -24, 0, 0, 0, 0, 0, 0, 0, 0, 0, 0, 0, 0, 0, 0, 0, 0, 0, 0, 0, 0, 0, 0, -8, 4, -10, 7, -18, 10, -20, 10, -23, 15, -24, 16, -26, 19, -27, 19, -26, 23, -24, 23, -23, 17, -18, 15, -13, 10, -9, 8, -5, 0, -1, -4, 1, -10, 7, -15, 9, -20, 11, -25, 10, -27, 12, -30, 14, -35, 15, -35, 10, -34, 8, -30, -1, -1, 5, -24, 6, -20, 5, -15, 6, -12, 7, -8, 8, -7, 6, 0, 8, 3, 9, 3, 8, 6, 9, 5, 12, 9, 11, 9, 9, 9, 9, 10, 9, 7, 10, 7, 7, 2, 7, 0, 5, 1, 3, 0, 6, -4, 1, -6, 2, -6, 0, -5, 3, -6, 2, 9, 1, 11, -1, -1, -1, -1, -1, -1, -1, -1, -1, -1, -1, -1, 0, 0, -11, 14, -18, 10, -13, 8, -15, 7, -19, 6, -21, 9, -23, 5, -23, 10, -21, 8, -26, 6, -26, 9, -23, 7, -25, 3, -22, 0, -16, -5, -14, -9, -13, -11, -9, -12, -4, -18, -4, -18, 1, -22, -1, -23, 2, -27, 5, -28, 3, -30, 5, -30, 6, -28, 5, -26]"
rx1,2026-05-02 22:31:34.993,-75,"[97, -112, 5, 0, -12, -11, -6, -8, 2, -2, 7, 0, 11, 5, 16, 5, 23, 9, 26, 9, 29, 9, 29, 12, 29, 10, 27, 9, 26, 9, 22, 7, 19, 5, 13, 7, 6, 1, -1, 0, -7, -2, -12, -4, -14, -4, -18, -6, -20, -9, -20, -14, -21, -15, 0, 0, 0, 0, 0, 0, 0, 0, 0, 0, 0, 0, 0, 0, 0, 0, 0, 0, 0, 0, 0, 0, -1, 12, 2, 15, -1, 20, 2, 24, 4, 26, 4, 31, 4, 32, 5, 33, 6, 32, 8, 32, 4, 28, 6, 20, 4, 19, 2, 11, 1, 5, -7, -5, -7, -9, -11, -15, -16, -19, -19, -25, -20, -28, -23, -29, -25, -29, -26, -29, -25, -29, -22, -25, -1, -1, -16, -19, -10, -18, -9, -14, -4, -13, 0, -12, 2, -9, 5, -6, 9, -5, 13, -7, 15, -7, 15, -6, 17, -4, 16, -4, 18, -5, 15, -6, 12, -5, 10, -3, 9, -6, 6, -5, 3, -4, 2, -5, -2, -4, -4, -4, -5, -5, -5, -6, -5, -6, 9, 1, 6, 3, -1, -1, -1, -1, -1, -1, -1, -1, -1, -1, 0, 0, 0, 0, 0, 19, -5, 19, -3, 15, -4, 18, -6, 19, -5, 19, -6, 22, -7, 25, -8, 24, -9, 24, -11, 21, -7, 19, -13, 16, -10, 13, -13, 9, -13, 5, -14, 0, -17, -3, -17, -7, -18, -9, -21, -14, -22, -18, -21, -20, -22, -20, -24, -23, -22, -24, -21, -23, -20, -24]"
rx1,2026-05-02 22:31:35.217,-76,"[97, -112, 5, 0, 14, 0, 8, 2, 2, -1, -5, 5, -10, 8, -16, 11, -20, 14, -22, 15, -24, 17, -23, 17, -22, 17, -24, 17, -22, 18, -19, 16, -16, 12, -10, 5, -6, 2, -2, 0, 1, -6, 7, -7, 10, -13, 13, -14, 14, -15, 19, -15, 19, -13, 0, 0, 0, 0, 0, 0, 0, 0, 0, 0, 0, 0, 0, 0, 0, 0, 0, 0, 0, 0, 0, 0, -7, -10, -12, -13, -14, -14, -20, -16, -22, -21, -24, -20, -27, -20, -30, -20, -29, -19, -24, -18, -24, -17, -23, -14, -18, -12, -10, -11, -3, -6, 4, -2, 5, 2, 14, 2, 21, -2, 26, 1, 31, 3, 33, 2, 36, 1, 39, -2, 34, 0, 33, -4, -1, -1, 24, -1, 19, -1, 17, 2, 12, 4, 8, 4, 5, 8, 2, 11, 0, 10, -5, 14, -3, 14, -5, 15, -7, 16, -5, 16, -4, 17, -4, 18, -5, 13, -3, 10, -3, 8, -1, 7, -1, 3, 0, 2, 4, 0, 2, 0, 3, -1, 5, -3, 4, -4, -7, 4, -7, 0, -1, -1, -1, -1, -1, -1, -1, -1, -1, -1, 0, 0, 0, 0, -14, -12, -16, -18, -11, -12, -10, -15, -11, -16, -12, -19, -12, -20, -12, -22, -13, -23, -12, -22, -12, -21, -8, -22, -6, -20, -3, -20, -2, -17, 2, -17, 8, -14, 11, -11, 12, -9, 18, -6, 21, -9, 24, -7, 27, -7, 29, -5, 31, -5, 30, -5, 29, -4, 30, -4]"
rx1,2026-05-02 22:31:35.471,-76,"[97, -112, 5, 0, -11, 6, -11, 2, -3, 1, 5, -9, 6, -10, 12, -15, 17, -19, 17, -20, 17, -23, 21, -27, 18, -25, 19, -24, 18, -23, 15, -21, 12, -17, 9, -8, 6, -9, 2, -1, -5, 3, -8, 6, -12, 9, -16, 10, -17, 12, -21, 13, -21, 11, 0, 0, 0, 0, 0, 0, 0, 0, 0, 0, 0, 0, 0, 0, 0, 0, 0, 0, 0, 0, 0, 0, 8, 0, 13, -2, 19, -4, 23, -6, 28, -8, 30, -9, 33, -8, 35, -10, 34, -9, 30, -11, 30, -8, 26, -8, 17, -5, 9, -3, 4, 1, 0, -1, -8, 5, -16, 7, -21, 11, -24, 13, -30, 15, -31, 17, -32, 20, -35, 21, -32, 20, -28, 18, -1, -1, -20, 14, -15, 14, -16, 9, -12, 6, -7, 0, -9, -2, -6, -3, -3, -5, -2, -8, -3, -10, -2, -13, -2, -13, -1, -13, 0, -13, -2, -14, -2, -12, -3, -10, -3, -8, -3, -7, -6, -6, -7, -4, -9, -2, -8, -3, -8, -1, -9, 0, -9, 2, 5, -9, 8, -8, 0, 0, -1, -1, -1, -1, 0, 0, 0, 0, 0, 0, -1, -1, 17, -14, 21, -6, 15, -5, 17, -3, 20, -3, 23, -2, 25, -1, 27, 1, 26, 2, 27, 1, 26, 3, 25, 5, 22, 5, 17, 7, 15, 10, 10, 11, 7, 11, 2, 13, -3, 16, -7, 17, -10, 19, -13, 21, -16, 22, -18, 23, -20, 21, -22, 24, -23, 22, -21, 20]"
rx1,2026-05-02 22:31:35.614,-75,"[97, -112, 5, 0, -1, 12, 0, 5, 0, -3, 2, -10, 2, -15, 1, -21, 0, -25, 1, -33, -1, -33, 0, -33, 0, -31, -1, -33, 0, -28, -1, -25, 0, -17, -3, -13, 1, -6, -2, 1, -1, 6, -2, 11, -6, 17, -8, 18, -9, 20, -11, 20, -13, 21, 0, 0, 0, 0, 0, 0, 0, 0, 0, 0, 0, 0, 0, 0, 0, 0, 0, 0, 0, 0, 0, 0, 4, -11, 5, -14, 8, -21, 9, -24, 12, -27, 11, -30, 12, -33, 10, -36, 11, -32, 9, -32, 10, -29, 10, -22, 6, -19, 1, -12, 0, -3, -1, 4, -1, 10, -1, 17, -5, 23, -6, 27, -7, 31, -6, 36, -7, 36, -6, 38, -4, 33, -8, 30, -1, -1, -3, 22, -3, 18, -3, 15, -4, 9, -4, 5, -4, 1, -7, -1, -8, -2, -5, -6, -7, -10, -7, -8, -8, -11, -11, -12, -10, -11, -8, -9, -8, -7, -9, -7, -8, -4, -6, -1, -8, 0, -7, 2, -7, 5, -5, 3, -8, 5, -7, 6, -8, 6, -1, -9, 4, -8, -1, -1, -1, -1, -1, -1, -1, -1, 0, 0, 0, 0, 0, 0, 2, -20, 6, -20, 6, -16, 8, -16, 11, -17, 13, -17, 14, -20, 15, -20, 15, -21, 16, -21, 19, -19, 18, -16, 16, -14, 18, -8, 15, -5, 14, -1, 13, 4, 11, 9, 8, 14, 8, 16, 5, 22, 4, 25, 3, 25, 3, 27, 2, 30, 0, 31, 1, 29, -2, 27]"
rx1,2026-05-02 22:31:36.051,-74,"[97, -112, 5, 0, 3, 14, 1, 6, -2, 0, -5, -6, -4, -13, -9, -15, -11, -21, -14, -23, -17, -25, -16, -28, -17, -25, -17, -24, -14, -24, -14, -20, -10, -15, -8, -8, -4, -5, 0, 0, 4, 4, 3, 10, 2, 12, 4, 17, 6, 18, 5, 18, 5, 19, 0, 0, 0, 0, 0, 0, 0, 0, 0, 0, 0, 0, 0, 0, 0, 0, 0, 0, 0, 0, 0, 0, 1, -10, 3, -15, 4, -20, 6, -22, 6, -28, 8, -33, 8, -34, 8, -35, 8, -34, 6, -33, 7, -31, 8, -24, 4, -18, 7, -11, 2, -5, 3, 1, 1, 10, 2, 18, 1, 23, 1, 28, 3, 32, 5, 33, 4, 37, 5, 37, 6, 34, 5, 32, -1, -1, 3, 20, 2, 18, 1, 16, -1, 11, -4, 9, -4, 5, -6, 3, -9, 0, -9, -1, -12, -3, -14, -6, -15, -4, -15, -5, -14, -6, -14, -2, -11, -2, -12, -1, -10, 0, -8, 0, -7, 4, -6, 4, -5, 5, -3, 6, -2, 5, -2, 7, -2, 6, -4, -6, -3, -8, 0, 0, -1, -1, -1, -1, 0, 0, 0, 0, 0, 0, -1, -1, 6, -21, 10, -22, 5, -14, 9, -17, 9, -18, 11, -19, 14, -20, 14, -21, 15, -22, 16, -21, 17, -19, 16, -17, 18, -13, 17, -10, 16, -6, 16, 0, 14, 2, 14, 5, 13, 9, 12, 16, 9, 19, 10, 23, 8, 25, 11, 26, 9, 28, 8, 29, 7, 28, 8, 28]"
rx1,2026-05-02 22:31:36.063,-74,"[97, -112, 5, 0, -3, 13, -2, 7, -2, 1, 0, -5, 1, -13, -1, -18, -2, -21, -5, -25, -7, -28, -5, -30, -5, -31, -7, -27, -7, -26, -6, -22, -5, -18, -3, -13, 0, -6, -1, -2, 1, 4, 1, 10, -3, 14, -2, 16, -1, 19, -1, 21, -3, 19, 0, 0, 0, 0, 0, 0, 0, 0, 0, 0, 0, 0, 0, 0, 0, 0, 0, 0, 0, 0, 0, 0, 3, -7, 7, -12, 13, -15, 15, -18, 20, -21, 20, -25, 21, -26, 21, -28, 21, -27, 18, -26, 19, -23, 15, -18, 13, -14, 7, -7, 3, -4, 1, 5, 0, 10, -4, 16, -9, 22, -9, 26, -9, 28, -10, 32, -9, 34, -11, 34, -9, 35, -9, 31, -1, -1, -5, 21, -4, 19, -6, 14, -6, 11, -5, 8, -7, 2, -9, 0, -8, -2, -10, -6, -11, -7, -10, -9, -10, -10, -12, -12, -13, -9, -12, -8, -10, -8, -10, -7, -10, -5, -7, -2, -8, -1, -6, 3, -6, 2, -5, 3, -5, 4, -4, 6, -3, 6, -2, -9, -1, -7, -1, -1, -1, -1, -1, -1, -1, -1, -1, -1, 0, 0, 0, 0, 8, -17, 16, -17, 11, -10, 13, -13, 16, -12, 18, -12, 20, -14, 21, -13, 23, -14, 24, -13, 24, -10, 23, -8, 23, -5, 20, -4, 16, 1, 15, 4, 11, 10, 10, 12, 7, 16, 5, 18, 2, 22, -1, 25, -1, 27, 0, 28, -1, 28, -3, 29, -6, 31, -5, 28]"
rx1,2026-05-02 22:31:36.211,-75,"[97, -112, 5, 0, 10, 6, 4, 1, -3, -5, -6, -7, -8, -14, -13, -16, -16, -20, -19, -22, -24, -22, -23, -23, -21, -19, -21, -18, -18, -19, -15, -16, -12, -13, -12, -8, -4, 0, 0, 3, 1, 11, -1, 11, 0, 15, 0, 16, -1, 20, 1, 22, -3, 21, 0, 0, 0, 0, 0, 0, 0, 0, 0, 0, 0, 0, 0, 0, 0, 0, 0, 0, 0, 0, 0, 0, -13, -5, -15, -6, -20, -11, -24, -15, -25, -17, -29, -18, -28, -21, -31, -22, -31, -22, -27, -23, -23, -18, -18, -16, -14, -11, -7, -6, -2, -1, 6, 4, 11, 10, 16, 12, 19, 18, 21, 19, 27, 23, 29, 24, 26, 23, 27, 23, 26, 23, 22, 16, -1, -1, 33, 23, 20, 26, 16, 20, 7, 17, 2, 11, 0, 4, -8, 1, -11, -1, -19, -3, -22, -3, -22, -2, -25, 0, -25, -4, -27, -2, -21, 0, -23, 1, -18, 3, -16, 11, -14, 12, -14, 14, -13, 14, -10, 17, -9, 18, -13, 14, -10, 19, -11, 17, -13, -12, -6, -8, 0, 0, 0, 0, -1, -1, 0, 0, 0, 0, -1, -1, -1, -1, -37, -33, -23, -32, -19, -24, -22, -28, -23, -33, -24, -38, -22, -41, -25, -43, -23, -46, -17, -43, -16, -43, -9, -40, 0, -38, 4, -32, 10, -25, 16, -19, 25, -9, 32, -5, 39, 0, 39, 9, 39, 17, 43, 21, 46, 23, 53, 30, 48, 32, 47, 28, 43, 35, 41, 29]"
rx1,2026-05-02 22:31:36.415,-75,"[97, -112, 5, 0, 4, -3, -2, -2, -3, 2, -11, 7, -16, 11, -19, 15, -21, 18, -24, 20, -23, 21, -21, 22, -22, 22, -19, 17, -15, 17, -14, 16, -9, 13, -3, 7, -1, 5, 3, 1, 9, 0, 14, -5, 18, -8, 19, -7, 21, -5, 21, -5, 21, -2, 0, 0, 0, 0, 0, 0, 0, 0, 0, 0, 0, 0, 0, 0, 0, 0, 0, 0, 0, 0, 0, 0, -9, 6, -13, 10, -19, 15, -24, 15, -28, 15, -30, 16, -31, 16, -32, 16, -32, 16, -26, 14, -25, 12, -23, 11, -16, 4, -6, 1, 0, -2, 6, -8, 12, -9, 16, -12, 22, -19, 25, -19, 26, -22, 31, -23, 28, -23, 29, -22, 25, -20, 23, -19, -1, -1, 20, -28, 19, -23, 16, -16, 9, -10, 6, -8, -1, -3, -2, 3, -3, 10, -7, 14, -5, 18, -5, 19, -1, 20, 1, 17, 1, 15, -1, 22, 7, 17, 12, 12, 9, 13, 14, 7, 17, 6, 17, 2, 22, 2, 20, 0, 22, 2, 18, 1, 21, 2, 2, 14, -6, 6, 0, 0, -1, -1, -1, -1, 0, 0, 0, 0, 0, 0, -1, -1, -28, 30, -39, 18, -29, 12, -31, 15, -40, 15, -47, 16, -53, 13, -51, 13, -57, 9, -54, 6, -55, 5, -45, -1, -41, -10, -34, -11, -31, -19, -20, -21, -7, -28, -2, -29, 6, -32, 11, -38, 19, -41, 22, -42, 29, -46, 35, -44, 31, -46, 35, -44, 32, -44, 33, -40]"
rx1,2026-05-02 22:31:36.858,-76,"[97, -112, 5, 0, -7, -2, 0, -2, 6, 0, 15, -1, 18, -1, 23, -5, 27, -2, 29, -6, 28, -6, 30, -7, 29, -8, 25, -8, 22, -5, 18, -6, 12, -6, 7, -2, 1, -4, -5, -5, -12, -3, -17, -3, -19, -1, -21, -4, -23, -3, -23, -5, -23, -8, 0, 0, 0, 0, 0, 0, 0, 0, 0, 0, 0, 0, 0, 0, 0, 0, 0, 0, 0, 0, 0, 0, 14, 4, 17, 7, 20, 5, 24, 8, 26, 7, 29, 11, 30, 10, 32, 11, 31, 12, 26, 9, 20, 11, 18, 7, 11, 7, 5, 4, -3, 3, -12, -2, -18, -1, -21, -3, -27, -1, -32, 0, -35, -3, -38, -1, -37, -1, -32, -4, -31, -3, -26, 1, -1, -1, -19, -2, -15, -1, -9, -2, -6, -3, -3, -3, 0, -5, 3, -4, 6, -5, 7, -7, 8, -8, 7, -8, 8, -10, 7, -9, 7, -8, 7, -11, 4, -10, 0, -9, -1, -9, -2, -8, -4, -6, -6, -6, -7, -5, -7, -5, -9, -6, -8, -5, -8, -6, 5, -3, 6, -4, 0, 0, 0, 0, -1, -1, 0, 0, 0, 0, -1, -1, -1, -1, 18, 5, 17, 7, 14, 8, 13, 10, 16, 10, 16, 12, 18, 11, 17, 15, 17, 15, 16, 15, 15, 18, 10, 17, 8, 17, 6, 16, 2, 12, -5, 12, -8, 11, -12, 7, -17, 9, -19, 5, -22, 4, -25, 6, -28, 3, -28, 2, -29, 0, -25, 1, -26, 1, -23, 1]"
rx1,2026-05-02 22:31:37.109,-75,"[97, -112, 5, 0, 1, 3, 3, -2, 4, -8, 3, -15, 4, -21, 2, -25, 2, -27, 1, -32, 0, -32, 1, -31, 1, -29, -1, -27, 0, -21, -4, -20, -3, -15, -5, -11, -3, -2, -6, 3, -6, 7, -9, 11, -13, 13, -15, 16, -16, 16, -17, 18, -16, 16, 0, 0, 0, 0, 0, 0, 0, 0, 0, 0, 0, 0, 0, 0, 0, 0, 0, 0, 0, 0, 0, 0, -3, -10, -3, -17, -2, -24, -3, -27, 0, -30, -2, -30, 1, -35, 1, -34, 0, -32, 2, -32, 3, -26, 4, -19, 2, -11, 1, -5, 0, 3, 5, 7, 0, 14, -1, 22, -2, 25, -2, 30, -1, 34, 0, 38, 0, 35, 0, 33, -1, 30, -1, 27, -1, -1, 2, 15, 0, 11, 0, 7, 0, 5, 0, 1, 2, -2, -1, -3, -3, -7, -3, -7, -4, -9, -3, -8, -5, -7, -7, -11, -7, -7, -9, -6, -7, -4, -8, -3, -7, 0, -10, 2, -8, 4, -8, 4, -10, 4, -11, 6, -10, 6, -11, 4, -9, 5, 2, -6, -2, -4, 0, 0, 0, 0, -1, -1, 0, 0, 0, 0, -1, -1, -1, -1, 2, -19, 1, -21, 0, -17, 3, -17, 4, -19, 5, -21, 7, -20, 7, -23, 10, -23, 11, -22, 11, -20, 13, -18, 13, -13, 12, -9, 13, -5, 13, 0, 11, 4, 13, 8, 9, 11, 10, 18, 6, 19, 6, 23, 7, 25, 6, 25, 4, 24, 4, 25, 4, 23, 3, 21]"
rx1,2026-05-02 22:31:37.139,-76,"[97, -112, 5, 0, 1, 7, 3, -1, 2, -8, 4, -14, 5, -20, 3, -22, 4, -28, 2, -32, 0, -33, 1, -30, 1, -29, 2, -29, -1, -25, -1, -21, -3, -15, -3, -9, -5, -2, -6, 2, -8, 6, -10, 12, -13, 12, -13, 16, -14, 18, -15, 18, -17, 13, 0, 0, 0, 0, 0, 0, 0, 0, 0, 0, 0, 0, 0, 0, 0, 0, 0, 0, 0, 0, 0, 0, -3, -11, -2, -18, -1, -24, 0, -27, -1, -30, 0, -31, 0, -33, 2, -31, 3, -33, 1, -29, 3, -25, 5, -20, 2, -12, 1, -4, 3, 1, 0, 7, 0, 16, 0, 23, 0, 28, -4, 32, -2, 34, -4, 34, -2, 35, -2, 33, -3, 27, -3, 27, -1, -1, -3, 14, -6, 11, -3, 7, -3, 3, -3, -1, -4, -4, -4, -6, -5, -8, -5, -12, -6, -11, -5, -12, -6, -11, -5, -12, -9, -12, -6, -9, -8, -8, -7, -6, -7, -4, -7, -1, -10, 0, -9, 2, -10, 2, -9, 3, -9, 5, -9, 3, -9, 3, 0, -6, 4, -6, 0, 0, -1, -1, -1, -1, 0, 0, 0, 0, 0, 0, -1, -1, 6, -18, 9, -17, 5, -13, 6, -17, 7, -16, 9, -16, 9, -17, 10, -18, 11, -17, 13, -16, 12, -13, 11, -10, 12, -8, 13, -4, 11, 1, 10, 7, 8, 9, 7, 13, 3, 16, 5, 19, 4, 24, 1, 25, 2, 27, -2, 26, 1, 27, -4, 25, -1, 23, -2, 23]"
rx1,2026-05-02 22:31:37.288,-75,"[97, -112, 5, 0, 5, 7, 1, -1, -2, -9, 0, -13, -4, -20, -4, -23, -6, -28, -7, -26, -7, -30, -10, -28, -8, -26, -8, -25, -8, -22, -7, -18, -5, -13, -5, -8, -2, -1, -1, 5, -2, 7, -3, 16, -7, 16, -5, 18, -7, 19, -9, 19, -8, 19, 0, 0, 0, 0, 0, 0, 0, 0, 0, 0, 0, 0, 0, 0, 0, 0, 0, 0, 0, 0, 0, 0, -5, -11, -8, -16, -7, -22, -8, -25, -9, -26, -9, -30, -10, -30, -9, -31, -7, -31, -7, -26, -5, -24, -1, -21, -3, -12, 0, -5, 0, 3, 5, 9, 6, 14, 7, 21, 7, 24, 6, 28, 9, 30, 9, 32, 12, 30, 6, 31, 9, 28, 9, 25, -1, -1, 1, 16, 1, 12, -2, 7, -3, 5, -3, -1, -4, -2, -6, -4, -7, -7, -7, -8, -9, -9, -10, -8, -9, -10, -10, -8, -11, -8, -9, -6, -9, -3, -8, -4, -8, 0, -6, 0, -8, 1, -7, 5, -6, 5, -6, 5, -6, 5, -7, 6, -7, 5, -1, -7, 0, -5, -1, -1, -1, -1, -1, -1, -1, -1, -1, -1, 0, 0, 0, 0, -1, -17, 3, -20, 1, -14, 0, -17, 1, -18, 2, -19, 2, -21, 3, -21, 3, -20, 6, -19, 8, -17, 9, -14, 9, -12, 11, -8, 10, -3, 10, 1, 9, 6, 12, 8, 10, 11, 11, 16, 10, 18, 9, 21, 10, 22, 9, 23, 9, 23, 7, 23, 5, 22, 6, 21]"
rx1,2026-05-02 22:31:37.598,-75,"[97, -112, 5, 0, 4, -4, -2, -1, -8, -1, -11, 3, -18, 4, -20, 10, -23, 10, -25, 8, -28, 14, -27, 14, -24, 14, -22, 13, -18, 14, -16, 10, -10, 6, -5, 4, -1, 4, 4, 2, 8, -1, 12, 0, 16, -5, 20, -2, 20, 0, 20, -1, 20, 1, 0, 0, 0, 0, 0, 0, 0, 0, 0, 0, 0, 0, 0, 0, 0, 0, 0, 0, 0, 0, 0, 0, -10, 3, -16, 3, -20, 6, -24, 6, -27, 5, -29, 5, -34, 5, -31, 4, -31, 5, -28, 2, -23, 3, -20, 1, -13, -1, -6, -2, 1, -5, 8, -4, 15, -5, 20, -8, 26, -11, 28, -11, 32, -11, 31, -12, 31, -11, 29, -11, 25, -10, 25, -10, -1, -1, 13, -8, 11, -7, 5, -5, 5, -3, 1, -1, -1, 1, -2, 3, -4, 3, -6, 5, -7, 7, -6, 9, -5, 8, -5, 7, -2, 10, -2, 8, 0, 6, 3, 5, 2, 7, 4, 5, 4, 5, 7, 4, 8, 3, 10, 2, 9, 4, 7, 2, 7, 3, -5, 4, -4, 1, -1, -1, -1, -1, -1, -1, -1, -1, -1, -1, 0, 0, 0, 0, -15, 6, -17, 3, -16, 2, -18, 1, -20, 0, -21, 0, -23, -3, -23, -2, -25, -4, -23, -5, -22, -8, -21, -9, -17, -8, -13, -11, -9, -10, -5, -13, 0, -13, 6, -14, 9, -13, 11, -13, 13, -16, 17, -17, 19, -16, 18, -14, 20, -15, 20, -12, 19, -14, 17, -14]"
rx1,2026-05-02 22:31:37.882,-75,"[97, -112, 5, 0, 0, 6, 2, -1, -2, -8, 0, -11, -2, -18, -3, -20, -5, -22, -8, -27, -11, -30, -10, -28, -9, -27, -11, -23, -8, -19, -10, -17, -7, -11, -7, -8, -2, -2, 0, 4, 1, 10, 0, 13, -1, 15, -1, 16, -2, 20, -3, 23, -3, 20, 0, 0, 0, 0, 0, 0, 0, 0, 0, 0, 0, 0, 0, 0, 0, 0, 0, 0, 0, 0, 0, 0, 0, -13, 2, -17, 3, -22, 5, -25, 6, -28, 5, -30, 4, -31, 7, -31, 5, -31, 7, -28, 5, -22, 7, -17, 3, -11, 3, -6, 0, -2, 2, 8, 2, 16, 1, 23, -2, 25, 1, 29, 2, 30, 2, 33, 1, 34, 1, 31, 2, 31, 0, 26, -1, -1, 3, 15, 1, 12, 2, 8, 0, 5, -1, 2, -1, -1, -4, -2, -4, -5, -6, -6, -6, -7, -9, -6, -8, -7, -10, -5, -9, -4, -9, -3, -8, -2, -8, -1, -7, 2, -8, 3, -6, 6, -5, 6, -5, 7, -4, 5, -3, 8, -3, 10, -4, 7, -3, -6, -2, -5, -1, -1, -1, -1, -1, -1, -1, -1, -1, -1, 0, 0, 0, 0, 1, -19, 6, -17, 3, -14, 6, -17, 8, -18, 9, -19, 9, -20, 12, -21, 11, -20, 14, -21, 12, -18, 15, -15, 13, -10, 15, -9, 13, -3, 13, 0, 9, 4, 11, 8, 9, 12, 10, 16, 9, 17, 8, 20, 7, 21, 7, 24, 6, 24, 5, 25, 5, 24, 2, 21]"
rx1,2026-05-02 22:31:38.005,-75,"[97, -112, 5, 0, -6, -1, -2, -1, 6, 1, 12, -4, 16, -1, 21, -4, 24, -4, 26, -4, 27, -7, 27, -7, 29, -10, 25, -8, 22, -7, 17, -8, 12, -6, 8, -2, 2, -2, -4, -1, -8, -2, -12, 1, -17, 0, -19, -1, -19, -1, -21, -1, -22, -3, 0, 0, 0, 0, 0, 0, 0, 0, 0, 0, 0, 0, 0, 0, 0, 0, 0, 0, 0, 0, 0, 0, 12, 4, 17, 5, 18, 4, 23, 7, 26, 9, 28, 11, 31, 11, 30, 11, 28, 12, 25, 12, 22, 8, 19, 7, 11, 9, 3, 5, -4, 3, -12, -1, -14, -3, -20, -3, -28, -3, -31, -1, -31, 0, -34, -3, -37, -1, -36, -1, -32, -2, -28, 0, -1, -1, -16, -3, -13, -2, -10, -4, -5, -6, -2, -7, 1, -7, 3, -7, 6, -9, 8, -9, 8, -11, 8, -12, 10, -9, 10, -10, 8, -10, 7, -12, 4, -11, 4, -9, 3, -7, 0, -7, -2, -4, -3, -4, -6, -4, -6, -4, -8, -3, -6, -2, -8, -3, 4, -1, 5, 2, -1, -1, -1, -1, -1, -1, -1, -1, 0, 0, 0, 0, 0, 0, 14, 9, 12, 13, 11, 9, 11, 11, 10, 11, 14, 13, 13, 14, 13, 16, 13, 15, 11, 15, 9, 16, 6, 15, 3, 14, 1, 13, -3, 13, -6, 9, -11, 7, -16, 6, -18, 5, -20, 1, -23, 2, -26, 1, -26, 1, -27, 0, -28, 0, -26, -2, -26, -1, -24, -4]"
rx1,2026-05-02 22:31:38.008,-75,"[97, -112, 5, 0, 8, 3, 0, 2, -8, -2, -14, -1, -18, 1, -20, 0, -26, 1, -28, 3, -30, 3, -29, 5, -27, 6, -25, 7, -21, 7, -19, 5, -14, 6, -9, 0, -3, 3, 4, 2, 7, 0, 13, -1, 17, -3, 18, -2, 19, -1, 20, -1, 21, 1, 0, 0, 0, 0, 0, 0, 0, 0, 0, 0, 0, 0, 0, 0, 0, 0, 0, 0, 0, 0, 0, 0, -11, -7, -12, -10, -18, -11, -21, -14, -23, -16, -25, -19, -26, -20, -25, -20, -24, -18, -23, -18, -21, -17, -14, -12, -10, -13, -3, -7, 1, -3, 8, 1, 14, 3, 21, 6, 26, 6, 29, 6, 30, 7, 32, 7, 34, 8, 31, 6, 31, 5, 23, 4, -1, -1, 15, 2, 13, 1, 9, 4, 5, 4, 1, 4, 0, 3, -3, 3, -7, 4, -8, 7, -9, 8, -10, 7, -9, 9, -8, 10, -7, 9, -7, 8, -4, 8, -4, 7, -2, 6, 0, 7, 2, 5, 5, 3, 6, 3, 6, 2, 7, 1, 5, 2, 7, 2, -7, 0, -7, -1, 0, 0, -1, -1, -1, -1, 0, 0, 0, 0, 0, 0, -1, -1, -14, -11, -14, -14, -11, -12, -12, -14, -13, -16, -12, -16, -14, -18, -12, -20, -10, -21, -10, -20, -8, -21, -8, -19, -4, -19, -1, -16, 2, -16, 5, -12, 9, -11, 13, -8, 16, -6, 19, -3, 23, -2, 24, -1, 26, -1, 24, 1, 27, 2, 24, 1, 25, 1, 22, 3]"
rx1,2026-05-02 22:31:38.269,-74,"[97, -112, 5, 0, 6, 4, 0, 2, -6, -5, -11, -5, -16, -9, -21, -8, -25, -11, -27, -11, -29, -11, -30, -11, -30, -10, -27, -8, -22, -8, -21, -4, -14, -4, -9, -4, -4, 2, 2, 4, 7, 6, 11, 7, 15, 7, 15, 10, 16, 12, 19, 13, 16, 14, 0, 0, 0, 0, 0, 0, 0, 0, 0, 0, 0, 0, 0, 0, 0, 0, 0, 0, 0, 0, 0, 0, -9, -9, -13, -14, -14, -17, -16, -19, -19, -22, -19, -27, -23, -27, -20, -28, -18, -26, -18, -26, -15, -21, -12, -16, -6, -15, -4, -8, 3, -2, 7, 4, 12, 9, 15, 14, 22, 14, 23, 18, 27, 20, 29, 21, 28, 22, 30, 20, 24, 19, 24, 16, -1, -1, 28, 18, 21, 15, 14, 12, 10, 13, -1, 6, -7, 3, -12, 5, -18, 3, -19, 6, -23, 6, -25, 6, -24, 5, -24, 9, -24, 6, -21, 10, -17, 10, -10, 9, -11, 12, -6, 15, -1, 14, 1, 16, 6, 13, 7, 17, 8, 15, 9, 14, 7, 13, -12, -3, -7, -4, 0, 0, -1, -1, -1, -1, 0, 0, 0, 0, 0, 0, 0, -1, -22, -35, -18, -35, -17, -28, -16, -32, -14, -39, -13, -39, -11, -40, -11, -46, -14, -50, -11, -47, -4, -44, 0, -41, 3, -36, 8, -32, 15, -26, 16, -20, 23, -8, 27, -4, 33, 0, 38, 9, 41, 12, 46, 14, 49, 21, 49, 23, 50, 26, 50, 27, 45, 23, 44, 23]"
rx1,2026-05-02 22:31:38.543,-76,"[97, -112, 5, 0, 8, -1, 0, -1, -9, -7, -14, -2, -16, -3, -22, -3, -27, -5, -30, -8, -33, -4, -31, -4, -30, -1, -27, -2, -25, -2, -20, 0, -10, 0, -9, 0, -2, 5, 5, 6, 9, 8, 11, 8, 14, 11, 17, 11, 18, 11, 17, 15, 14, 16, 0, 0, 0, 0, 0, 0, 0, 0, 0, 0, 0, 0, 0, 0, 0, 0, 0, 0, 0, 0, 0, 0, -12, -2, -19, -3, -21, -6, -25, -7, -28, -7, -33, -9, -32, -9, -32, -11, -33, -12, -30, -12, -26, -11, -20, -8, -13, -8, -6, -6, 0, -4, 9, 1, 14, 2, 21, 3, 27, 3, 31, 6, 34, 8, 35, 7, 35, 8, 33, 8, 29, 7, 28, 3, -1, -1, 17, 3, 12, 2, 7, 0, 5, 3, 1, 2, -2, 0, -4, 3, -6, 3, -9, 2, -10, 4, -11, 4, -10, 6, -10, 6, -9, 4, -8, 8, -5, 7, -5, 7, -4, 9, -1, 8, 0, 9, 2, 8, 4, 8, 5, 7, 5, 7, 6, 8, 3, 8, -4, 0, -6, -1, -1, -1, -1, -1, -1, -1, -1, -1, 0, 0, 0, 0, 0, 0, -18, -8, -18, -11, -15, -8, -16, -9, -17, -12, -17, -12, -19, -13, -17, -17, -17, -16, -16, -17, -15, -17, -13, -17, -9, -18, -5, -16, -1, -14, 4, -11, 8, -10, 14, -8, 16, -7, 21, -6, 20, -4, 24, -3, 25, -1, 27, 0, 29, 1, 25, 2, 25, 2, 24, 2]"
rx1,2026-05-02 22:31:38.608,-75,"[97, -112, 5, 0, 2, 6, 2, 1, -1, -9, -1, -12, -4, -18, -6, -23, -8, -27, -9, -31, -9, -29, -11, -32, -9, -29, -12, -27, -9, -24, -8, -18, -6, -14, -6, -7, -4, -2, -2, 4, -2, 11, 0, 16, -3, 18, -5, 20, -5, 21, -5, 23, -5, 21, 0, 0, 0, 0, 0, 0, 0, 0, 0, 0, 0, 0, 0, 0, 0, 0, 0, 0, 0, 0, 0, 0, -4, -13, -3, -14, -1, -22, 0, -25, -1, -29, 0, -36, -2, -34, -1, -34, 3, -34, -1, -32, 2, -28, 3, -20, 1, -13, 2, -5, 1, 0, 2, 8, 5, 17, 4, 21, 5, 25, 6, 33, 4, 35, 4, 36, 6, 37, 4, 36, 7, 30, 5, 26, -1, -1, 6, 14, 3, 11, 2, 8, 4, 4, -1, 2, 0, 1, -3, -4, -3, -4, -6, -5, -6, -8, -8, -8, -8, -8, -9, -8, -9, -4, -6, -2, -8, -2, -8, 0, -8, 2, -7, 4, -7, 7, -6, 7, -5, 7, -5, 9, -6, 8, -5, 9, -5, 9, -5, -5, -3, -5, 0, 0, -1, -1, -1, -1, 0, 0, 0, 0, 0, 0, -1, -1, -2, -17, 0, -21, -1, -16, 1, -18, 4, -21, 5, -21, 5, -23, 8, -25, 6, -25, 9, -23, 11, -24, 12, -21, 12, -16, 13, -12, 13, -9, 13, -4, 14, 2, 13, 5, 11, 10, 13, 13, 12, 17, 13, 22, 10, 22, 10, 23, 11, 24, 10, 25, 9, 24, 9, 22]"
rx1,2026-05-02 22:31:38.851,-76,"[97, -112, 5, 0, 7, -1, 0, 1, -10, -3, -13, 2, -20, 4, -23, 6, -28, 8, -29, 6, -31, 7, -32, 8, -28, 10, -23, 11, -22, 9, -19, 10, -12, 6, -7, 4, 0, 4, 6, 1, 10, -1, 14, -1, 18, -4, 21, -2, 22, -3, 23, 2, 23, 4, 0, 0, 0, 0, 0, 0, 0, 0, 0, 0, 0, 0, 0, 0, 0, 0, 0, 0, 0, 0, 0, 0, -14, -2, -19, -4, -25, -5, -25, -5, -29, -5, -32, -6, -32, -9, -34, -8, -33, -7, -27, -7, -25, -9, -19, -5, -13, -5, -6, -5, 3, -3, 9, -3, 14, 0, 19, 0, 26, -3, 30, -2, 34, -3, 35, -1, 36, -3, 37, -4, 30, -4, 25, 1, -1, -1, 16, -3, 12, -4, 9, -1, 3, -1, 1, 0, -2, 2, -3, 2, -6, 5, -6, 6, -7, 7, -9, 9, -9, 9, -8, 8, -5, 9, -3, 10, -2, 9, 1, 8, 2, 7, 2, 4, 6, 5, 6, 3, 9, 2, 9, 4, 9, 2, 9, 2, 8, 2, -5, 5, -6, 1, -1, -1, -1, -1, -1, -1, -1, -1, 0, 0, 0, 0, 0, 0, -18, -1, -19, -7, -16, -5, -18, -8, -20, -8, -20, -10, -21, -10, -21, -13, -20, -14, -20, -16, -18, -15, -15, -15, -13, -16, -8, -16, -6, -16, 0, -14, 5, -14, 9, -12, 11, -12, 16, -10, 20, -13, 22, -11, 21, -10, 26, -8, 25, -7, 24, -8, 23, -6, 22, -5]"
rx1,2026-05-02 22:31:39.751,-75,"[97, -112, 5, 0, 3, -5, -2, 0, -5, -2, -13, 5, -21, 7, -24, 9, -24, 12, -25, 14, -27, 16, -27, 15, -25, 14, -25, 15, -21, 13, -17, 11, -12, 9, -8, 7, -1, 6, 3, 1, 10, 1, 13, -2, 17, -3, 20, -3, 22, -1, 23, 1, 20, -1, 0, 0, 0, 0, 0, 0, 0, 0, 0, 0, 0, 0, 0, 0, 0, 0, 0, 0, 0, 0, 0, 0, -10, 5, -16, 4, -20, 9, -23, 8, -29, 8, -31, 8, -34, 7, -33, 6, -31, 6, -28, 4, -24, 4, -21, 1, -11, -1, -4, -2, 2, -7, 7, -5, 14, -9, 20, -8, 27, -10, 29, -12, 33, -13, 32, -14, 32, -15, 32, -14, 27, -11, 24, -11, -1, -1, 15, -6, 11, -7, 8, -4, 5, -4, 1, 0, -2, 1, -3, 3, -1, 6, -4, 7, -7, 8, -8, 10, -7, 10, -5, 9, -5, 9, -3, 10, -2, 10, 0, 9, 1, 7, 3, 6, 4, 4, 6, 4, 8, 4, 8, 3, 9, 2, 9, 4, 6, 2, -7, 6, -4, 3, -1, -1, -1, -1, -1, -1, -1, -1, -1, -1, 0, 0, 0, 0, -18, 6, -19, 2, -15, 1, -18, 0, -18, 1, -22, -1, -23, -1, -24, -3, -23, -3, -23, -5, -20, -7, -20, -9, -16, -10, -13, -11, -7, -12, -5, -12, 1, -14, 3, -15, 9, -16, 12, -13, 17, -16, 18, -16, 22, -16, 20, -15, 20, -15, 23, -14, 20, -14, 18, -10]"
rx1,2026-05-02 22:31:39.809,-75,"[97, -112, 5, 0, 0, 4, 1, 2, 2, -8, 4, -13, 2, -18, 1, -23, 2, -26, -3, -31, -3, -32, -1, -31, -3, -32, -2, -28, -4, -24, -6, -20, -2, -12, -5, -6, -2, -2, -1, 4, -2, 11, -7, 16, -9, 17, -9, 18, -9, 21, -10, 22, -10, 19, 0, 0, 0, 0, 0, 0, 0, 0, 0, 0, 0, 0, 0, 0, 0, 0, 0, 0, 0, 0, 0, 0, 1, -13, 4, -16, 7, -21, 9, -25, 10, -29, 11, -32, 11, -33, 12, -30, 13, -30, 13, -27, 11, -24, 12, -15, 6, -11, 3, -6, 1, 4, -1, 8, -2, 16, -2, 22, -7, 27, -8, 31, -7, 33, -6, 35, -7, 36, -4, 31, -5, 31, -4, 25, -1, -1, 2, 16, 1, 13, 0, 10, 2, 5, 0, 2, -1, -2, -4, -3, -2, -6, -2, -7, -6, -8, -4, -7, -8, -9, -9, -9, -8, -7, -7, -5, -7, -4, -9, -3, -9, 1, -7, 3, -8, 6, -9, 6, -8, 7, -10, 6, -7, 7, -7, 9, -8, 8, -4, -7, -2, -7, -1, -1, -1, -1, -1, -1, -1, -1, -1, -1, 0, 0, 0, 0, 4, -19, 8, -17, 5, -15, 7, -15, 10, -18, 13, -18, 14, -19, 15, -21, 16, -19, 16, -18, 18, -15, 17, -14, 16, -10, 15, -6, 13, -3, 15, 0, 12, 6, 10, 9, 8, 14, 7, 15, 4, 20, 4, 24, 1, 25, 4, 25, 2, 27, 1, 25, 2, 24, 0, 20]"
rx1,2026-05-02 22:31:40.247,-75,"[97, -112, 5, 0, 5, 0, -3, 0, -5, 3, -16, 9, -18, 9, -25, 13, -25, 14, -25, 17, -25, 18, -23, 17, -23, 20, -21, 18, -19, 18, -14, 15, -7, 12, -5, 4, -1, 4, 3, 0, 8, -4, 13, -8, 16, -10, 15, -10, 19, -14, 19, -13, 21, -9, 0, 0, 0, 0, 0, 0, 0, 0, 0, 0, 0, 0, 0, 0, 0, 0, 0, 0, 0, 0, 0, 0, -14, -3, -18, -4, -24, -5, -26, -6, -27, -9, -30, -11, -29, -10, -31, -9, -31, -9, -25, -10, -22, -10, -18, -7, -12, -6, -3, -7, 3, -7, 10, -6, 17, -3, 23, -4, 26, -4, 30, -5, 34, -8, 35, -8, 35, -5, 31, -7, 31, -6, 25, -7, -1, -1, 15, -5, 10, -2, 7, 0, 4, 2, 1, 2, 0, 4, -3, 8, -5, 8, -5, 9, -6, 14, -5, 10, -5, 11, -5, 11, -4, 11, -2, 12, 0, 10, 1, 7, 2, 8, 3, 5, 3, 2, 6, 0, 8, 0, 6, 0, 7, -2, 7, -2, 7, -3, -4, 5, -5, 4, 0, 0, -1, -1, -1, -1, 0, 0, 0, 0, 0, 0, -1, -1, -15, -5, -17, -8, -14, -8, -15, -10, -17, -10, -17, -13, -18, -13, -17, -15, -19, -15, -16, -16, -14, -16, -11, -17, -8, -15, -6, -16, -1, -13, 3, -14, 7, -13, 10, -12, 14, -10, 18, -11, 20, -8, 24, -9, 24, -10, 25, -7, 26, -8, 23, -8, 23, -8, 21, -6]"
rx1,2026-05-02 22:31:40.565,-74,"[97, -112, 5, 0, -7, 7, 0, 2, 2, -1, 8, -7, 13, -11, 18, -15, 18, -19, 19, -22, 19, -23, 21, -26, 19, -25, 19, -22, 17, -20, 14, -18, 10, -18, 4, -11, 2, -8, -2, -4, -8, -2, -11, 2, -17, 3, -18, 5, -21, 4, -23, 4, -21, 4, 0, 0, 0, 0, 0, 0, 0, 0, 0, 0, 0, 0, 0, 0, 0, 0, 0, 0, 0, 0, 0, 0, 5, -11, 7, -16, 9, -20, 14, -23, 17, -27, 19, -29, 21, -28, 21, -28, 22, -26, 21, -23, 18, -21, 16, -15, 8, -10, 5, -5, 2, 2, -4, 3, -6, 9, -14, 14, -18, 21, -22, 24, -23, 27, -24, 30, -26, 28, -25, 29, -21, 26, -20, 23, -1, -1, -31, 34, -24, 28, -18, 15, -16, 13, -14, 4, -6, -3, -6, -9, -3, -14, -1, -19, -1, -21, 0, -28, 0, -25, -2, -24, -2, -26, -2, -26, -4, -25, -8, -19, -9, -18, -10, -16, -12, -15, -16, -10, -17, -11, -20, -9, -21, -9, -20, -7, -15, -7, 11, -17, 18, -13, 0, 0, -1, -1, -1, -1, 0, 0, 0, 0, 0, 0, -1, -1, 26, -34, 35, -27, 22, -20, 27, -24, 32, -24, 37, -24, 38, -26, 40, -25, 43, -20, 42, -19, 41, -12, 39, -6, 35, -1, 31, 7, 26, 12, 18, 21, 11, 25, 4, 30, -3, 32, -10, 38, -17, 46, -21, 49, -27, 49, -27, 52, -35, 49, -32, 52, -33, 48, -31, 42]"
rx1,2026-05-02 22:31:40.565,-74,"[97, -112, 5, 0, -10, 3, -3, 2, 3, 2, 10, -4, 15, -5, 18, -8, 22, -8, 23, -10, 25, -13, 23, -14, 25, -13, 23, -13, 21, -13, 18, -11, 15, -9, 8, -6, 3, -7, -2, -5, -8, -1, -11, -2, -16, -1, -18, -1, -20, -1, -21, -4, -20, -4, 0, 0, 0, 0, 0, 0, 0, 0, 0, 0, 0, 0, 0, 0, 0, 0, 0, 0, 0, 0, 0, 0, 8, -6, 14, -7, 18, -8, 21, -11, 26, -9, 29, -10, 30, -8, 30, -8, 30, -9, 28, -6, 27, -4, 20, -3, 14, 0, 6, 0, -1, 2, -8, 3, -14, 3, -18, 5, -25, 8, -28, 10, -31, 11, -33, 11, -33, 12, -33, 11, -28, 10, -26, 11, -1, -1, -16, 10, -13, 8, -11, 6, -6, 4, -4, 2, -2, 1, -1, -2, 2, -4, 2, -5, 2, -7, 2, -9, 3, -9, 2, -9, 1, -9, 1, -11, 0, -10, -3, -9, -3, -9, -5, -8, -5, -8, -7, -5, -9, -6, -8, -6, -10, -6, -9, -6, -7, -7, 3, -8, 6, -7, -1, -1, -1, -1, -1, -1, -1, -1, -1, -1, 0, 0, 0, 0, 16, -12, 16, -7, 14, -5, 16, -4, 18, -4, 20, -3, 22, -2, 23, 0, 23, 1, 23, 2, 22, 4, 21, 5, 17, 7, 15, 7, 11, 11, 6, 13, 2, 13, -3, 13, -7, 14, -10, 14, -12, 15, -16, 17, -18, 16, -20, 16, -21, 15, -22, 15, -20, 14, -20, 15]"
rx1,2026-05-02 22:31:40.636,-73,"[97, -112, 5, 0, -8, -8, -6, -3, 2, 4, 5, 7, 9, 13, 13, 15, 16, 16, 21, 18, 21, 19, 20, 21, 22, 19, 20, 16, 21, 15, 15, 13, 13, 8, 8, 6, 4, 1, -1, -4, -4, -8, -6, -11, -6, -13, -8, -15, -9, -18, -10, -21, -8, -19, 0, 0, 0, 0, 0, 0, 0, 0, 0, 0, 0, 0, 0, 0, 0, 0, 0, 0, 0, 0, 0, 0, 7, 10, 8, 14, 9, 18, 9, 21, 8, 23, 13, 29, 12, 30, 10, 31, 9, 28, 9, 26, 7, 22, 5, 19, 3, 14, 0, 7, -2, 0, -6, -7, -11, -12, -13, -19, -14, -22, -15, -25, -18, -28, -19, -30, -21, -27, -21, -28, -19, -25, -17, -24, -1, -1, -20, -33, -16, -27, -9, -21, -5, -16, 2, -13, 8, -8, 11, -3, 15, -2, 20, -2, 25, 1, 24, 4, 28, 5, 27, 3, 26, -1, 25, -1, 24, -6, 20, -2, 19, -9, 13, -9, 9, -12, 6, -13, 5, -13, 0, -13, 1, -16, -2, -17, -1, -16, 12, 15, 4, 10, 0, 0, -1, -1, -1, -1, 0, 0, 0, 0, 0, 0, -1, -1, 2, 32, -6, 34, 1, 28, 3, 31, -3, 36, -1, 37, -2, 38, -6, 41, -6, 44, -10, 42, -16, 38, -14, 34, -20, 30, -20, 22, -20, 13, -24, 0, -26, -6, -30, -13, -32, -17, -36, -26, -34, -33, -33, -38, -35, -38, -35, -41, -38, -41, -34, -42, -30, -42, -29, -42]"
